query_id,score,corpus_id,original_query,document_text,synthetic_query,assigned_task_type
56627,1,56627,Vervoer Stoffelijke Overschotten,"Deze aanbesteding heeft betrekking op het ‘Vervoer van stoffelijke overschotten (VSO)’.De Opdracht is tweeledig:1. De levering van meldkamerdiensten (Meldkamer-VSO) inzake:a. De coördinatie van Aanvragen voor de uitvoering van (Geconditioneerd) VSO;b. De coördinatie en afhandeling van declaraties en facturen van Vervoerders en Mortuaria .2. De levering van (Geconditioneerd-)VSO:1. Vanaf een vindplaats van een s.o. naar een door de Politie aangewezen locatie. Dit kan zijn een Mortuarium, het NFI (Den Haag) of een onderzoekslocatie ;2. Vanaf een Mortuarium naar het NFI of naar een andere onderzoekslocatie en vice versa).",Aanbestedingen voor geconditioneerd transport en coördinatie van overledenen.,Task_1
136477,1,136477,Doorstroombegeleiding en Jobhunting,"De opdracht ""Doorstroombegeleiding en Jobhunting"" heeft als doelstelling om doelgroepwerknemers uit de sociale economie te helpen de overstap te maken naar een tewerkstelling in het regulier economisch circuit.",Hoe help je doelgroepwerknemers van sociale naar reguliere tewerkstelling?,Task_2
98166,1,98166,Marktconsultatie - Marktconsultatie Bedrijfskleding (verwachte einddatum: 28.6.2019).,"De Gemeente Tilburg bereidt zich voor op een Europese aanbesteding voor het contracteren van een (keten)partner die de productie, implementatie en logistiek verzorgt van de bedrijfskleding, persoonlijke beschermingsmiddelen (PBM) en schoeisel. Er worden verschillende type bedrijfskleding aanbesteed, te weten: Veiligheidsbedrijfskleding; Representatieve bedrijfskleding (kostuums); BOA bedrijfskleding;Voorafgaand aan deze Europese aanbesteding wenst de Gemeente Tilburg relevante input en feedback te vergaren middels een marktconsultatie.Met deze marktconsultatie vraagt de gemeente Tilburg aan de markt:• Om mee te denken en mogelijke oplossingen te geven;• Om innovaties aan te dragen;• Of er interesse is in het inschrijven op een mogelijke aanbesteding;• Om inzicht te geven in kennis en ervaringen door marktpartijen met soortgelijke projecten.",Is er een marktconsultatie voor aanbestedingen van bedrijfskleding en PBM?,Task_3
90786,1,90786,Uitbreiding dagziekenhuis project 6 – Perceel 45: Monitoringsystemen.,"Uitbreiding dagziekenhuis – project 6. Perceel 45: monitoringsystemen : recoverymonitor, microstream CO2 uitbreiding, voorbereidingsmonitor, slavescherm AN-monitor, set specifieke toebehoren OP-zalen, monitoringcentrale met 2 schermen en 17 licenties.",Zoek aanbestedingen voor patiëntbewaking en monitoringapparatuur bij ziekenhuisuitbreiding.,Task_1
12779,1,12779,Riool- en weginspecties.,De gemeente Hoorn is van plan om een dienstverlener voor het uitvoeren van rioolinspectie en -reiniging (perceel 1) en weginspectie (perceel 2) te selecteren en te contracteren. De aanbieder kan een offerte uitbrengen voor één van de percelen of voor beide percelen gezamenlijk. Een offerte voor uitvoering van beide percelen door één inschrijver geniet de voorkeur.De gemeente heeft gekozen voor de Europese openbare procedure. Daarbij mag iedereen naar aanleiding van de aankondiging inschrijven. Wij zijn van plan om aan maximaal één inschrijver per perceel of per gecombineerde inschrijving de opdracht te gunnen en wel aan de inschrijver(s) met de economisch meest voordelige inschrijving.,"Uitleg aanbestedingsprocedure, voorkeur gecombineerde inschrijvingen en gunningscriteria.",Task_2
47639,1,47639,Leveren op afroep van diverse bouw- en andere materialen voor verschillende stadsdiensten.,"Het leveren van diverse bouw- en andere materialen voor de dienst openbare werken van het stadsbestuur van Sint-Niklaas met ingang van 1.1.2013, gedurende een periode van minimum 1 jaar en maximum 3 jaar.",Leveringscontracten voor gemeentelijke bouwmaterialen duren vaak tussen één en drie jaar.,Task_3
92686,1,92686,Tuinonderhoud,De opdracht heeft tot voorwerp het verzorgen van het regelmatig onderhoud van de tuinen van OPZ Geel gedurende een periode van 48 maanden. De opdracht is opgedeeld in 2 percelen. Het eerste perceel omvat het onderhoud van de gazon (inclusief grazige vegetatie). Het tweede perceel omvat het onderhoud van de beplanting.,Aanbestedingen tuinonderhoud 48 maanden met aparte percelen gazon en beplanting,Task_1
45501,1,45501,"Huur digitale afdrukapparaten gemeente, OCMW en politiezone Brasschaat.","Huur digitale afdrukapparaten gemeente, OCMW en politiezone Brasschaat.",Aanbestedingen voor verhuur van multifunctionele printers aan publieke sector,Task_2
50730,1,50730,Marktconsultatie hulpmiddelen.,"Het betreft een uitvraag te doen ter voorbereiding op de voorgenomen aanbesteding ten behoeve van het afsluiten van 1 overeenkomst voor: de huur van Wmo hulpmiddelen voor het onderhouden van het huidige uitstaande, in eigendom van de aanbestedende dienst zijnde Wmo hulpmiddelen ende Wmo hulpmiddelen die door de huidige leverancier Welzorg in verhuur zijn verstrekt.",Overheden huren hulpmiddelen voor maatschappelijke ondersteuning in.,Task_3
99900,1,99900,Levering en onderhoud van AED's,Levering en onderhoud van AED's,Wie levert en onderhoudt apparatuur voor hartreanimatie?,Task_1
61694,1,61694,I&W EA Rijksbrede Aanbesteding Interim-Management en Organisatieadvies,In mei 2019 is de Rijks-brede Aanbesteding IMOA op de aanbestedingstool Tenderned gepubliceerd. De Aanbesteding is april 2020 ingetrokken. De insteek is om in het eerste kwartaal 2021 de Aanbesteding opnieuw te publiceren in de CTM aanbestedingstool. Voordat deze op de markt gezet wordt wil de Aanbestedende dienst zich goed voorbereiden en een aantal onderwerpen met de markt bespreken,Toelichting op ingetrokken aanbestedingen en toekomstig marktoverleg.,Task_2
42774,1,42774,Gemeente Mol : Eéngemaakte Kunstencampus,"Ontwerpopdracht voor de opmaak van een masterplan en de eerste, tweede en derde fase van het project ‘Eéngemaakte Kunstencampus’ op de site De Zwaan",Masterplannen voor geïntegreerde kunstencampussen worden vaak in fasen uitgevoerd.,Task_3
21065,1,21065,AI 2016-225 Damwanden en verankeringen eiland 1 en 3 Houthaven gemeente Amsterdam,Het aanbrengen van damwanden en verankeringen opeiland 1 en 3 in de Houthaven in de gemeente Amsterdam.,Welke aanbestedingen zijn er voor damwanden en verankeringen bij eilanden?,Task_1
93053,1,93053,57/52/3/18/032 - Area North-West - Omvorming van spoorinfrastructuur - Raamovereenkomst,"De opdracht bestaat hoofdzakelijk uit:Hoofdzaak:— De opbraak en aanleg (vernieuwen) van spoortoestellen in hoofd- en bijspoor,— De opbraak en aanleg (vernieuwen) van spoorstaven, dwarsliggers en ballast in hoofd- en bijspoor.",Wat zijn de belangrijkste werkzaamheden bij vernieuwen van spoorinfrastructuur?,Task_2
11525,1,11525,Raam overeenkomst bemeten en reinigen koelvloeistoffen.,"Het periodiek uitvoeren van kwaliteitsmetingen aan en zo nodig reinigen van de koelvloeistoffen van metaalbewerkingsmachines welke in gebruik zijn bij de Defensie onderdelen, inclusief het aan en afvoeren van de benodigde koelvloeistof en reinigingsmiddelen.",Bevestigen aanbestedingen periodiek onderhoud koelvloeistoffen productiemachines overheidssector?,Task_3
77281,1,77281,Proteïne interactie detectie systeem,"De Universiteit Utrecht wil weten wie in staat is een 'proteïne interactie detectie systeem' te leveren, conform de opgegeven technische specificaties.",Welke leveranciers bieden een systeem voor eiwitinteractie detectie aan?,Task_1
65387,1,65387,Marktconsultatie — AT-2020-17: marktgesprek toekomstige contracten van de Kustlijnzorg suppletiewerken (verwachte einddatum: 15.6.2021),AanleidingHet programma Kustlijnzorg binnen Rijkswaterstaat besteedt de suppleties langs de Nederlandse kust aan volgens een in 2010 vastgestelde inkoopstrategie met bijbehorende contract en organisatie. Toekomstige ontwikkelingen zoals duurzaamheid en mogelijke innovaties vragen ons om de huidige wijze van inkopen en contractering te herijken. Als aanloop daarnaartoe heeft het programma Kustlijnzorg in 2019 het voornemen kenbaar gemaakt om over te gaan op een andere contractvorm en -voorwaarden.Op woensdag 1.7.2020 houdt het projectteam een eerste (digitale) bijeenkomst (plenaire bijeenkomst met presentatie huidige inkoopstrategie).,Herziening inkoopstrategie kustbescherming duurzaamheid innovatie contractvormen,Task_2
85794,1,85794,PGO - Verlenging overeenkomst PGO Dordrecht-1,"De aanbesteding vindt plaats als een niet-openbare procedure op grond van het ARN2016 Deel II alsmede de Europees als oproep tot mededinging gepubliceerde Erkenningsregeling ProRail (EP2019), branchedeel Onderhoudsaannemers. 

 ProRail beheert de Nederlandse spoorweginfrastructuur. Dit beheer valt uiteen in uitbreidingsprojecten en onderhoud. ProRail maakt voor wat betreft het onderhoud onderscheid naar dagelijks onderhoud (functiehandhaving en functieherstel) en grootschalig onderhoud en grootschalige vernieuwing van de infrastructuur. 12 maanden verlenging van ""PGO Dordrecht-1""",Niet-openbare procedures worden gebruikt voor onderhoud van spoorinfrastructuur.,Task_3
61236,1,61236,Marktconsultatie - AT/2020/10: marktconsultatie Kentekenonderzoeken,"Deze marktconsultatie dient om relevante informatie over Kentekenonderzoeken te krijgen. Deze informatie kan worden gebruikt voor een eventuele aanbesteding. Rijkswaterstaat (RWS) beoogt, meer inzicht te krijgen in deze specifieke markt; meer inzicht te krijgen in de ervaring van de markt m.b.t. de onderwerpen zoals duurzaamheid; meer inzicht te krijgen in de (on)mogelijkheden van de marktpartijen; meer inzicht te krijgen in de marktontwikkelingen, trends en innovatieve oplossingen.RWS benadrukt dat er aan deze marktconsultatie geen rechten kunnen worden ontleend. Verkregen inzichten uit de marktconsultatie gebruikt RWS (waar relevant): in de voorbereiding van een eventuele aanbesteding, RWS behoudt zich het recht voor om deze inzichten niet of niet volledig te gebruiken, RWS probeert zo transparant mogelijk te werk te gaan, door algemeen verslag van de marktconsultatie te sturen naar de deelnemende partijen.",Welke marktinzichten zijn er voor aanbestedingen voertuigidentificatie en duurzaamheid?,Task_1
58609,1,58609,Raamovereenkomst voor het verzorgen van cateringdiensten in het Vlaams Parlement.,"Het Vlaams Parlement wil overeenkomstig artikel 32 van de wet Overheidsopdrachten een raamovereenkomst afsluiten met één deelnemer voor het verzorgen van cateringdiensten in het Vlaams Parlement.Aansluitend op de gunning van de raamovereenkomst plant de aanbestedende overheid over te gaan tot de gunning van volgende deelopdrachten:1. het uitbaten van het zelfbedieningsrestaurant;2. het uitbaten van het à la carte restaurant De Daktuin;3. het beleveren van de kitchenettes met diverse dranken, fruit, koekjes, enz.4. het verzorgen van de interne catering, zijnde het leveren van diverse bereide gerechten (koude schotels, buffetten en broodjes, enz.) en dranken aan het bezoekerscentrum De Loketten, vergaderzalen in de parlementsgebouwen, enz.;5. het verhuren en onderhouden van koffieautomaten en het leveren van koffie.Daarnaast kan de aanbestedende overheid in de loop van de raamovereenkomst overgaan tot de gunning van andere deelopdrachten inzake catering, zoals bijvoorbeeld het verzorgen van recepties, walking dinners, evenementen, feestelijkheden, …De aanbestedende overheid verbindt zich niet tot de plaatsing van alle of bepaalde van de hier vermelde deelopdrachten.",Welke cateringdiensten omvat een raamovereenkomst voor overheidsgebouwen?,Task_2
78722,1,78722,Specialist kwijtschelding,Vanaf februari 2015 zijn wij op zoek naar een Specialist kwijtschelding. ,Bevestigen aanbestedingen de behoefte aan kwijtscheldingsexpertise?,Task_3
133288,1,133288,Onderhoudswerkzaamheden aan boord van ms Wielingen,Onderhoudswerkzaamheden aan boord van ms Wielingen,Welke bedrijven bieden onderhoudswerkzaamheden aan voor vaartuigen?,Task_1
120974,1,120974,"Vervanging van componenten van conferentiezalen van Defensie, aangevuld overeenkomst voor onderhoud van audiovisueel materieel van betrokken conferentiezalen (1SD800).",Vervanging van componenten van conferentiezalen van Defensie en onderhoud van audiovisueel materieel van betrokken conferentiezalen (1SD800).,Zoek aanbestedingen voor modernisering audiovisuele systemen in vergaderzalen.,Task_2
61272,1,61272,Europese aanbesteding Op- in- en uitbouw Videoregistratie Onopvallende Surveillance voertuigen,"De opdracht is het realiseren van compleet op- en ingebouwde videoregistratie onopvallende surveillance voertuigen voor alle eenheden, inclusief storingsopvolging en reparatie aan op- en inbouwapparatuur en materialen. Hierna te noemen VROS-voertuigen. Tot deze opdracht behoort ook het uitbouwen van de systemen uit de ingebouwde voertuigen en in de nieuw aangeschafte voertuigen weer in te bouwen. Hiermee wordt bedoeld het uitbouwen van nog werkbare systemen uit de afgeschreven voertuigen in de nieuwe voertuigen.",Aanbestedingen voor hergebruik van bestaande systemen in voertuigen.,Task_3
39380,1,39380,Schoonmaakonderhoud en glasbewassing Radboud Universiteit Nijmegen.,De huidige overeenkomst met betrekking tot het schoonmaakonderhoud en glasbewassing eindigt binnenkort waardoor er behoefte aan een nieuwe overeenkomst ontstaat. De Radboud Universiteit wil door middel van een Europese Openbare aanbesteding met 1 leverancier een overeenkomst afsluiten. Bij deze aanbesteding maakt de Radboud Universiteit geen onderverdeling in percelen. Daarnaast kiest de Radboud Universiteit voor een ander wijze van benadering van het schoonmaakonderhoud middels een resultaatgericht contract.,Zoek aanbestedingen voor resultaatgericht schoonmaakonderhoud en glasbewassing,Task_1
65436,1,65436,Sportaccommodatievervoer,"Dit is een gezamenlijke aanbesteding van de gemeente Venlo en de gemeente Venray.Sportaccommodatievervoer per touringcar voor het reguliere basisonderwijs, speciaal onderwijs en speciaal voortgezet onderwijs.Het gaat om vervoersbewegingen van school naar de sportaccommodatie en van de sportaccommodatie terug naar school.",Uitleg gezamenlijke aanbesteding sportvervoer leerlingen onderwijs touringcar,Task_2
30108,1,30108,EA Schoonmaakdienstverlening en glasbewassing,De dienstverlening wordt uitgevoerd op de campus van het Deltion College in Zwolle. Het totaal aantal vierkante meters in onderhoud bedraagt circa 77.000 m2 schoonmaakonderhoud en 76.000 m2 glasbewassing.De scope van de opdracht omvat de volgende werkzaamheden:- Het verzorgen van reguliere en periodieke schoonmaakwerkzaamheden;- Het verzorgen van glasbewassingdienstverlening;- Het uitvoeren van extra (specialistische) werkzaamheden op afroep.Deltion College wil na gunning van de opdracht een overeenkomst sluiten met één inschrijver voor een periode van drie jaar met de mogelijkheid om zes maal te verlengen voor een periode van één jaar.,Bevestigen aanbestedingen door onderwijsinstellingen gecombineerde schoonmaak en glasbewassing?,Task_3
133168,1,133168,"Projectbegeleiding, opmaak masterplan en opstellen ontwerpen voor LSM-project „ALKEN2020 Valley”.","Opdracht nr. 2015/028: De opdracht omvat de volledige trajectbegeleiding (opmaak masterplan, GRUP en ontwerpen) voor de uitwerking van het LSM-project nr. 309 voor de verbetering van het publieke domein rond De Alk:„ALKEN2020 Valley”.De opdracht omvat de opmaak van een visie-masterplan, en GRUP en tevens de opmaak van alle noodzakelijke ontwerpen voor de realisatie van het project.Het project bestaat uit de vernieuwing en de uitbreiding van de omgeving rond het bestaande recreatiedomein „De Alk”. Het projectgebied van Alken 2020Valley strekt zich uit over het volledig sport- en recreatiedomein „De Alk”, uitgebreid met de huidige parking „Sporthal”, het gebied met de Dorpsmolen, het binnengebied RUP Centrum IV, het plein „Laagdorp” en het huidige gemeenschapscentrum „Taeymans” met voorliggende kapelanijen.Met het project wil de gemeente Alken o.a. onderzoek uitvoeren naar de eventuele realisatie van het bij LSM ingediende project in verband met de uitvoering van verschillende deelprojecten binnen het projectgebied.Het is een opdracht voor aanneming van diensten conform de vigerende wetgeving op de overheidsopdrachten:Het studiebureau is als trajectbegeleider tevens belast met de opmaak of aanpassing van een Gemeentelijk Ruimtelijk Uitvoeringsplan (GRUP) dat de realisatie van het project mogelijk moet maken.Tevens omvat de opdracht de leiding, de planning en coördinatie tijdens de programma-, ontwerp- en uitvoeringsfasen, en de begeleiding van de aanbestedingsprocedure(s). Het zal tevens instaan voor een kwaliteitscontrole gedurende het hele proces en bewaking van het budget en het zoeken naar financiering door subsidies en toelagen. Bovendien zal het bijstand verlenen aan de opdrachtgever gedurende de opleveringsprocedures.",Gezocht: projectbegeleiding voor herontwikkeling publiek domein inclusief ontwerp en uitvoering.,Task_1
75624,1,75624,Marktconsultatie bureaustoelen.,De aanleiding van onderhavige aanbesteding is de behoefte en het voornemen van opdrachtgever om op korte termijn de huidige bureaustoelen te vervangen. Daarnaast wenst opdrachtgever te beschikken over een rechtmatig verworven overeenkomst die ook voorziet in het onderhoud van de aangeschafte bureaustoelen en de mogelijke toekomstige behoefte (gedurende de looptijd van de overeenkomst) aan bureaustoelen.Zie de offerteaanvraag voor meer informatie.,Tender voor nieuwe bureaustoelen met service en uitbreidingsmogelijkheden,Task_2
24593,1,24593,EA medische voorraadinrichting.,Aanbestedende dienst wilt een contract aangaan met een leverancier voor de levering en plaatsing van medische voorraadinrichting.,Aanbestedingen voor inrichting en plaatsing van medische opslagsystemen.,Task_3
104580,1,104580,Toegangscontrolesysteem,Het leveren en installeren van online draadloos toegangscontrolesystemen.,Wie kan online draadloze oplossingen voor toegangsbeheer leveren?,Task_1
34962,1,34962,Bestek 980-4 Revitalisering Verheulsweide 4e fase.,"Het werk bestaat in hoofdzaak uit:a. verkeersmaatregelen,b. opruimingswerk,c. grondwerk,d. rioleringswerk,e. elementenverhardingen,f. asfalt werkzaamheden,g groenvoorzieningen,h inrichtingswerkzaamheden.","Welke soorten werkzaamheden zijn onderdeel van een grond-, weg- en waterbouw project?",Task_2
38740,1,38740,Aanbesteding Wegenzout Twente Milieu NV.,"Twente Milieu NV te Enschede zet mede voor de Gemeente Almelo, Borne. Enschede en Hengelo de Europese aanbesteding voor wegenzout in de markt. Twente Milieu NV is in dit geval de Aanbestedende dienst omdat Twente Milieu NV zorg draagt voor de inkoop van Wegenzout. De gemeenten zijn in deze de opdrachtgevers.",Aanbestedingen waar een externe partij strooizout voor gemeenten inkoopt.,Task_3
15173,1,15173,De financiering van investeringen.,De financiering van investeringen.,Hoe regel ik de financiering van nieuwe investeringen?,Task_1
20608,1,20608,Openbare Europese aanbesteding vakliteratuur.,"De onderhavige opdracht heeft betrekking op de levering en beheer van vakliteratuur van de gemeente Nijmegen en alle aanvullende werkzaamheden die hiermee gepaard gaan, waaronder: — het leveren, beheren en verzorgen van de vakliteratuur (boeken, e-books, abonnementen op kennissystemen/databanken, tijdschriften, losbladige uitgaven, dag- en weekbladen indien beschikbaar individuele artikelen uit tijdschriften en/of dagbladen, serie- en vervolgwerken en elektronische publicaties, incl. het verzorgen van naleveringen); — het aangaan, verlengen en/of opzeggen van abonnementen; — het wijzigen van abonnementsgegevens; — het bestellen van éénmalige uitgaven; — de registratie en afhandeling van orders (verwerken van bestellingen, annuleringen, ontvangst-registratie, rappelleren, verwerken mutaties); — het controleren en betalen van facturen aan de uitgevers en de verzorging van de centrale facturering aan opdrachtgever; — het periodiek leveren van managementinformatie; — leveren van inhoudelijke kennis over beschikbare informatiebronnen; — beschikbaar stellen van een digitale bestel- en beheeromgeving; — helpdeskfunctie voor het bestelsysteem; — informatieverstrekking en advisering over toekomstige ontwikkelingen in de markt, de mogelijkheden om papieren abonnementen door digitale abonnementen te vervangen, de aanschaf van (juridische) online kennissystemen en een digitale portal met integrale zoekfunctie; — de annuleringsmogelijkheden van abonnementen en de attendering van de opzegtermijnen door opdrachtnemer; — overname en overdracht van het (administratief) beheer van het totale bestand aan vakliteratuur bij de wisseling van opdrachtnemer.",Welke ontwikkelingen beïnvloeden het beheer van digitale vakliteratuur?,Task_2
116729,1,116729,Ketelreiniging 2021-2022,"Ketelreinigingswerkzaamheden op de drie lijnen in de huisvuilverbrandingsoven IVBO te Brugge.Deze opdracht bevat vier percelen met geplande en niet geplande uitvoeringen:— perceel 1: offline-veiligheidsreiniging,— perceel 2: stellingbouw,— perceel 3: natte ketelreiniging,— perceel 4: online-veiligheidsreiniging.De aandacht van de inschrijver wordt erop gevestigd dat er toepassing kan gemaakt worden dat dezelfde werken in 2023 via onderhandelingsprocedure worden toegewezen aan de aannemer die de eerste opdracht kreeg.",Aanbestedingen die aantonen dat ketelreiniging via onderhandeling wordt verlengd?,Task_3
56057,1,56057,Transport en Opslag Museale Objecten,"De opdracht heeft betrekking op het transport (het uithuizen) van museale objecten uit diverse gebouwdelen binnen het complex van Paleis Het Loo en de tijdelijke opslag van een deel daarvan in een extern depot, ten behoeve van de werkzaamheden die zullen plaatsvinden in het kader van de renovatie van Paleis Het Loo en de realisatie van de ondergrondse uitbreiding.",Aanbestedingen voor verhuizing en tijdelijke opslag kunstobjecten tijdens verbouwing.,Task_1
127861,1,127861,EA_Schoonmaakdienstverlening_2014_Stichting Stedelijk Dalton Lyceum Locatie Kapteynweg.,"Stichting Stedelijk Dalton Lyceum Dordtrecht is voornemens Schoonmaakdienstverlening in te kopen voor de Locatie Kapteynweg. Het doel van deze Europese aanbesteding is te komen tot een Overeenkomst met 1 Opdrachtnemer voor de Schoonmaakdienstverlening aan Stichting Stedelijk Dalton Lyceum Dordrecht. Deze opdracht wordt gegund aan de Inschrijver die, de economische meest voordelige inschrijving heeft uitgebracht. Meer informatie over deze Europese aanbesteding treft Inschrijver aan in de Gunningsleidraad, Vragenlijsten en prijslijst.",Europese aanbesteding schoonmaakdiensten: selectiecriteria en benodigde informatie,Task_2
62348,1,62348,Aanpassingen RWZI Tilburg,Het doel van deze aanbesteding is om één opdrachtnemer te contracteren middels een Raamovereenkomst. Binnen deze Raamovereenkomst worden in de komende jaren meerdere bouwteamovereenkomsten afgesloten met deze opdrachtnemer. In iedere bouwteamovereenkomst zal een opdracht c.q. project nader worden uitgewerkt. De opdrachtnemer krijgt daarbij de mogelijkheid om na de bouwteamfase als eerste en enige een aanbieding te doen voor de realisatiefase van deze opdracht.,Kan een opdrachtnemer exclusief de realisatiefase uitvoeren na ontwikkelingsfase?,Task_3
19865,1,19865,Landelijk — seizoensdiensten locomotieven.,"Het leveren van seizoensdiensten (ontijzel- en sanditeritten) voor ProRail gedurende de winterseizoenen, start eind 2016.",Aanbestedingen voor winterdiensten: ontijzelen en gladheidsbestrijding spoorwegen.,Task_1
62349,1,62349,Ondersteunende dienstverlening bij Europese subsidietrajecten,"Europese aanbesteding voor ondersteunende dienstverlening bij Europese subsidietrajecten. Het Bureau Beleidscoördinatie en Advies van de provincie Zuid-Holland adviseert en begeleidt aanvragen vanuit de provincie Zuid-Holland van Europese subsidies en de uitvoering van projecten die met Europese subsidies worden gerealiseerd. Bij de begeleiding en uitvoering van Europese subsidietrajecten is er behoefte aan de inhuur van expertise en extra capaciteit. De werkzaamheden bestaan voornamelijk uit het direct informeren over Europese subsidies, schrijven van projectvoorstellen, aanvragen van Europese subsidies en ondersteuning bij de uitvoering van Europese subsidies niet zijnde het inhoudelijke gedeelte.",Welke ondersteuning is nodig bij Europese subsidieaanvragen en projectuitvoering?,Task_2
72298,1,72298,"Overheidsopdracht betreffende het preventief, correctief en opvolgingsonderhoud voor de onbemande vliegtuigen ('UAV': Unmanned Aerial Vehicle) van de Luchtcomponent, alsook technische steun, de verwerving van wisselstukken en gereedschap.","Overheidsopdracht betreffende het preventief, correctief en opvolgingsonderhoud voor de onbemande vliegtuigen ('UAV': Unmanned Aerial Vehicle) van de Luchtcomponent, alsook technische steun, de verwerving van wisselstukken en gereedschap.",Bevestigen aanbestedingen uitbesteding preventief onderhoud onbemande vliegtuigen?,Task_3
40533,1,40533,215. - DICT - Senior Netwerkbeheerder,"Gemeente Amsterdam heeft regelmatig behoefte aan externe inhuur van diverse expertise en capaciteit. Gemeente Amsterdam nodigt geïnteresseerde Ondernemers voor de vakgebieden uit om zich te registreren op het CTM platform en aan te melden voor het platform Externe inhuur. Ondernemers kunnen zich aanmelden voor één of meerdere vakgebieden binnen. Zodra gemeente Amsterdam behoefte heeft aan externe inhuur, wordt de offerteaanvraag in het platform Externe inhuur uitgezet. Ondernemers kunnen zich aanmelden voor de het platform Externe inhuur conform de minimaal gestelde eisen. Aan de toelating kan geen recht op opdrachten worden ontleend. Het platform Externe inhuur wordt als pilot voor een jaar ingesteld om tijdelijk extern personeel in te huren voor Stadsdeel West, Stadsdeel Zuid, Dienst Werk en Inkomen (DWI) en Dienst Infrastructuur Verkeer en Vervoer (DIVV). Op termijn kunnen andere vakgebieden en/of gemeentelijke organisaties worden toegevoegd.Het platform Externe inhuur voor externe inhuur heeft betrekking op functies in de volgende vakgebieden (onder voorbehoud van ontwikkelingen/uitbreidingen): - Facilitair - HRM - Inkoop - Juridisch - Communicatie - Bedrijfskundig - (Bouw) technisch - Beleid - Interim management - Organisatie Advies - Sociaal Domein (-Klantmanagers - inkomensconsulenten - Budgetconsulenten - Projectconsulenten - Handhavingspecialisten - Algemeen medewerkers Voorzieningen).",Welke expertisegebieden zoeken gemeenten voor tijdelijke externe capaciteit?,Task_1
73099,1,73099,Inspecteurswerkzaamheden calamiteiten en gladheid.,"De provincie Noord-Brabant wil met 1 leverancier, een raamovereenkomst afsluiten voor het uitvoeren van de volgende onderstaande dienstverlening:— de coördinatie en afhandeling van calamiteiten buiten kantooruren (dus ook op zaterdagen, zondagen, feestdagen en brugdagen (maximaal 7 collectieve vrije dagen per jaar rondom de feestdagen);— de controle tijdens en na curatieve gladheidsbestrijding;— het schouwen van de provinciale wegen op mogelijke gladheid op verzoek van de gladheidscoördinator.",Informatie over aanbestedingen voor calamiteitenafhandeling en gladheidsbestrijding buiten kantooruren.,Task_2
36592,1,36592,Oplossing Document Management en Record Management,"De gemeente Amersfoort zoekt een prestatiegerichte contractpartij die zorg draagt voor het implementeren en onderhouden gedurende maximaal 10 jaar van een goed werkende Oplossing voor Document Management (DM) en Record Management (RM) ten behoeve van demedewerkers van de gemeente Amersfoort.Gezien het hoge belang van de kwaliteit van de te bouwen oplossing zal deze aanbesteding worden uitgevoerd met toepassing van de Best Value Procurement (BVP) methodiek, ook wel Prestatie-inkoop genoemd. Hierbij stelt de aanbesteder een functioneel gespecificeerde uitvraag op.De inschijvers tonen in hun Inschrijvingen aan door een beschrijving van hun oplossing, de risico's en kansen die zij zien, DE EXPERT te zijn die de aanbesteder zoekt.",Worden aanbestedingen voor documentbeheer uitgevoerd met focus op expertise?,Task_3
58174,1,58174,"Raamovereenkomst voor het leveren, plaatsen, onderhouden en herstellen van industriële pompen en (fontein)beluchters.","Het afsluiten van een raamovereenkomst voor het leveren, plaatsen, onderhouden en herstellen van industriële pompen en (fontein)beluchters.","Raamovereenkomst levering, plaatsing, onderhoud en herstel industriële pompen en beluchters",Task_1
847,1,847,Schoonmaakdienstverlening,De schoonmaakcontracten van 32 scholen (primair onderwijs en voortgezet onderwijs) worden middels deze Aanbesteding in de markt gezet.,Aanbesteding schoonmaakcontracten voor ruim dertig scholen primair en voortgezet onderwijs,Task_2
113820,1,113820,"Leveren van inzamelmiddelen voor GFT, GR afvalinzameling Land van Cuijk en Boekel",De overeenkomst bestaat uit het de volgende leveringen: -  leveren van minicontainers; -  leveren van afvalemmers; -  leveren van citybins. De overeenkomst wordt aangegaan voor een periode van minimaal 4 jaar en maximaal 6 jaar (4 jaar + 2 x 1 jaar). De ingangsdatum van de overeenkomst is 1 januari 2022.,Aanbestedingen voor afvalinzameling duren altijd langer dan zes jaar?,Task_3
66454,1,66454,HRM-systeemintegratie- en salarisverwerkingsdiensten.,Perceel 1: Verwerving en implementatie van een nieuw personeelsinformatiesysteem (HRM).Perceel 2: Salarisverwerkingsdiensten.,Zoek aanbestedingen voor een nieuw personeelsinformatiesysteem en salarisverwerking,Task_1
13109,1,13109,"Raamovereenkomst voor groenonderhoud, tuinaanleg en tuinomheiningen","De onderhavige opdracht betreft  verschillende diensten, opgesplitst in 5 percelen.De inschrijver is vrij om te kiezen voor welke percelen deze offerte opmaakt en indient. De inschrijver is geenszins verplicht om een offerte in te dienen voor alle percelen. Het staat de inschrijver dus vrij om voor één, meerdere of alle percelen offerte op te maken en in te dienen.Deze opdracht omvat meerdere percelen: Perceel 1: periodiek groenonderhoud binnen het patrimonium van WoninGent via vaste planning; Perceel 2: periodiek groenonderhoud op afroep van leegstaande panden binnen het patrimonium van WoninGent; Perceel 3: diverse aanlegwerken in de buitenomgeving zoals aanleg van grindvakken en graszones; Perceel 4: additionele werkorders en werkorders op afroep conform vaste prijsopgave; Perceel 5: afbreken van bestaande en plaatsen van tuinomheiningen.","Uitleg over aanbestedingen voor groenvoorziening, aanleg en tuinafscheidingen in deelopdrachten.",Task_2
84215,1,84215,Aanvullende opdracht/meerwerk herinrichting Kanaalstraat,De oorspronkelijke waarde van de opdracht gepubliceerd op Tenderned op 9 juli 2022 onder Tenderned kenmerk 337238 wordt verhoogd van oorspronkelijk €4.444.000 naar €5.200.000 conform artikel 2.163d van de aanbestedingswet. €5.200.000,Zijn er aanbestedingen met wettelijk verhoogde opdrachtwaarde na publicatie?,Task_3
137101,1,137101,"Raamovereenkomst voor het leveren, plaatsen en in dienst stellen van C-bogen","Raamovereenkomst voor het leveren, plaatsen en in dienst stellen van C-bogen","Aanbestedingen voor levering, plaatsing en ingebruikname van C-bogen",Task_1
34128,1,34128,Marktconsultatie Tarievenonderzoek Wmo-maatwerkondersteuning,"In het verlengde van het reeds lopende ""Tarievenonderzoek Wmo-maatwerkondersteuning"" organiseert de gemeente Rotterdam een marktconsultatie. De gemeente Rotterdam wil de verkregen informatie gebruiken om een marktgerichte en realistische aanbesteding in de markt te zetten. U dient zich aan te melden als geïnteresseerde door uw gegevens in te vullen bij de vragenlijst ""Aanmelding Marktconsultatie"" en deze op dit aanbestedingsplatform in te dienen, zoals beschreven in de 'instructies' van dit platform. De aanmelding dient te worden ingediend vóór de datum zoals bepaald in het tabblad 'planning'.",Marktconsultatie voorbereiden realistische aanbesteding: hoe deelnemen?,Task_2
39142,1,39142,Innovaties t.b.v. innovatief kruispunt Helmond,Innovaties t.b.v. innovatief kruispunt Helmond.,Bevestigen aanbestedingen investeringen in innovaties voor kruispunten?,Task_3
86723,1,86723,"DAS Maaien waterlopen Broekpolder, Soestpolder en de Sudermar","DAS Maaien waterlopen Broekpolder, Soestpolder en de Sudermar",Welke aanbestedingen zijn er voor onderhoud aan waterlopen?,Task_1
62551,1,62551,Europese aanbesteding Communicatiedienstverlening Social Media,"Deze aanbesteding omvat samengevat advisering over en het ontwikkelen van campagnes, consentcreatie en uitingen gericht op de inzet van social media en de uitwerking hiervan in content voor deze social media.","Aanbesteding voor advies, campagnes, toestemming en content voor social media.",Task_2
33328,1,33328,Leermiddelen PO,"De Opdracht bestaat uit het adviseren over en leveren van Lesmethoden, Licenties, Leerpakket, Kantoorartikelen en Ontwikkelingsmateriaal aan de scholen van Symbio.",Er bestaat een aanbesteding voor educatief materiaal en kantoorartikelen voor scholen.,Task_3
1177,1,1177,EA Tolkdienstverlening Oekraïense Ontheemden ten behoeve van Ministerie van Justitie en Veiligheid specifiek de NOO (1),Het afsluiten van een Overeenkomst voor het Leveren van Tolkdienstverlening voor Oekraïense Ontheemden in de zorg.,Aanbestedingen voor tolkondersteuning Oekraïense vluchtelingen gezondheidszorg,Task_1
42318,1,42318,Afleidingskanaal van Leie te Deinze. Aanpassing Krommebrug en omgeving i.k.v. fietsveiligheid.,"Het voorwerp van de opdracht is de heraanleg van de Krommebrug en omgeving in kader van fietsveiligheid. Hiertoe dient een dubbelrichting fietspad aangelegd te worden op rechteroever van het Afleidingskanaal van de Leie vanaf de Stadionlaan, achter het oorlogsmonument tot aan de aanloophelling van de Krommebrug. Hier wordt een fietsoversteekplaats voorzien waarna het dubbelrichting fietspad zijn weg vervolgt over de Krommebrug naar de linkeroever van het Afleidingskanaal van de Leie (tot aan ca. Martensveld). Om een dubbelrichting fietspad te creëren op de Krommebrug dient de wegindeling aangepast te worden.",Informatie over aanleg dubbelrichting fietspad en wegaanpassing bij brug,Task_2
116246,1,116246,Verzekeringsdienst.,"De verzekering van de gemeentelijke opstallen en inventarissen tegen de risico’s van schade door brand en de verzekering van gebouwen, bedrijfsuitrusting/inventaris, goederen en alle andere objecten behorende bij onderwijsinstellingen voor het primair onderwijs en het voortgezet onderwijs tegen de risico’s van schade door brand.",Brandverzekering voor gemeentelijke gebouwen en onderwijsinstellingen tegen brandschade.,Task_3
70151,1,70151,Onderhoud en interventiecontract van het telefoonnetwerk van de Vlaamse Milieumaatschappij en Uitrol van MS Teams softphones,Onderhoud en interventiecontract van het telefoonnetwerk van de Vlaamse Milieumaatschappij & Uitrol van MS Teams softphones,Aanbestedingen gezocht voor beheer telefoonnetwerk en implementatie softphones.,Task_1
28784,1,28784,Martkconsultatie voor een aanbesteding van digitale toets software door de UvA & HvA,"Digitaal toetsen levert een belangrijke bijdrage voor het faciliteren en het ondersteunen van de genoemde visies van de UvA en de HvA en voor het realiseren van de doelstellingen binnen die visies. Ondanks dat er verschillende (toets)visies zijn is er eenzelfde wens voor het inkopen van de digitale toetssoftware met de daarbij horende functionaliteiten en dienstverlening.In dat kader wensen de UvA en de HvA gezamenlijk een cloudbased toetssoftware die formatief én summatief toetsen (voor gesloten- en open vragen) ondersteunt vanuit de gehele digitale toetsketen. Een robuuste (met een betrouwbare performance) en gebruiksvriendelijke toetssoftware, die voldoet aan de hoge veiligheids-, security- en privacy eisen voor het afnemen van summatieve toetsen in een door de UvA/HvA gefaciliteerde centrale toetsvoorziening via Facility Services Bureau Onderwijs Logistiek (FS/Bol).",Cloudbased digitale toetssoftware voor formatief en summatief toetsen met hoge veiligheid,Task_2
115844,1,115844,"Contract 2009 - 226, Ingenieursdiensten t.b.v. projectondersteuning ZWR Gouda N 207.",Zie aanbestedingsleidraad.,Welke aanbestedingsdocumenten bevestigen of weerleggen een specifieke bewering?,Task_3
9608,1,9608,"Het betreft hier een overeenkomst voor het onderhoud, beheer, leveren en installeren openbare verlichting ten boehoeve van de gemeente Woensdrecht.","De opdracht omvat: De werkzaamheden bestaan in hoofdzaak uit:Het beheren, onderhouden, leveren, aanbrengen, aansluiten en bedrijfsklaar opleveren van openbare verlichtingsinstallatie:— het controleren en onderhouden van de openbare verlichtingsinstallaties,— het herstellen van storingen en schade aan de openbare verlichtingsinstallaties,— het treffen van de benodigde verkeersmaatregelen,— het organiseren en in bedrijf houden van een storingswachtdienst,— renovatie van de openbare verlichtingsinstallaties,— het rapporteren van verrichte werkzaamheden,— het up to date houden van een beheersysteem,— afhandelen van meldingen door burgers en gemeente,— opnemen en intekenen van OV revisie tbv de wet WION,— krediet en budget bewaking,— coördinatie en inzet Social Return on Investment,— het beschikbaar stellen van een meldingen opvolgsysteem,— aanvragen en afhandelen van aanvragen bij de netwerkbeheerder.","Wie kan openbare verlichting beheren, onderhouden, storingen herstellen en renoveren?",Task_1
9015,1,9015,Sr. P-adviseur/informatiebeheer.,"Het betreft hier geen Dynamisch Aankoopsysteem conform art.33 Bao, aangezien het inhuur van 2b-diensten betreft. In plaats van een DAS is een e-cartotheek ingesteld, waarvoor u zich doorlopend kunt aanmelden. Zie www.ctmsolution.nl/leveranciers.",Uitleg over vervangend inhuursysteem voor bepaalde diensten,Task_2
41846,1,41846,Kantoorartikelen en Supplies Belastingdienst.,"De Belastingdienst en het ministerie van Financiën zijn bij aanbestedingen altijd op zoek naar leveranciers die hen kunnen ontzorgen, een bijdrage leveren aan de organisatiedoelstellingen en streven naar maximale duurzaamheid.De doelstellingen en randvoorwaarden voor deze aanbesteding zijn:Doelstellingen:— het optimaal beschikbaar hebben van de juiste Kantoorartikelen, Computer-supplies en bijbehorende diensten voor de eindgebruiker;— het leveren van een bijdrage aan de duurzaamheidsdoelstellingen (Bijlage II);— het realiseren van klanttevredenheid van de 31 800 eindgebruikers;— het minimaliseren en beheersen van directe en indirecte kosten;— de ontzorging in het inkoop- en verwerkingsproces;— het inspelen op de veranderende omstandigheden binnen de Belastingdienst en het ministerie van Financiën (bijvoorbeeld krimp, groei, uitval en de Compacte Rijksdienst);— het realiseren van een volledig papierloos proces (digitaal van bestel- tot betaalproces).","Verwachten aanbesteders duurzaamheid, efficiëntie en klanttevredenheid bij leveringen?",Task_3
10750,1,10750,Schaafbestek de marne 2012-2015 (Vanaf 2012 plaatst de vastgoeddienst van het Ministerie van Defensie haar aankondigingen op www.tenderned.nl).,Schaafbestek de Marne 2012-2015.,Aanbestedingen voor meerjarig onderhoud aan asfaltwegdek frezen,Task_1
94776,1,94776,Maaien binnen de kommen (mrt. 2020–feb. 2023),"De werkzaamheden bestaan in hoofdzaak uit:— beheersen hoogte van gazons,— bijmaaien rondom obstakels en bomen,— zwerfafvalbeheersing op grasachtige vegetatie,— maaien van hondenuitlaatterreinen,— Maaien van wadi's, slootkanten, vijverkanten en ruw gras, afvoeren van vrijgekomen materiaal,— onderhoud van hondenuitlaatterreinen,— renovatie gazonvakken,— werkzaamheden in het kader van de Wet Natuurbescherming.",Welke diensten omvat groenonderhoud en afvalbeheersing in openbare ruimtes?,Task_2
38567,1,38567,2013-08 - Gemeente Sint Anthonis - Financieel Consulent,Gemeente Sint Anthonis zoekt voor 16 uur per week een zeer ervaren Financieel Consulent binnen het team Financien & WOZ.,gemeenten zoeken parttime financieel adviseurs met ervaring,Task_3
37244,1,37244,Multifunctioneel Centrum (MFC)/Eerstelijn Centrum Gezondheidszorg (ECG).,"De gemeente Geldermalsen ligt in het Gelderse Rivierengebied. De gemeente telt ca. 26 000 inwoners en omvat de kernen Acquoy, Beesd, Buurmalsen, Deil, Enspijk, Geldermalsen, Gellicum, Meteren, Rhenoy, Rumpt en Tricht.In de gemeentelijke organisatie is de afdeling Maatschappelijke en Ruimtelijke Ontwikkeling verantwoordelijk voor de realisatie van nieuwbouw werken waaronder het multifunctioneel centrum – eerstelijns centrum gezondheidszorg (hierna afgekort als „MFC – ECG”), het onderwerp van deze aanbesteding. Bijlage C geeft een korte beschrijving van het project. De beschrijving is bedoeld ter kennisname van het project voor de gegadigden. De beschrijving is niet bindend voor de opdrachtgever en de gegadigde kan hieraan geen rechten ontlenen.De opdracht heeft geen verdeling in percelen (zie II.1.8 van deze aankondiging) om de volgende reden: De opdrachtgever wil uit kosten- en risico-overwegingen het coördineren en afstemmen van werkzaamheden tussen de bouwkundig aannemer en installateurs bij één opdrachtnemer leggen.",Aanbesteding bouw multifunctioneel centrum inclusief installaties door één aannemer.,Task_1
79712,1,79712,Uitkeringsadministratiesysteem (inclusief bijbehorende ICT-diensten en leveringen).,"In het kader van de uitvoering van de bij wet aan de gemeenten opgedragen taken op het gebied van werk en inkomen, dient Stroomopwaarts MVS ter ondersteuning en uniformering van de werkprocessen ter zake te kunnen beschikken over een op standaard toepassingssoftware voor het domein „Werk en Inkomen” gebaseerd UAS inclusief onderhoud en ondersteuning (dit mede in verband met wijzigingen in Nederlandse wet- en regelgeving op het gebied van werk en inkomen en in verband met technische compatibiliteit en foutherstel), en bijbehorende diensten en leveringen.",Aanbesteding softwareondersteuning gemeentelijke taken werk en inkomen,Task_2
89965,1,89965,Renovatie en nieuwbouw WZC-perceel ruwbouw.,Openbare aanbesteding voor het perceel ruwbouw van de eerste fase van de renovatie en nieuwbouw van het Woonzorgcentrum H. Familie te Kuurne.Deze eerste fase bevat voornamelijk de uitbreiding met 2 verdiepingen van de afdeling voor dementerenden.,Is er vraag naar uitbreiding van ouderenzorg met extra verdiepingen?,Task_3
72236,1,72236,Het aangaan van leningen met 100 % waarborg van het Vlaams Gewest.,Het aangaan van leningen met 100 % waarborg van het Vlaams Gewest voor de financiering van de gewone investeringsprogramma’s van de Vlaamse Maatschappij voor Sociaal Wonen in de koopsector.,Zoek leningen met 100% overheidswaarborg voor investeringen sociale woningbouw koopsector.,Task_1
106146,1,106146,Brandverzekering gemeente Purmerend en Beemster,Aanbesteder is voornemens één leidende verzekeraar en één (1) of meerdere volgverzekeraars te contracteren,Uitleg over aanbesteden met meerdere verzekeraars en hun rollen.,Task_2
41282,1,41282,Europese aanbesteding herontwikkeling azc Ter Apel,"Ontwerp, Realisatie en Meerjarig onderhoud azc Ter Apel","Zoek aanbestedingen met geïntegreerd ontwerp, bouw en onderhoud opvanglocaties.",Task_3
20879,1,20879,Europese aanbesteding brandverzekering Veiligheidsregio Zeeland,"Het doel van deze openbare Europese aanbesteding is het op transparante wijze sluiten van een of meer brandverzekeringsovereenkomsten tussen Aanbestedende dienst, in hoedanigheid van Veiligheidsregio Zeeland in de ruimste zin van het woord, en verzekeraar(s) (al dan niet vertegenwoordig door en gevolmachtigd agent of assuradeur), eventueel in co-assurantie.Raetsheren van Orden B.V. is door Veiligheidsregio Zeeland, in lijn met het geldende inkoopbeleid, reeds aangesteld als makelaar voor de gehele verzekeringsportefeuille. Gegadigde gaat hier onvoorwaardelijk mee akkoord. Raetsheren van Orden B.V. zal in samenspraak met de Aanbestedende dienst werkafspraken maken met de gegunde Inschrijver(s) omtrent het beheer van het contract. Hierbij rekening houdende met de bestaande organisatiestructuur en de werkwijze van Inschrijver(s) zoals deze bij Raetsheren van Orden bekend is.",zoekt aanbieders brandverzekeringsovereenkomsten met reeds aangestelde verzekeringsmakelaar,Task_1
13971,1,13971,"Raamovereenkomst met meerdere ondernemers voor het leveren, beheren, onderhouden en optimaliseren van het huidige en toekomstige transportmiddelenpark.","Politiezone Antwerpen is op zoek naar een (of meerdere) externe partner(s) die PZA volledig kan ontzorgen bij het uitbreiden, personaliseren en beheren van haar vloot.Hiervoor schrijft Politiezone Antwerpen een vooruitstrevend (integrator) contract uit waarbij we onze expertise willen combineren met deze vanuit de markt, de nodige flexibiliteit en snelheid willen kunnen garanderen in kader van onze noden en bestellingen, alsook innovatie willen verzekeren en aanmoedigen gedurende de looptijd.",Aanbesteding externe partner gezocht voor innovatief wagenparkbeheer en ontzorging,Task_2
20712,1,20712,143042 — Bedrijfsvoering - Medewerker administratie.,"Gemeente Amsterdam heeft regelmatig behoefte aan externe inhuur van diverse expertise en capaciteit. Gemeente Amsterdam nodigt geïnteresseerde Ondernemers voor de vakgebieden uit om zich te registreren op het CTM platform en aan te melden voor het platform Externe inhuur. Ondernemers kunnen zich aanmelden voor 1 of meerdere vakgebieden binnen. Zodra gemeente Amsterdam behoefte heeft aan externe inhuur, wordt de offerteaanvraag in het platform Externe inhuur uitgezet. Ondernemers kunnen zich aanmelden voor de het platform Externe inhuur conform de minimaal gestelde eisen. Aan de toelating kan geen recht op opdrachten worden ontleend.Het platform Externe inhuur voor externe inhuur heeft betrekking op functies in de volgende vakgebieden (onder voorbehoud van ontwikkelingen/uitbreidingen): — Arbo – (Bouw) technisch — Communicatie — Facilitair — Financieel — Personeel & Organisatie — ICT — Inkoop — Interim management en Advies — Juridisch — Grondzaken en gebiedsontwikkeling — Sport.",Gegarandeerd werk na registratie voor gemeentelijke opdrachten?,Task_3
100200,1,100200,Marktconsultatie – marktconsultatie detecteren van drugs en contrabande t.b.v. de Dienst Justitiële Inrichtingen,"Dit betreft een RFI ten behoeve van innovatieve oplossingen voor het probleem omtrent drugs en contrabande binnen de Dienst Justitiële Inrichtingen. Deze uitnodiging is een ‘call to action’ voor de marktpartijen die geïnteresseerd zijn om te participeren in deze RFI. Mede aan de hand van de animatie, https://youtu.be/gjRqVbZR0xo wordt het ‘probleem’ van DJI gepitched op het gebied van drugs en contrabande. Op basis van deze problem pitch (animatie) wordt aan u gevraagd actief mee te denken in het vinden van oplossingen door een 'solution pitch' voor drugs en/of contrabande, of 1 van deze 2 problemen, in te dienen.",Zoek innovatieve oplossingen tegen drugs en contrabande in detentiecentra,Task_1
111085,1,111085,Meetdiensten Energie Rijksoverheid,"Marktconsultatie:Het RVB heeft met de marktconsultatie de volgende doelen:• De markt informeren over de opgave en aanstaande Aanbesteding;• Inzicht krijgen in de interesse van mogelijke deelnemers;• Informatie ophalen om tot een goede uitvraag te komen voor het realiseren van oplossingen die bijdragen aan de opgave.Aanbesteding:Het resultaat van de nader te bepalen aanbestedingsprocedure is om één Opdrachtnemer te contracteren zodat er één datastroom van elektriciteits- en gasverbruik Rijksbreed wordt gecreëerd. Deze Opdrachtnemer neemt de meetinrichting, inclusief onderhoud en telemetrie over of plaatst de meetinrichting en verhuurt deze aan de Opdrachtgever, verzorgt alle benodigde metingen met alle bijbehorende (wettelijke) taken en levert meetdata aan.",Wat zijn de doelen van een marktconsultatie voor energieverbruik data?,Task_2
131258,1,131258,VZW St. Lodewijk — Den Binder Wetteren.,"VZW St. Lodewijk Wetteren — nieuwbouw De Binder + verbouwing Diepenbroek perceel 073 — sanitaire uitrusting: leveren en plaatsen van hoog-laagbaden, tilliften, sanitaire toebehoren.",Aanbestedingen die de behoefte aan hoog-laagbaden en tilliften bevestigen,Task_3
125712,1,125712,EA Brandstof IJ-veren 2014,Levering van ULSD EN590 brandstof aan GVB Veren van GVB te Amsterdam t.b.v. IJ-veren.,Aanbestedingen voor dieselbrandstof levering aan openbaar vervoer veerboten.,Task_1
116328,1,116328,"Het verhelpen van storingen aan Provinciale bruggen en sluizen, gedurende 24 uur per dag, 365 dagen per jaar met een reactietijd van maximaal 1 uur.","Het verhelpen van storingen aan Provinciale bruggen en sluizen, gedurende 24 uur per dag, 365 dagen per jaar met een reactietijd van maximaal 1 uur.",Informatie over 24/7 calamiteitenbeheer provinciale waterwegen met snelle respons,Task_2
52426,1,52426,Europees niet-openbare aanbesteding Bouwmanagement — gemeente Veendam.,"De onderhavige aanbestedingsprocedure voor de bouwmanagementopdracht wordt thans opgestart teneinde in november 2017 de opdracht te kunnen verstrekken aan een bouwmanagementbureau, die namens de aanbestedende dienst belast wordt met de integrale organisatie en uitvoering van de bouwprojectmatige werkzaamheden voor de realisatie van de nieuwbouw en verbouw van de Winkler Prins scholengemeenschap.
               Daarnaast maakt onderdeel uit van de opdracht het leveren van de bouwtechnische input en advies ten behoeve van het selecteren van de DB(M)-aannemer die namens de aanbestedende dienst wordt aangetrokken voor de nieuwbouw en later verbouw van scholengemeenschap Winkler Prins, alsmede het na opdrachtverstrekking aan de DB(M)aannemer ondersteunen en begeleiden van aanbestedende dienst in diens taak als gedelegeerd opdrachtgever met alle daaraan verbonden (bouwmanagement) werkzaamheden tot en met de oplevering van het vastgoed.
               Het betreft derhalve een totaalopdracht bouwmanagement.",Omvat een bouwmanagementopdracht integrale organisatie en aannemerselectie advies?,Task_3
206,1,206,Verwerken van GHRA van Afvalservice (Gemeente Breda),"Aanbesteding met een Europese openbare procedure voor het  transporteren en verwerken van Grof Huishoudelijk RestAfval (GHRA) uit het verzorgingsgebied van afdeling Afvalservice van de Gemeente Breda. De Aanbestedende Dienst, de Coöperatieve vereniging Midwaste Milieu UA, coördineert deze aanbesteding en is tevens opdrachtgever en contractvoerder.Het doel van deze aanbesteding is het contracteren van één contractpartij. De prognose bedraagt circa 8000 ton per jaar.De opdracht wordt gegund op basis van Laagste Prijs.De beoogde ingangsdatum van de overeenkomst is 15 mei 2023 en heeft een initïele looptijd tot en met uiterlijk 31 januari 2025. Daarna kan Opdrachtgever drie (3) maal verlengen met de duur van elk één (1) jaar. De uiterlijke einddatum van de overeenkomst is met in achtneming van alle verlengingen uiterlijk 31 januari 2028.",Aanbesteding transport en verwerking grof huishoudelijk afval 8000 ton,Task_1
111273,1,111273,"Europees openbare aanbesteding 'Raamovereenkomst inhuur uitzendkrachten, payroll en zzp-contracting","De gemeente huurt met enige regelmaat uitzendkrachten in voor diverse soorten werkzaamheden. Redenen om uitzendkrachten in te huren zijn over het algemeen:a) piekbelasting;b) vervanging van ziekte;c) het invullen van tijdelijke (vacature)formatie.Wanneer de gemeente door middel van eigen werving een kandidaat heeft geselecteerd en de medewerker niet in (tijdelijke) dienst zal treden bij de gemeente, zal de desbetreffende medewerker worden aangemeld bij de opdrachtnemer voor het uitvoeren van de payroll administratie. Ook de administratie voor de inzet van zzp’ers die vanuit het netwerk van de gemeente komen wil de gemeente in de vorm van zzp-contracting uitbesteden.Deze aanbesteding is verdeeld in twee percelen:1. perceel 1. uitzendkrachten binnendienst, payroll en zzp-contracting;2. perceel 2. uitzendkrachten buitendienst.","Behoefte gemeente aan flexibel personeel, payroll en zzp-administratie",Task_2
101131,1,101131,"RI3A239/3 - Antwerpen, vijzelgemaal Royerssluis - elektromechanische werken","RI3A239/3 – Antwerpen, vijzelgemaal Royerssluis – elektromechanische werken. Het bouwen en opstarten van een vijzelgemaal Royerssluis gelegen langsheen de Siberiastraat, Antwerpen.Besteknummer: (RI3A239) – elektromechanische werken vijzelgemaal Royerssluis (1 perceel of lot).",Opstarten van elektromechanische vijzelgemalen wordt zelden aanbesteed.,Task_3
69319,1,69319,Gemeentelijk Deelprogramma 2011.,Diensten tbv het zwerfafvalprogramma Gemeente Schoon voor het ondersteunen van gemeenten en gemeentelijke reinigingsorganisaties bij het verbeteren van de aanpak van zwerfafval.,Aanbestedingen voor ondersteuning gemeenten bij verbeteren aanpak zwerfafval.,Task_1
86946,1,86946,Gastlessen leerlingen 17-18 jaar VO en MBO,Het betreft het ontwikkelen en aanbieden van gastlessen over het onderwerp orgaan- en weefseldonatie en de werving van scholen waar deze lessen gegeven gaan worden. De lessen worden gegeven aan leerlingen van 17 tot en met 18 jaar op VO en MBO scholen. 800.000,Uitleg over gastlessen orgaan- en weefseldonatie voor VO en MBO,Task_2
124339,1,124339,"Integrale Telefonie Oplossing, gemeente Apeldoorn, 2014.","Het doel van deze openbare Europese aanbesteding is het afsluiten van een overeenkomst met 1 opdrachtnemer voor een Integrale Telefonie Oplossing. Binnen de scope van deze aanbesteding vallen een platform oplossing met callcenter functionaliteit, mobiele abonnementen en vaste telefonie. Daarbij eisen wij betere integratie van vaste en mobiele telefonie zodat medewerkers flexibeler en beter bereikbaar zijn. Gemeente Apeldoorn gunt de opdracht aan de inschrijver met de Economisch Meest Voordelige Inschrijving (EMVI).",Welke aanbestedingen eisen betere integratie voor flexibele mobiele en vaste telefonie?,Task_3
60941,1,60941,Collectie beheer systeem,"Momenteel gebruikt Erfgoed Leiden Memorix Maior en Memorix Archieven voor het registreren van collecties. Deze zijn binnen afzienbare tijd end of life, waardoor het nodig is om deze opnieuw aan te besteden. Met onderhavige aanbesteding heeft Erfgoed Leiden voor ogen een overeenkomst te sluiten met een partij die programmatuur ter beschikking stelt die tegemoet komt aan de eisen en wensen zoals opgenomen in onderhavige aanbesteding.",Zoek aanbestedingen voor vervanging van verouderde collectieregistratie software.,Task_1
97193,1,97193,"EU - WT2 Groenafval - Laden, transporteren en verwerken","Het doel van deze openbare Europese aanbesteding is het afsluiten van een Raamovereenkomst met 1 opdrachtnemer ten behoeve van het laden en transporten van Groenafval vanaf de Afvalbrengpunten, gemeentewerf en enkele locaties binnen de gemeente Hellendoorn & Rijssen-Holten. Bij de opdracht behoort ook het (laten) verwerken van het af te voeren Groenafval. Het totaal geschatte volume van beide gemeenten is circa 6 700 ton per jaar.",Informatie over aanbesteding transport en verwerking groenafval met volume,Task_2
78661,1,78661,Europese (her)aanbesteding Losse Inrichtingen,Raamovereenkomst met verschillende ondernemingenAantal: 2 of maximumaantal: - deelnemers aan de beoogde raamovereenkomst,Bevestigen aanbestedingen een raamovereenkomst met slechts twee partijen?,Task_3
10168,1,10168,Aanbesteding CE Park Lingezegen.,Detectie naar niet gesprongen munitie en explosieven. Zie aanbestedingsdocument.,Welke aanbestedingen zijn beschikbaar voor detectie van ongesprongen explosieven?,Task_1
123611,1,123611,Leveranties warmtenet Dordrecht.,Inschrijving ten behoeve van project leveranties warmtenet Dordrecht.,Informatie over benodigde leveringen voor warmtenet projecten in steden.,Task_2
60780,1,60780,Leermanagementsysteem,"De opdracht omvat op hoofdlijnen:— het leveren van licenties aan gebruikers van opdrachtgever,— het ondersteunen van opdrachtgever voor en tijdens de implementatie,— het begeleiden van de implementatie van het LMS, waarbij het LMS aansluit bij de nieuwe onderwijsvisie van opdrachtgever,— het migreren van de data uit huidige systemen naar het LMS, daar waar noodzakelijk,— het realiseren en beheren van maatwerk en standaard interfaces en koppelingen zodat het LMS aansluit bij de IT architectuur van opdrachtgever,— het leiden van de implementatie en het trainen en opleiden van alle docenten en het aanvullend trainen van key-users,— het uitvoeren van- onderhoud aan het LMS en het up-to-date houden van relevante documentatie,— gebruikers van opdrachtgever voorzien van ondersteuning door middel van een helpdesk, gebaseerd op de SLA,— het voorzien van back-ups van de data in het LMS,— het middels het LMS blijven ondersteunen van de onderwijsvisie en ambities van opdrachtgever.",Een aanbesteding van een leermanagementsysteem omvat geen helpdesk.,Task_3
61929,1,61929,Europese Aanbesteding Druk- en Kopieerwerk,"De opdracht betreft het leveren van druk- en print/kopieerwerk.Het doel van deze Europese openbare aanbesteding is het selecteren van één leverancier per perceel die deze dienstverlening gaat verrichten vanaf de ingangsdatum van de overeenkomst, voor de duur van twee (2) jaar met de mogelijkheid om tweemaal met één (1) jaar te verlengen.",Aanbesteding voor levering van drukwerk en kopieerwerk voor vier jaar,Task_1
72894,1,72894,Europese aanbesteding computerhardware (gebruikers) en aanvullende diensten.,"Het doel van de aanbestedende dienst is het selecteren en contracteren van 1 inschrijver voor de levering van computerhardware en aanvullende diensten gedurende een initiële periode van 4 jaren. Aanbestedende dienst heeft een éénzijdige, optionele verlengingsmogelijkheid van 2 keer 1 jaar. De ingangsdatum van de overeenkomst is 1.8.2015.",Uitleg over looptijd en verlenging contract computerhardware,Task_2
38005,1,38005,Beheer en onderhoud openbare verlichting gemeente Schagen.,Het beheer en onderhoud aan openbare verlichting in de gehele gemeente Schagen.,Gemeenten besteden beheer van openbare verlichting uit,Task_3
68042,1,68042,Verrichten van Verhuisdiensten: zowel projectverhuizingen als reguliere (kleine)verhuizingen.,"Doel van deze aanbesteding is het verrichten van Verhuisdiensten ten behoeve van de gemeente Groningen. Verhuizingen worden hoofdzakelijk in kantoortijd en soms buiten kantoortijd om uitgevoerd. Onderdeel van de Verhuisdiensten is o.a:— het opstellen van een verhuisplan en draaiboek,— uitvoeren van Projectverhuizingen en Reguliere verhuizingen,— indien noodzakelijk, in- en uitpakken van de te verhuizen zaken,— verhuizen van de ingepakte spullen, inventaris en overige zaken,— (de) monteren van meubilair,— eventueel afvoer oude materialen,— het verzorgen van management rapportages,— verrichten van werkzaamheden door een Handyman.",Welke diensten omvat een aanbesteding voor gemeentelijke verhuizingen inclusief handyman?,Task_1
102018,1,102018,"Uitbating van 1 of 2 fysieke units op Brussels Airport, gekoppeld aan integratie in de online marketplace","Uitbating van 1 of 2 fysieke units op Brussels Airport, gekoppeld aan integratie in de online marketplace.",Aanbesteding exploitatie commerciële ruimtes luchthaven met online integratie,Task_2
42077,1,42077,Onderhoud openbare verlichting en verkeerslichten,De afdeling Beheer en Onderhoud (BE) is verantwoordelijk voor het beheer en onderhoud van openbare verlichting en verkeerslichten op een deel van de waterschapswegen en fietspaden in het beheersgebied van het waterschap Hollandse Delta.,Aanbestedingen waarin waterschappen openbare verlichting fietspaden onderhouden?,Task_3
118776,1,118776,Raamovereenkomst voor levering van diverse materialen voor huisaansluitingen binnen 2011 - 2015.,Raamovereenkomst voor levering van diverse materialen voor huisaansluitingen binnen 2011 - 2015.,Aanbestedingen voor levering van materialen voor woningaansluitingen.,Task_1
67626,1,67626,Nieuwbouw Parkeergarage Nieuwe Oosterstraat.,"Sloop bestaande bebouwing, nieuwebouw 2-laags ondergrondse parkeergarage circa 8 000 m2. De ontwikkeling en realisaties van het werk wordt aanbesteed in de vorm van een Engineering & Construct (DO+) contract op basis van de UAV GC 2005.",Uitleg over geïntegreerde contracten voor sloop en nieuwbouw projecten.,Task_2
85250,1,85250,Telefonie dienstverlening voor SamenTwente,"SamenTwente wiléén opdrachtnemercontracteren voor de vernieuwing van haar vastecommunicatieomgeving. De
huidigetelefooncentraleis verouderd en voldoet nietmeeraan de wensen en eisen die SamenTwente heeft. De opdrachtgever wileen opdracht
gunnen aan één opdrachtnemer voor het leveren, implementeren enmoderniseren van decommunicatieomgeving",Is het waar dat verouderde telecommunicatiesystemen vernieuwing afdwingen?,Task_3
13274,1,13274,Onderhoud grasvelden Sportcomplex De Nekker en Frans Lathouwers stadion (01 oktober 2022 - 30 september 2026),"Gemeenten ondervinden problemen in het onderhoud van sportgrasvelden door het gebrek aan het nodige onderhoudsmateriaal en specifieke kennis.Het college van burgemeester en schepenen wenst dat het onderhoud optimaal gebeurt, zodat de sportclubs in goede omstandigheden hun sport kunnen beoefenen.Deze opdracht betreft het algemeen onderhoud van de sportgrasvelden op de beide sites van de gemeente Meise en Wolvertem, alsook het alternatief onkruidbeheer in de verharding op beide sites. Bedoeling is dat de grasmat bij elke thuiswedstrijd optimaal is.",Aanbestedingen voor hulp bij onderhoud sportgrasvelden en onkruidbeheer gemeenten.,Task_1
95671,1,95671,Non-formele en formele taaltrajecten voor de regio Rijmond,"Ter voorbereiding op een eventuele aanbesteding in het kader van non-formele en formele taaltrajecten voor de regio Rijnmond organiseert de gemeente Rotterdam een marktconsultatie. Een marktconsultatie is een door de gemeente Rotterdam georganiseerde informatie-uitwisseling met partijen welke opereren in de relevante markt. De gemeente Rotterdam wil de verkregen informatie gebruiken om een marktgerichte en realistische aanbesteding in de markt te zetten. Bijgevoegd treft u het marktconsultatie met in de bijlagen de te beantwoorden vragen en een instructiedocument.U dient zich aan te melden als geïnteresseerde door uw gegevens in te vullen bij de vragenlijst ""Aanmelding Marktconsultatie"" en deze op dit aanbestedingsplatform in te dienen, zoals beschreven in de 'instructies' van dit platform.De aanmelding dient te worden ingediend vóór de datum zoals bepaald in het tabblad 'planning'. Na de sluitingsdatum kunnen geen aanmeldingen meer worden ingediend.",Wat is het doel van een marktconsultatie voor taalonderwijs?,Task_2
47476,1,47476,Huis-aan-huisinzameling van huisvuilzakken met restafval 2013-2015.,Huis-aan-huisinzameling van huisvuilzakken met restafval 2013-2015.,Welke aanbestedingen bevestigen huis-aan-huis inzameling van restafval?,Task_3
73720,1,73720,Huurauto's en aanverwante dienstverlening,Raamovereenkomst met één onderneming,Zoek aanbestedingen voor een contract met één enkele leverancier.,Task_1
102323,1,102323,AI 2018-0175 Realisatie tijdelijke huisvesting AICS2,Realisatie tijdelijke huisvesting AICS2.,Informatie over aanbestedingen voor realisatie van tijdelijke huisvesting,Task_2
60191,1,60191,Marktconsultatie inzake inhuur uitzendkrachten,"Markconsultatie ten behoeve van de inhuur van uitzendkrachten.Document statusDit document is een marktconsultatie/Request for Information (RFI) en is niet open voor acceptatie en vormt evenmin enige vorm van contract. Dit document en de reacties daarop vormen geen onderdeel van een aanbestedingsprocedure. Echter, DNB behoudt zich het recht voor om de verkregen informatie voor een mogelijk toekomstige aanbestedingsprocedure te gebruiken. Informatie verkregen via deze marktconsultatie/RFI zal te allen tijde vertrouwelijk worden behandeld.DNB behoudt zich het recht voor om aanvullende vragen te stellen, gebaseerd op de antwoorden op de vragen in deze marktconsultatie/RFI.",Is een verzoek om informatie al een bindende aanbesteding?,Task_3
36581,1,36581,EG.126045/SMI - EA Schoonmaakdiensverlening en glasbewassing tbv ECN en NRG,"De wens van de opdrachtgever is om voor de schoonmaakwerkzaamheden, glasbewassing en overige benoemde diensten één (1) opdrachtnemer te contracteren met als doel het op de economisch meest voordelige wijze laten plaatsvinden van de schoonmaak- en glazenwassers-werkzaamheden op de locaties.",Hoe contracteer ik één partij voor schoonmaak en glasbewassing?,Task_1
29798,1,29798,Levering voertuigen t.b.v. gemeente Smallingerland,"Gemeente Smallingerland voorziet middels de eigen gemeentelijke dienst in het beheer van de openbare ruimte. De gemeente is voornemens om diverse voertuigen aan te schaffen. Het betreft een haakarm-kraan voertuig, twee achterladers en een kolkenzuiger. Gezien de omvang van de opdracht, dient een Europees aanbestedingstraject doorlopen te worden.",Europese aanbesteding diverse voertuigen voor beheer openbare ruimte,Task_2
91389,1,91389,Onderhoudswerken aan Wielingen.,Onderhoudswerken aan Wielingen.,Bestaat er bewijs voor onderhoudswerken aan publieke infrastructuur?,Task_3
45840,1,45840,Project 22.229A/1 - Optimalisatie Tangebeekcollector.,"Project 22.229A/1 - Optimalisatie Tangebeekcollector- Voorbereidende op- en/of afbraakwerken van rijwegen, voetpaden, van plaatselijke en lijnvormige elementen, van buizen, van kleine kunstwerken, van afsluitingen, van bebakening, het rooien van bomen, e.a.- Al de grondwerken nodig voor de uitvoering van de werken volgens de aanduidingen van de plannen, lengte- en dwarsprofielen- Het aanleggen van (on)gewapende betonbuizen en gresbuizen in een open sleuf of binnen een waterdichte bouwkuip. De leidingen worden aangelegd deels op grindkernen, deels op schroefpalen, deels op een verbeterde sleufbodem en/of op een zandcementfundering met een omhulling van zand of zandcement en de aanvulling in zand of herbruikgrond.-146m di 250mm (gres)-32m di 500mm (ongewapend beton)-69m di 600mm (ongewapend beton)-11m di 700mm (ongewapend beton)-3m di 800mm (ongewapend beton)-15m di 400mm (gewapend beton)-10m di 600mm (gewapend beton)-16m di 800mm (gewapend beton)-94m di 900mm (gewapend beton)-2004m di 1000mm (gewapend beton)-5m di 1200mm (gewapend beton)-18m di 1750x400mm (gewapend beton)-9m di 800x1200mm (gewapend beton)- Het doorpersen van buizen, deels recht deels in bocht-770m di 1000mm (GVP)-32m di 1000mm (beton)- Het renoveren van bestaande buizen door lining met ter plaatse uitgeharde buis-2161m di 800/1200mm-316m di 1000mm-141m di 1200mm-134m di 1600mm-28m di 1250/500mm- Het bouwen van ter plaatse gestorte of geprefabriceerde betonnen inspectieputten en kunstwerken, deels in open sleuf op zandcementfundering deels binnen een waterdichte bouwkuip met onderwaterbeton.- Het bouwen van 10 overstortconstructies in beton, deels in open sleuf op zandcementfundering en deels binnen een waterdichte bouwkuip met onderwaterbeton.- Het maken van kunstwerken in open bouwput of in waterdichte bouwput, en uitstroomconstructies uit gewapend beton en de burgerlijke bouwkunde voor de verdere afwerking ervan.- Het bouwen van 2 ondergrondse bergbezinkbekkens binnen een waterdichte bouwkuip, 1 ondergronds bergbezinkbekken in open bouwput en 1 open bekken.- Het aanleggen en/of herstellen van rijweg in asfalt op steenslagfundering en voetpaden in betonstraatstenen op schraal betonfundering- Het plaatsen van lijnvormige elementen zoals watergreppels, trottoirbanden e.a op een schraal betonfundering; het herplaatsen en/of plaatsen van afsluitingen.- Het plaatsen en/of herplaatsen van plaatselijke elementen zoals waterslikkers, tuintoebehoren e.a.- Het onderhoud van alle werken tot aan de definitieve oplevering.","Aanbesteding aanleg en renovatie riolering, grondwerken, buizen en waterwerken.",Task_1
38277,1,38277,"Reparatie, onderhoud en keuring van circa 2 000 onderlossende containers.","Reparatie, onderhoud en keuring van circa 2 000 onderlossende containers.","Wat omvat reparatie, onderhoud en keuring van onderlossende containers?",Task_2
72367,1,72367,Groenonderhoud (grasbermen en beplanting) en snoeien en vellen van lijnbomen- netheidonderhoud (zwerfvuilverwijdering) – veegwerken en reinigen van kolken op de autosnelwegen in Vlaams-Brabant – A-wegen West.,"Deze aanbesteding voorziet het uitvoeren van het groenonderhoud (grasbermen en beplantingen),snoeien en vellen van lijnbomen,netheidonderhoud(zwerfvuilverwijdering),veegwerken en reinigen van kolken op de autosnelwegen in Vlaams-Brabant – A-wegen West.Er is geopteerd om het groenonderhoud te combineren met de netheid,de veegwerken en reinigen van kolken.","Wordt groenonderhoud gecombineerd met netheid, veegwerken en reinigen van kolken?",Task_3
82615,1,82615,Netwerkdiensten as a Service,"De scope van de opdracht omvat het leveren van Netwerkdiensten as a Service op alle locaties die door Enexis in de huidige situatie zijn vermeld, waarbij er een IP-verbinding wordt gecreëerd om connectiviteit mogelijk te maken. De volgende locaties moeten, binnen een transitietermijn van twee jaar, worden voorzien van Connectiviteit:
Circa 44 (kantoor en logistieke) locaties met circa 52 verbindingen. Kerncijfers kunnen ingezien worden bij aanmelding voor de Dataroom.
Circa 128 HS/MS stations, zie Bijlage 2 - Prijsopgaveformulier voor meer informatie over de verschillende stations;

In de komende 15 jaar komen daar een groot aantal nieuw te ontwikkelen/uit te breiden locaties & stations bij. Inschatting is dat in ieder geval 40 HS/MS stations gaan worden toegevoegd.",Welke aanbestedingen leveren connectiviteit voor 44 locaties en 128 stations?,Task_1
134316,1,134316,TRANSPORT EN VERWERKING VAN ASBEST INGEZAMELD OP DE RECYCLAGEPARKENVAN DE INTERCOMMUNALE OVEREENKOMSTIG DE BETREFFENDE REGELGEVING,Transport en verwerking van afval van asbesthoudende materialen ingezameld op de recyclageparken van de Intercommunale overeenkomstig de betreffende regelgeving.,Aanbestedingen voor transport en verwerking asbestafval vanuit gemeentelijke recyclageparken.,Task_2
52358,1,52358,1-287-16 De beste Aanti-Malware oplossing voor Rotterdam,"De onderhavige opdracht heeft betrekking op het leveren van een advies over een Anti-malware oplossing en dienstverlening met betrekking tot de implementatie van de oplossing, het leveren van een opleidingsplan voor een aantal beheerders en het leveren van technische support. De Aanbestedende Dienst beoogt derhalve met deze opdracht de volgende doelstellingen te realiseren: 1. Het leveren van een advies over welke Anti-malware oplossing het beste is voor de gemeente Rotterdam. Het advies geeft ook aan welke en hoeveel licenties aangeschaft dienen te worden. 2. Het ontzorgen van de gemeente Rotterdam t.a.v. de implementatie van beveiligingssoftware. 3. Een opleidingsplan voor de beheerders. 4. Het leveren van technische ondersteuning voor een periode van na de nazorgfase tot het einde van de overeenkomst. 5. Efficiënt en eenvoudig te voeren beheer voor de Aanbestedende Dienst over de beveiligingssoftware. 6. De informatiebeveiliging van de gemeente Rotterdam tot een hoger niveau te brengen door het zodanig vernieuwen van de beveiligingssoftware dat er een verbeterde bescherming gecreëerd wordt, die gebruik maakt van de laatste bewezen technieken.",Verbetering informatiebeveiliging vraagt externe expertise voor implementatie en beheer.,Task_3
79825,1,79825,121821 — 872 — ICT — medewerker werkplekbeheer III team desktop services.,"Gemeente Amsterdam heeft regelmatig behoefte aan externe inhuur van diverse expertise en capaciteit. Gemeente Amsterdam nodigt geïnteresseerde Ondernemers voor de vakgebieden uit om zich te registreren op het CTM platform en aan te melden voor het platform Externe inhuur. Ondernemers kunnen zich aanmelden voor 1 of meerdere vakgebieden binnen. Zodra gemeente Amsterdam behoefte heeft aan externe inhuur, wordt de offerteaanvraag in het platform Externe inhuur uitgezet. Ondernemers kunnen zich aanmelden voor de het platform Externe inhuur conform de minimaal gestelde eisen. Aan de toelating kan geen recht op opdrachten worden ontleend.Het platform Externe inhuur voor externe inhuur heeft betrekking op functies in de volgende vakgebieden (onder voorbehoud van ontwikkelingen/uitbreidingen): — arbo,— (bouw) technisch,— communicatie, — facilitair, — financieel, — personeel en organisatie, — ICT, — inkoop, — interim management en advies, — juridisch.",Welke expertise zoeken gemeenten voor tijdelijke projecten?,Task_1
125766,1,125766,Levering bedrijfskleding en PBM,Het leveren van bedrijfskleding en Persoonlijke Beschermings Middelen,Aanbestedingen voor de levering van werkkleding en beschermingsmiddelen,Task_2
131157,1,131157,Bereiden en bedelen van warme maaltijden aan huis en in de cafetaria LDC De Maretak.,"Dit bevat verschillende luiken, enerzijds gaat het om de leveringen van maaltijden aan huis in groot Aalst, anderzijds gaat het om maaltijden die worden verdeeld in de cafetaria van het dienstencentrum De Maretak en als laatste zijn er nog een aantal maaltijdverdelingen in de serviceflats bij evenementen.",Zijn aanbestedingen voor maaltijden breder dan alleen thuisbezorging?,Task_3
137246,1,137246,Raamcontract voor de levering van duurzame kantoormaterialen,Raamcontract voor de levering van duurzame kantoormaterialen,Aanbestedingen voor duurzame kantoorbenodigdheden via een raamovereenkomst zoeken.,Task_1
70006,1,70006,ZEESCHELDE R.O. TE ANTWERPEN Herinrichting Scheldekaaien. Uitvoeringsfase. Stabilisatie kaaimuur Nieuw Zuid. D’ Herbouvillekaai. Kanaal Der Krijgsgronden tot Caisson 15,"De werken omvatten in hoofdzaak:- Het aanbrengen van bodembescherming voor de bestaande kaaimuur;- Het plaatsen van een diepwand achter de bestaande kaaimuur;- Het uitbreken van de bestaande bevloering (incl. oude treinsporen, kasseien) waarbij deze behouden dienen te worden ter recuperatie bij de afwerking.- Het ontgraven achter de bestaande kaaimuur, ter ontlasting van de historische kaaimuur;- Het uitvoeren en onder voorspanning plaatsen van ankers ter verankering van de diepwand;- Gedeeltelijke afbraak van de bestaande kaaimuur tot op een bepaalde hoogte. Het voorvlak en de deksteen van de kaaimuur in natuursteen, worden omzichtig afgebroken met als doel de parementsteen te hergebruiken als afwerking van de kesp. Ook de bestaande bolders worden voorzichtig uitgebroken met als doel ook deze te hergebruiken;- Gedeeltelijke afbraak van de zijmuren en de dakplaat van het Kanaal Der Krijgsgronden en het plaatsen van nieuwe kokers, deze aansluiten de bestaande constructie enerzijds, en voorzien van terugslagkleppen aan Scheldezijde anderzijds;- Heropbouw van de kesp + parement, bovenop de historische kaaimuur. Daarbij dient het historische uitzicht gereconstrueerd te worden. Dit gebeurt door een combinatie van structuurbeton, plaatsen van gerecupereerde natuursteen (parement) en het (her)plaatsen van al dan niet nieuwe dekstenen in Belgische blauwe hardsteen;- Het verder uitgraven achter de bestaande kaaimuur tot op de definitieve ontgravingsdiepte;- Het aanbrengen van de bodembescherming in de ontlastingsruimte;- Bouw van een dakplaat boven de ontlastingsruimte;- Het voorzien van de uitwaterings- en ontluchtingsopeningen doorheen de bestaande kaaimuur;- Het plaatsen van een nieuwe combiwand, welke aansluiting maakt op een bestaande combiwand en welke aansluit op een nieuwe diepwand;- Het terugplaatsen van de kasseiverharding;- Het plaatsen van ladders, wrijfhouten, kooiladders, peilplaten, deksels, …",Welke werkzaamheden omvat de renovatie van een kaaimuur met diepwandconstructies?,Task_2
136820,1,136820,District 4 : Dender & Moervaart. Groenonderhoud. Raamovereenkomst.,Deze diensten hebben betrekking op het uitvoeren van groenonderhoud in district 4: Dender & Moervaart.,Zijn er aanbestedingen voor groenonderhoud in specifieke districten?,Task_3
64343,1,64343,Raamovereenkomst leveren en aanbrengen speel- en sporttoestellen,"De opdracht bestaat uit:— het leveren en plaatsen van speel- en sporttoestellen en speelaanleidingen,— het leveren en aanbrengen van valondergronden,— het in voorkomende gevallen uitvoeren van ontwerp- en participatiewerkzaamheden,— het in voorkomende gevallen uitvoeren van bijkomende kleinschalige werkzaamheden zoals grondwerk, straatwerk, groenwerkzaamheden welke een directe relatie hebben met het aanbrengen van de toestellen en of valondergronden.",Aanbesteding voor levering en installatie van speel- en sportvoorzieningen met valondergronden.,Task_1
96956,1,96956,10100030623 NCSC transitie adviseur,Klantorganisatie NCSC wenst een transitie adviseur in te huren.,Welke organisatie zoekt een externe transitie adviseur?,Task_2
113950,1,113950,Inkoop Waterstof CV-ketels,"Het werk bestaat in hoofdzaak uit:— het leveren en installeren van Waterstof CV-ketels,— een onderhoudsdienstverlening gedurende twee jaar na installatie van de CV-ketels.",Aanbestedingen: waterstofverwarming inclusief installatie en meerjarig onderhoud?,Task_3
47993,1,47993,Jeugdhulp 2018-2021 'Sterke partners voor de jeugd'.,"De opgave van deze opdracht is om jeugdhulp zo in te richten dat er een basis wordt gelegd voor een integraal stelsel van jeugdhulp en ondersteuning. Concreet willen we bereiken dat de jeugdhulp uitgaat van de oplossing die cliënt nodig heeft in plaats van de producten die we in het huidige systeem van jeugdhulp kennen. We willen de slag maken van aanbodgericht naar vraaggericht, waarin het voor de cliënt mogelijk is om een passende ondersteuner en ondersteuning te kiezen. De cliënt moet centraal staan. Hiermee beogen we dat er een stelsel ontstaat dat een samenhangende, duurzame oplossing voor iedere cliënt biedt in de context van zijn sociale omgeving. Lokale herkenbaarheid, goede bereikbaarheid en continuïteit in de jeugdhulp en ondersteuning dragen hieraan bij.","Hoe jeugdhulp transformeren naar vraaggerichte, integrale ondersteuning voor cliënten?",Task_1
13897,1,13897,Raamovereenkomst voor inhuren ICT profielen en projecten.,"Het voorwerp van de raamovereenkomst betreft het ter beschikking stellen van ervaren en bekwame profielen (natuurlijke personen), die door de opdrachtnemer technisch en methodologisch ondersteund worden, evenals het uitvoeren van projecten. Voor de projecten worden in de voorwaarden van de opdracht een uitvoeringstermijn bepaald, evenals de financiële voorwaarden, en een concreet op verantwoordelijkheid van de opdrachtnemer te verwezenlijken resultaat.",Wat omvat een aanbesteding voor deskundig personeel en projectuitvoering?,Task_2
54381,1,54381,Openbare Europese aanbesteding reprodienstverlening,Huur van multifunctionals incl. verbruiksmaterialen + service en onderhoud voor de multifunctionals.,Complete huur van multifunctionals inclusief verbruiksmaterialen en onderhoud is beschikbaar.,Task_3
128525,1,128525,Verhuisdiensten.,Het onderwerp van de aanbesteding is verhuisdiensten. Het betreft verhuisdiensten binnen gebouwen en tussen gebouwen van Tilburg University.,Zoek aanbestedingen voor verhuisdiensten binnen en tussen gebouwen.,Task_1
22452,1,22452,Gemeente Leusden — overeenkomst levering en plaatsing ondergrondse afvalcontainers.,Er is in februari 2016 goedkeuring verleend door de raad aan het nieuwe grondstoffenplan 2016-2020 waardoor er een vervanging en uitbreiding van ondergrondse containers noodzakelijk is geworden.De opdrachtgever wenst voor de duur van zes (6) jaar een overeenkomst af te sluiten met een (1) professionele en betrouwbare ondernemer ten behoeve van de uitvoering van de levering en de dienst.,Waarom is vervanging ondergrondse afvalcontainers nodig?,Task_2
51288,1,51288,Communicatiecampagne.,De aanbesteding betreft een landelijke communicatiecampagne voor de waterschapsverkiezingen in maart 2019. De opdrachtnemer dient in co-creatie met de Unie van Waterschappen een online en offline campagnestrategie op te zetten en uit te voeren. Een deel van de uitvoering vindt regionaal plaats door de afzonderlijke waterschappen waarbij de landelijke communicatiestrategie het uitgangspunt is. In de voorbereidingsfase is daarom veel aandacht nodig voor het proces: hoe zorgen we er voor dat zoveel mogelijk waterschappen gebruikmaken van de landelijke campagne?,Is de adoptie van landelijke campagnes door regionale partijen een uitdaging?,Task_3
109767,1,109767,Receptie- en beveiligingsdiensten,De gemeenten verwachten van inschrijver dat deze bereid en in staat is de hieronder nader omschreven hospitality diensten en receptie- en beveiligingsdiensten volgens het bijgevoegde programma van eisen gedurende de volledige looptijd van de Raamovereenkomst te kunnen leveren. Welke diensten daadwerkelijk en in welke omvang worden afgenomen kan per gemeente en gemeentelijke locatie verschillen,"Welke aanbestedingen bieden hospitality, receptie en beveiligingsdiensten aan?",Task_1
129591,1,129591,Levering 6 breedspoortractoren.,Levering van 6 breedspoortractoren met aanbouw. Het waterschap ruilt diverse tractoren en aanbouwen hier op in.,Welke aanbestedingen omvatten de aanschaf van gespecialiseerde tractoren met inruilmogelijkheden?,Task_2
80391,1,80391,Brandverzekering,"Het doel van deze aanbesteding is te komen tot een Overeenkomst met één of meerdere Opdrachtnemer(s) als leider en eventueel meerdere Opdrachtnemers als volgers ter aanvulling voor het verlenen van Diensten overeenkomstig de brandverzekering aan Provincie Gelderland. De Overeenkomst heeft een duur van drie jaar, met de optie tot verlenging met éénmaal een periode van één jaar. Deze Opdracht wordt gegund aan de Inschrijver die de economisch meest voordelige Inschrijving heeft uitgebracht. Door middel van deze aanbesteding wenst Provincie Gelderland te realiseren dat bij een behoefte om aanspraak te moeten maken op de brandverzekering, deze behoefte op een rechtmatige, snelle en effiiciënte wijze door de Opdrachtnemer ingevuld wordt.",Bevestigen aanbestedingen langdurige contracten voor efficiënte brandverzekeringsdiensten?,Task_3
68412,1,68412,Collectieve Dienstongevallen Verzekering.,"De te sluiten verzekering dient schade te dekken in geval van:— overlijden,— blijvende invaliditeit.De te sluiten verzekering dient voor meerdere doelgroepen de risico's van een ongeval af te dekken met betrekking tot ongevallen die verzekerde overkomen tijdens politiewerkzaamheden en woon-werkverkeer. De te sluiten verzekering omvat niet het afdekken van risico's ten aanzien van beroepsziekten.","Zoek ongevallenverzekering voor politiewerk en woon-werkverkeer, dekkend overlijden en invaliditeit.",Task_1
17755,1,17755,Offerteaanvraag Aanschaf SaaS-oplossing e-HRM Applicatie.,"De opdracht bestaat uit het implementeren, beschikbaar stellen, beheren en onderhouden van een personeelsinformatie- en salarissysteem.Bij oplevering per 1.1.2018 moet het nieuwe personeelsinformatie- en salarissysteem voldoen aan de vereiste functionaliteiten zoals beschreven in hoofdstuk 3 van de offerte aanvraag.",Wat omvat een opdracht voor personeelsinformatie- en salarissysteem implementatie?,Task_2
653,1,653,Vrijwillige transparantie vooraf Eemsdelta Digitaal,"Deze aankondiging wordt enkel gebruikt om de voorgenomen procedurekeuze, zijnde het voornemen tot het sluiten van een overeenkomst met Ilionx Group B.V. vooraf bekend te stellen aan de markt teneinde belanghebbenden in de gelegenheid te stellen om eventuele bezwaren kenbaar te maken.

Gemeente Eemsdelta (aanbestedende dienst) heeft het voornemen om met leverancier Ilionx Group B.V. een onderhandelingsprocedure op te starten met doel een overeenkomst te realiseren voor het leveren en implementeren van de add-on ONEGOV op het Microsoft 365 platform. 800000",Bevestigen aanbestedingen voornemen tot onderhandse procedure voor software-implementatie?,Task_3
51347,1,51347,Functioneel beheerder,Functioneel beheerder,Waar vind ik tenders voor ondersteuning functioneel beheer?,Task_1
88144,1,88144,Verspreiding gemeentenieuws in Waalwijk,"De opdracht omvat het afsluiten van een Raamovereenkomst voor structurele advertentieruimte in een wekelijks huis-aan-huis blad (lokale krant) voor inwoners van Waalwijk. 
De advertentieruimte wordt gebruikt voor het plaatsen van het gemeentenieuws voor de inwoners van de gemeente Waalwijk. Hoeveelheid pagina's is 2 tot maximaal 6 per week.",Zoekopdracht voor structurele publicatie van gemeentelijke mededelingen in een plaatselijk medium.,Task_2
21321,1,21321,Aanvullende arbeidsongeschiktheidsverzekering.,Raamovereenkomst met één onderneming,Welke aanbestedingen betreffen een contract met een enkele leverancier?,Task_3
126404,1,126404,Schrijver Beschikkingen WMO,Alle huidige beschikkingen omzetten naar de nieuwe wet- en regelgeving (WMO),Aanbestedingen voor het omzetten van beschikkingen naar nieuwe wetgeving,Task_1
104159,1,104159,11000009842 - NFI - Test Engineer Hansken,Het NFI wenst een Test Engineer Hansken in te huren.,Aanbesteding voor inhuren test engineer met specifieke systeemkennis,Task_2
75191,1,75191,Warmtebeeldcamera's,"Warmtebeeldcamera TSWarmtebeeldcamera OvDten behoeve van de veiligheidsregio's Noord- en Oost Gelderland, IJsselland en Twente.",Welke aanbestedingen bevestigen investeringen in warmtebeeldcamera's door veiligheidsregio's?,Task_3
59039,1,59039,"Raamovereenkomst voor het leveren, plaatsen, reinigen, onderhouden en herstellen van 'slimme' papiermanden/vuilnisbakken met grote capaciteit op het openbaar domein van de stad Antwerpen.","Raamovereenkomst voor het leveren, plaatsen, reinigen, onderhouden en herstellen van 'slimme' papiermanden/vuilnisbakken met grote capaciteit op het openbaar domein van de stad Antwerpen.",Wie kan slimme afvalbakken met grote capaciteit leveren en onderhouden?,Task_1
104808,1,104808,Produceren en assembleren Onderlossende Containers (OLC's),"De aanbestedende dienst is de gemeente Rotterdam (mede namens 6 deelnemende gemeenten). Middels deze selectie leidraad nodigt de aanbestedende dienst gegadigden uit voor de aanbesteding onderlossende containers. Onderlossende containers (OLC's) worden binnen de deelnemende gemeenten gebruikt als middel om afval in te zamelen, voornamelijk in (groot)stedelijk gebied met veel hoogbouw. Per deelnemende gemeente zal er een apart perceel worden opgenomen zodat de opdrachtnemer rechtstreeks zaken doet met de deelnemende gemeente. De deelnemende gemeenten zullen echter 1 opdrachtnemer contracteren voor de alle percelen.",Informatie over aanbesteding afvalinzameling containers voor meerdere gemeenten,Task_2
96904,1,96904,"Raamovereenkomst Hydrologische advisering, modellering en detachering","Europese openbare aanbesteding Hydrologische advisering, modellering en detachering.Met deze aanbesteding beoogt Waterschap Rivierenland vier (4) primaire leveranciers te contracteren voor het verlenen van dienstverlening op gebied van hydrologische advisering, modellering en detachering. Naast de vier (4) primaire leveranciers wordt er ook een raamovereenkomst aangegaan met twee (2) secundaire leveranciers.Waterschap Rivierenland heeft het voornemen om een raamovereenkomst aan te gaan voor een periode van twee (2) jaar met de mogelijkheid om de overeenkomst tweemaal voor één (1) jaar onder gelijkblijvende voorwaarden te verlengen. De te sluiten raamovereenkomsten zullen worden gebaseerd op de contractvoorwaarden, die worden opgenomen in het programma van eisen bij deze leidraad.","Gaat deze aanbesteding over advies, simulaties en inhuur van expertise?",Task_3
68863,1,68863,"Europese Aanbesteding Makelaar/Broker, Managed Service Provider en ZZP Makelaar.","Tijdelijke Inhuur van specialisten via Makelaar/Broker constructie, een Managed Service Provider en een ZZP Makelaar. Waarbij de Makelaar/Broker zich richt op de ICT en technische functies. De Managed Service Provider richt zich op de overige functies. De ZZP Makelaar zal in concurrentie met de Makelaar/Broker en Managed Service Provider over alle functies worden ingezet. Voor de ICT en Techische functies worden zowel de Makelaar/Broker als de ZZP Makelaaris als second tier worden ingezet. Op de overige functies worden zowel de Managed Service Provider als de ZZP Makelaar tegelijkertijd ingezet worden met de huidige voorkeursleveranciers(met uitzondering van huidige contactuele verplichtingen).",Hoe specialisten inhuren via verschillende typen bemiddelaars voor diverse functies?,Task_1
60080,1,60080,Onderhoud elektrotechnische installaties,Gemeente Stichtse Vecht is voornemens preventief en correctief onderhoud van elektrotechnische installaties (e-installaties) van de gemeentelijke vastgoedobjecten in te kopen. Het doel van deze niet-openbare Europese aanbesteding is te komen tot een raamovereenkomst met één opdrachtnemer. Deze opdracht wordt gegund aan de inschrijver die de economische meest voordelige inschrijving met de beste prijs-kwaliteit heeft uitgebracht.,Aanbesteding onderhoud elektrotechnische installaties vastgoed raamovereenkomst prijs-kwaliteit,Task_2
38753,1,38753,Projectdirecteur Maankwartier.,Projectdirecteur Maankwartier.,Aanbestedingen voor managers van grootschalige stedelijke ontwikkeling zijn schaars.,Task_3
29054,1,29054,ARBO dienstverlening tbv SWB Midden Twente,"SWB groep is binnen deze aanbestedingsprocedure op zoek naar een arbodienstverlener die de organisatie kan bijstaan bij de verzuimbegeleiding, re-integratie, preventie en de ontwikkeling naar duurzame inzetbaarheid van medewerkers waarbij gehandeld wordt in lijn met de geldende wet- en regelgeving.","Welke aanbestedingen zoeken een arbodienst voor verzuim, preventie en duurzame inzetbaarheid?",Task_1
27430,1,27430,"Aankoop, ontwikkeling en onderhoud van HR software voor de Vlaamse Gemeenschapscommissie","Aankoop, ontwikkeling en onderhoud van een softwaresysteem dat het mogelijk maakt om van een operationeel naar een strategisch human resources management te evolueren.",Softwaresysteem voor evolutie naar strategisch human resources management?,Task_2
124273,1,124273,"EA op-, overslag en afvoer GFT en restafval regio Noord-Veluwe.","Opdrachtgever wenst per perceel een overeenkomst af te sluiten voor de op-/overslag en afvoer van gft- en restafval. Perceel 1 betreft regio Noord (gemeenten Elburg en Oldebroek), perceel 2 betreft regio Zuid (gemeenten Ermelo, Harderwijk, Nunspeet en Putten).",Afvalinzameling van gft en restafval is verdeeld over regio's.,Task_3
52803,1,52803,Applicatiebeheerder Sociaal Domein (tijdelijk),"Uden investeert in mensen, arbeidsplaatsen en voorzieningen. Uden bouwt aan de toekomst en bied een bruisend horeca- en winkelcentrum, hoogwaardige industrie, sport, cultuur en werkgelegenheid. Kortom een betaalbare, duurzame, sociale en gastvrije gemeente. De klant als centraal vertrekpunt is kenmerkend voor onze organisatie. Wij zijn daarin ambitieus, ondernemend, resultaatgericht, lerend en gericht op samenwerking. De gemeente Uden heeft tijdelijk ruimte voor een enthousiaste kandidaat voor de functie van Applicatiebeheerder Sociaal Domein (tijdelijk, 16 uur, dagen en tijden in overleg) De afdeling Maatschappelijke dienstverlening bestaat uit de 3 teams: Beleid, Maatschappelijke dienstverlening en Ondersteuning. De tijdelijke Applicatiebeheerder Sociaal Domein valt rechtstreeks onder de teamleider Ondersteuning. Functie-inhoud: Het voeren van het applicatiebeheer binnen het sociale domein wat inhoudt:•Adviseren en zorgen voor de inrichting van geautomatiseerde systemen in relatie tot de werkpro-cessen, wet en regelgeving en gemeentelijk beleid; • Zorgen voor en bewaken van een juist en optimaal gebruik van de applicaties binnen de afdeling Sociale Zaken; • Het bewaken en beheren van autorisaties en databestanden; • Het adviseren van het management bij de aanschaf van nieuwe software of gewijzigde systeemonderdelen c.g. modules ten behoeve van de afdeling Maatschappelijke dienstverlening en het testen hiervan; • Analyseren, interpreteren van en adviseren over mogelijke risico’s en verbeteringen in de bedrijfs-voering, de consequenties van noodzakelijke systeemaanpassingen alsmede aanpassingen in werk-processen bij nieuwe regelgeving, wetswijzigingen, verandering van werkwijze, beleid en/of her-inrichting organisatie; • Controle op en bewaking van de samenhang tussen geautomatiseerde systemen, werkprocessen en administratieve organisatie ten einde knelpunten en risico’s in de bedrijfsvoering te voorkomen dan wel op te lossen; • Het geven van werkinstructies en scholing aan medewerkers; • Het signaleren van en adviseren over gebruikerswensen en in functionaliteit in de geautomatiseerde systemen; • Aanspreekpunt en contactpersoon automatisering. Zowel intern als naar leveranciers en derden; • Deelname aan project-en werkgroepen (zowel intern als afdelingsoverstijgend) evenals regionale en interregionale werkgroepen; • Draagt zorg voor gegevensuitwisseling en het verstrekken van managementinformatie; • Voorziet bestuur, management en externen (o.a. CBS en Ministerie van SZW) informatie en adviseert over hun informatiebehoefte. De kandidaat aan wie de opdracht voorlopig wordt gegund, dient voor definitieve gunning een actuele Uniform Europees Aanbestedingsdocument (voorheen Eigen Verklaring) te overleggen. Wordt deze niet, of niet tijdig overlegd, dan gaan wij over tot gunning aan de tweede kandidaat in rang.",Zoek aanbestedingen voor applicatiebeheer in het maatschappelijk domein,Task_1
111894,1,111894,"Bergen, stallen en transporteren en aanverwante diensten","De Politie maakt gebruik van de dienst Bergen, stallen en transporteren van allerlei voer- en vaartuigen voor diverse doeleinden.Het voorliggende document bevat alle informatie over de marktconsultatie van het Bergen, stallen en transporteren voor de Politie die wordt uitgevoerd door de Dienst verwerving van de Politie. Daarnaast word in dit document beschreven waarom de Politie de marktconsultatie organiseert, en op welke wijze de geïnteresseerde partijen deel kunnen nemen aan de marktconsultatie.",Waarom organiseert Politie marktconsultatie materieeltransport en hoe deelnemen?,Task_2
37366,1,37366,4300057865 ketenlogistieke opleider.,4300057865 ketenlogistieke opleider.,Welke aanbestedingen bevestigen de vraag naar ketenlogistieke opleidingsdiensten?,Task_3
120764,1,120764,Nieuwbouw van een vrijstaand gebouw voor dienstverlenende en adminstratieve functies.,Lot 4: Liften voor bouwen van een nieuwbouw voor dienstverlening van geestelijke gezondheid en bijhorende administratie.,Aanbestedingen voor liften in nieuwe faciliteiten voor geestelijke gezondheidszorg,Task_1
18487,1,18487,Europese openbare aanbesteding school- en kantoormeubilair.,"De aanbesteding heeft tot doel 1 of meerdere opdrachtnemers te contracteren die:— studenten- en kantoormeubilair kunnen leveren, monteren, plaatsen en onderhouden op de locaties van het Nova College.","Zoek aanbestedingen voor levering, montage en onderhoud van studenten- en kantoormeubilair.",Task_2
123123,1,123123,Schoonmaakdienstverlening en glasbewassing.,Schoonbmaakdiensteverlening en glasbewassing.,Zoek aanbestedingen betreffende schoonmaakdiensten en reiniging van ramen,Task_3
53620,1,53620,Het leveren van GTL brandstof.,Het leveren van GTL brandstof.,Zoek aanbestedingen voor de levering van alternatieve brandstof.,Task_1
81509,1,81509,Raamovereenkomst Ingenieursdiensten t.b.v. HWBP van Waterschap Limburg,"Deze aanbesteding betreft de dienstverlening die voor het Hoogwaterbeschermingsprogramma (HWBP) van Waterschap Limburg (WL) benodigd zijn voor het succesvol doorlopen van (voor)verkenningen, planuitwerkingsfases (Projectbesluit Omgevingswet), het voorbereiden en begeleiden van de realisatie tot en met het opleveren en overdragen en de nazorgfase van de diverse projecten voor het programma. Maximale waarde € 100 miljoen euro gedurende de gehele looptijd incl. verlengingen.",Aanbesteding projectmanagement waterveiligheid: van verkenning tot nazorgfase,Task_2
33313,1,33313,Bancaire Diensten,"Belastingsamenwerking West-Brabant wil komen tot een overeenkomst met één partij voor bancaire diensten waaronder crediteur-, debiteur-, salarisbetalingen, schatkistbankieren, en betalingsverkeer voor inkomende betalingen van en restituties aan belastingplichtigen",Overheidsaanbestedingen bancaire diensten voor betalingen aan en van belastingplichtigen.,Task_3
14890,1,14890,"2021/HFB/OP/81244 - Raamovereenkomst voor het leveren van vleeswaren, vegetarische en veganistische voedingsproducten.","Raamovereenkomst voor het leveren van vleeswaren, vegetarische en veganistische voedingsproducten.","Aanbestedingen voor levering van vlees, vegetarische en veganistische producten.",Task_1
70244,1,70244,Openbare procedure voor het inzamelen van papier-karton afkomstig van huishoudelijk gebruik,De opdracht betreft de inzameling van papier-karton afkomstig van huishoudelijk gebruik in de gemeenten opgenomen in de opdracht.Deze opdracht (één perceel) omvat meer bepaald:• De inzameling huis-aan-huis;• Het transport naar het sorteercentrum van de verwerver of het door deze laatste voorgestelde overslagstation.,Hoe werkt de inzameling en verwerking van huishoudelijk oud papier?,Task_2
134641,1,134641,Aankoop van een monoplane angiografiezaal en een vaste conebeam-CT,Aankoop van een monoplane angiografiezaal en een vaste conebeam-CT,Wordt er geïnvesteerd in nieuwe diagnostische apparatuur?,Task_3
12631,1,12631,EA246 - Stichting Lezen en Schrijven: EA Technische ontwikkeling en beheer websites en social media.,"Deze Europese aanbesteding heeft als doel het sluiten van een Raamovereenkomst met vier leveranciers, die in staat zijn om te voorzien in de gevraagde dienstverlening met betrekking tot het ontwikkelen en beheren van de websites en Social Media voor het programma Taal voor het Leven. Het betreft hier mobiele websites, de vaste corporate site, actiesites en de effectieve integratie met sociale media als bijvoorbeeld Linked-in, Facebook, Twitter.",Wie kan helpen met ontwikkeling en beheer van digitale platforms en sociale media?,Task_1
106109,1,106109,Functioneel beheerder / redacteur van de website Zorginzicht,Voor de tijdelijke vervanging van een zieke medewerker zoekt Zorginstituut Nederland een Functioneel beheerder/Redacteur voor een (SharePoint-)website (Zorginzicht.nl) in de periode begin januari tot en met 31 maart 2018 voor gemiddeld 36 uren per week.,Tijdelijke invulling functioneel beheerder redacteur online platform,Task_2
120254,1,120254,"Leveren van technische en administratieve bijstand voor het opmaken van ontwerp- of aanbestedingsprojecten - Perceel 1: Bouwkunde, Perceel 2: Elektromechanika.","Onderhavige dienstenopdracht heeft tot doel het leveren van technische en administratieve bijstand voor het opmaken van gedeeltelijke en/of volledige ontwerp- of aanbestedingsdossiers van verschillende infrastructuurprojecten van de afdeling Zeekanaal (resp. Bovenschelde of Zeeschelde) van Waterwegen en Zeekanaal NV. Deze projecten kunnen van diverse aard zijn:1. bouwkundig (waterbouwkundig, wegenis, riolering, kunstwerken, staalbouw,2. Elektromechanisch (elektromechanika, automatisering ...).De te gunnen dienstenopdracht omvat daarom twee percelen, volgens specialiteit:Perceel 1 Bouwkunde.Perceel 2 Elektromechanika.",Welke aanbestedingen verdelen diensten voor infrastructuurhulp per specialiteit?,Task_3
86766,1,86766,Gemeente Leusden - Levering veegmachine,"In de raadsvergadering van 3 oktober 2024 is besloten dat de gemeente Leusden een deel van het onderhoud aan de openbare ruimte weer zelf gaat uitvoeren in plaats van uitbesteden. De huidige werkwijze voor het onderhoud aan de openbare ruimte blijkt namelijk inefficiënt om het vastgestelde
kwaliteitsniveau te behalen. Om werkzaamheden weer in eigen beheer te gaan uitvoeren is de aanschaf van verschillende machines noodzakelijk. Deze aanbesteding betreft de levering van een veegmachine. De insteek is dat de gemeente vanaf 1 april 2025 over de verschillende machines, waaronder de veegmachine, kan beschikken om de werkzaamheden zelf uit te voeren. De Aanbestedende dienst wenst een Overeenkomst af te sluiten met één (1) professionele en betrouwbare Ondernemer ten behoeve van de uitvoering van de Levering.",Veegmachine nodig voor zelfstandig onderhoud openbare ruimte,Task_1
27120,1,27120,"Raamovereenkomst in verband met levering, installatie, systeemintegratie en onderhoud van server- en storage-infrastructuur voor het provinciebestuur Vlaams-Brabant.","Raamovereenkomst in verband met levering, installatie, systeemintegratie en onderhoud van server- en storage-infrastructuur voor het provinciebestuur Vlaams-Brabant.","Aanbesteding levering, installatie, integratie en onderhoud IT-infrastructuur overheid",Task_2
59250,1,59250,Heraanleg Turnhoutsepoort.,"Doel van de aanneming:Het heraanleggen van de Turnhoutsepoort:— ten laste van AWV Antwerpen:— Noordersingel tussen kruispunt N116 en kruispunt N12,— N116 tussen Noordersingel en kruispunt Collegelaan,— N12 tussen Grapheusstraat (parking Rivierenhof) en Noordersingel,— oprit E313/E34,— aanleg gedeelte tramsporen intramuros,— ten laste van stad Antwerpen:— het gedeelte „intra muros” van Turnhoutsebaan (vanaf Singel tot kruispunt Stenenbrug),— aanleg groen extramuros,— aanleg voetpaden extramuros,— ten laste van RIO-LINK:— aanleg riolering intramuros,— ten laste van De Lijn:— opbraak tramsporen (en bovenleidingen) extramuros,— aanleg tramsporen (en bovenleidingen) brug Turnhoutsebaan extramuros,— opbraak tramsporen (en bovenleidingen) intramuros,— aanleg gedeelte tramsporen (en bovenleidingen) intramuros.Beschrijving der werken:De aanneming omvat hoofdzakelijk:— topografische verrichtingen en opmaken van uitvoeringstekeningen;— aanbrengen van signalisatie van verkeersomleidingen en werfsignalisatie;— opbraakwerken en grondwerken over de volledige breedte van het openbaar domein;— grondwerken in uitgraving en geschikt maken van het baanbed in uitgraving door menging met kalk in situ;— geschikt maken van uitgegraven bodem voor hergebruik: mengen met cement en/of kalk;— opbreken van bestaande rioleringen;— aanleggen van funderingen;— aanleggen van rijwegen in asfalt;— aanleggen van fietspadverharding in gekleurde asfalt;— aanleggen van voetpadverharding in betonstraatstenen;— aanleg parkeerstroken in kasseien;— aanleggen van kruispunten in asfalt en figuratiebeton;— vernieuwen waterdichting brug N12;— vernieuwen brugdekvoegen;— aanleggen van bushalten, busperrons en inritten in betonstraatstenen;— uitvoeren van allerhande lijnvormige elementen in cementbeton en prefabelementen;— aanleggen van een RWA-riolering en DWA-riolering;— opmaken van as-built plannen kunstwerken, wegenis, spoorwerken en riolering;— plaatsen en aansluiten van straatkolken;— aanpassen van de huistoegangen en huisinritten;— aanbrengen van markeringen;— spoorwerken;— leveren en plaatsen van straatmeubilair;— groenaanleg en groenonderhoud;— het onderhoud van de werken gedurende de waarborgperiode.",Een grootstedelijk herinrichtingsproject omvat doorgaans geen spoorwerken.,Task_3
2692,1,2692,Contractcatering Opvangvoorzieningen,"Het COA heeft op alle dagen behoefte aan contractcatering ten behoeve van de bewoners op locaties. De leveringen en diensten kunnen van toepassing zijn op alle locaties van het COA én op die noodopvanglocaties waar bewoners niet zelfstandig een warme maaltijd kunnen bereiden. Op de locaties waar de bewoners normaliter zelf in hun maaltijden voorzien kan altijd sprake zijn van quarantaine of ‘time outs’ waardoor een bewoner dat tijdelijk niet kan. Naast de levering is er behoefte aan de distributie van de maaltijden. Hierbij is het principe van ‘ontkoppeld koken’ van toepassing, waarbij de opdrachtnemer, afhankelijk van de voorzieningen op de betreffende locatie, de geleverde maaltijden eerst opwarmt en dan serveert, danwel koud verstrekt. Zie voor meer informatie het Beschrijvend document.",Zoek aanbestedingen maaltijdvoorziening en distributie opvanglocaties bij onvermogen zelf te koken.,Task_1
68828,1,68828,Verzekeringsdienst.,"Het betreft een brand-/vlieg-/storm- en/of uitgebreide gevarenverzekering ten behoeve van de eigendommen van de gemeente Wijchen, alsmede de scholen gelegen in de gemeente Wijchen.",Informatie over uitgebreide gevarenverzekering voor gemeentelijke eigendommen en scholen.,Task_2
30261,1,30261,Leermanagementsysteem,"Deze aanbesteding is een gezamenlijk aanbesteding van Stichting Regionaal Opleidingen Centrum Noord Kennemerland/ West-Friesland (ROC Horizon College) en Stichting Regio College voor Beroepsonderwijs en Educatie Zaanstreek Waterland (Regio College).De aan te besteden opdracht voor een Leermanagementsysteem (LMS) voor studenten betreft het leveren, installeren, implementeren en onderhouden van een Leermanagementsysteem voor het Horizon College en Regio College.Deze aanbesteding heeft als doel het aanschaffen en implementeren van een toekomstbestendig en gebruiksvriendelijk Leermanagementsysteem dat voldoet aan de wensen en behoeften van het onderwijs, waarbij minimaal 70% van de opleidingen van Horizon College en Regio College van dit systeem gebruikt maakt binnen een termijn van vier jaar.",Aanbesteding leermanagementsysteem: verplicht 70% adoptie onderwijs binnen vier jaar?,Task_3
12571,1,12571,Levering van Gasanalyse apparatuur.,Gasanalyse apparatuur voor zuurstof 93 % Europese Pharmacopee.,Welke aanbestedingen zijn er voor gasanalyse van zuurstof 93% volgens de Europese Pharmacopee?,Task_1
55263,1,55263,Dienstverleningsovereenkomst Vrijgevestigden.,Bestuurlijke aanbesteding.,Wat zijn de kenmerken van aanbestedingen door de overheid?,Task_2
25727,1,25727,2017/02 DOKSCH — bestek voor werken van een nieuwbouw passief Stadsgebouw Oude Dokken.,"Open aanbesteding voor werken van een nieuwbouw passief Stadsgebouw Oude Dokken, Gent.",Bestaat een aanbesteding voor nieuwbouw passief openbaar gebouw?,Task_3
111569,1,111569,Europese openbare procedure levering van leermiddelen en onderwijsdiensten De Nassau,De Nassau wenst nieuwe overeenkomsten aan te gaan voor de levering van leermiddelen en het aanbieden van onderwijsdiensten.,Zoek aanbestedingen voor de levering van leermiddelen en onderwijsdiensten.,Task_1
90638,1,90638,Huur en het onderhoud van multifunctionele printers en uitvoering van aanverwante leveringen en diensten voor de Hogeschool Gent.,Huur en het onderhoud van multifunctionele printers en uitvoering van aanverwante leveringen en diensten voor de Hogeschool Gent.,Toelichting op aanbestedingen multifunctionele printers onderhoud en leveringen hogeschool.,Task_2
6822,1,6822,Afvalverwerking,afvalverwerking,Bevestigen aanbestedingen de continue behoefte aan afvalverwerking?,Task_3
108475,1,108475,Marktconsultatie — dienstverleningsovereenkomst t. b.v. werkgeversvereniging waterschappen (verwachte einddatum: 24.3.2021),"De Vereniging werken voor waterschappen is op zoek naar een geschikte partij die kan ondersteunen bij werkzaamheden m.b.t. communicatie, financiële administratie, secretariële ondersteuning, beleidsinhoudelijke werkzaamheden en facilitaire ondersteuning.Alle partijen worden in deze marktconsultatie van harte uitgenodigd mee te denken over de wijze waarop de opdracht in de markt gezet kan worden.","Zoek ondersteuning communicatie, financiële administratie, secretariaat, beleid en facilitair.",Task_1
115045,1,115045,"A02.11.2020 Levering bedrijfskleding, PBM's en schoeisel ten behoeve van Cluster Beheer en DZB van de gemeente Leiden","Middels deze aanbesteding willen cluster Beheer, Leiden en organisatieonderdeel DZB Leiden van de gemeente Leiden per perceel een Raamovereenkomst aangaan met een leverancier voor de levering van bedrijfskleding, PBM's en schoeisel.Voor cluster Beheer, Leiden hoort hier ook de reparatie en wasserij bij. Voor DZB Leiden wordt de reparatie en wasserij niet meegenomen in deze aanbesteding.",Inhoud aanbesteding voor bedrijfskleding en persoonlijke beschermingsmiddelen?,Task_2
39682,1,39682,Huisvuilinzameling gemeente Mook en Middelaar,"de gemeente Mook en Middelaar wenst een overeenkomst aan te gaan met een huisvuilinzamelaar voor het inzamelen van de huishoudelijke afvalfracties restafval, gft en kunststofafval.",Overheden zoeken externe partners voor gescheiden afvalinzameling,Task_3
135189,1,135189,Renovatie sport- en speelterrein,"Inlichtingen i.v.m. dit bestek kunnen verkregen worden bij:  Naam: De heer Steven Jacobs Adres: Beleidscoördinator Grondgebiedzaken, Stad Halen, Markt 14 te 3545 Halen Telefoon: 013 61 81 25 E-mail: steven.jacobs@halen.be      Hoofdvoorwerp opdracht is LEVERING:   CPV Code:  Leveren en plaatsen van speeltoestellen  CPV CODE 37535200-9/ SPEELTUINUITRUSTING  én  CPV CODE 43325000-7/UITRUSTING VOOR PARKEN EN SPEELPLAATSEN    Opdracht opgedeeld in percelen De aanbestedende overheid heeft het recht om slechts enkele percelen te gunnen en eventueel te besluiten om de andere percelen op te nemen in één of meer nieuwe opdrachten die desnoods op een andere wijze zullen geplaatst worden.   De inschrijver mag een offerte indienen voor alle percelen (artikel 58, § 1, vierde lid, Overheidsopdrachtenwet 2016 die de aanbestedende overheid oplegt om in de aankondiging van een opdracht te vermelden of offertes mogen worden ingediend voor één, meer of alle percelen. De aanbestedende overheid mag met andere woorden opteren voor een beperking van het aantal percelen waarvoor een inschrijver een offerte mag indienen.)   Het is verboden om de offerte aan te vullen met verbeteringsvoorstellen die de inschrijver per perceel toestaat in geval van samenvoeging van bepaalde percelen waarvoor een offerte wordt ingediend.",Aanbesteding speeltuinuitrusting: inschrijven op alle percelen mogelijk?,Task_1
121662,1,121662,Schoonmaak ngz.,Algemene reiniging van gebouwen.,Definitie en scope van algemene reiniging van gebouwen.,Task_2
52118,1,52118,AI 2017-0147 Landmaken Ertskade,AI 2017-0147 Landmaken Ertskade,Aanbestedingen die aantonen dat landaanwinning nog plaatsvindt.,Task_3
65715,1,65715,Accountantsdiensten,Het doel van de aanbesteding is het sluiten van twee overeenkomsten met een accountbureau voor het opstellen van de jaarrekening inclusief de interim controle en de rechtmatigheidscontrole voor het Participatiefonds en het Vervangingsfonds. De overeenkomsten worden gesloten voor een periode van vier controlejaren met viermaal de optie tot verlenging met telkens één controlejaar. De uitvoering van de werkzaamheden vangen aan met de controles voor het controlejaar 2021.,Zoek aanbestedingen voor jaarrekeningcontrole van fondsen door accountbureau.,Task_1
69748,1,69748,Levering en onderhoud Telefonieapparatuur en Frontoffice programmatuur.,Levering en onderhoud KA-telefonieapparatuur en Frontoffice Programmatuur t.b.v. Klantcontactcenter.,Welke diensten omvat levering en onderhoud van klantcontact software en communicatie?,Task_2
19518,1,19518,Marktconsultatie X-ray source,De Vrije Universiteit Amsterdam (Faculteit Exacte Wetenschappen) heeft de intentie een X-ray source for structure determination te gaan kopen.Met deze marktconsultatie wil de VU onderzoeken of er meerdere partijen in de markt zijn die deze module kunnen leveren. Voor verdere details verwijzen wij u naar de bijlage.,Zijn er meerdere aanbieders van röntgenapparatuur voor structuurbepaling?,Task_3
53805,1,53805,Drukwerk.,"Het betreft de aanbesteding van print- en drukwerk voor de Gemeente Sittard-Geleen, Gemeente Heerlen en het SSC-ZL als gebruiker. Er is sprake van aanbesteding van raamovereenkomsten voor de levering op afroep van correspondentiedrukwerk (perceel 1) en overig print- en drukwerk (perceel 2). Door het aangaan van een raamovereenkomst kennen de deelnemers geen afnameplicht. Voor iedere raamovereenkomst geldt dat deze per 01.02.2018 ingaat. Iedere raamovereenkomst kent een hoofdduur van 2 jaar. Daarna bestaan er achtereenvolgens 2 optionele verlengingsmogelijkheden, telkens voor een periode van 12 maanden. Inclusief verlengingen kunnen de raamovereenkomsten dus lopen tot en met uiterlijk 31.01.2022.",Zoek aanbestedingen voor print- en drukwerk via raamovereenkomst op afroep.,Task_1
64754,1,64754,Sociale teams gemeente Helmond,Betreft een openbare marktconsultatie ter voorbereiding op de aanbesteding van de sociale teams voor de gemeente Helmond.,Informatie over marktconsultatie ter voorbereiding aanbesteding sociale voorzieningen?,Task_2
79908,1,79908,Europees openbare aanbesteding accountantsdiensten.,"Door middel van deze aanbesteding wil de gemeente Nieuwegein een partner contracteren die in staat is om accountantsdiensten te leveren conform de eisen die omschreven staan in de offerteaanvraag.Het jaarlijks terugkerend uitvoeringsprogramma binnen de opdracht bestaat uit:1. de interim controle;2. de controle van de jaarstukken, gericht op het verstrekken van een accountantsoordeel bij de jaarrekening;3. de controle van de verantwoording „Single information” en „Single audit”;4. de natuurlijke adviesfunctie;5. bestuurlijke ondersteuning.",Welke aanbestedingen weerleggen dat gemeenten enkel jaarstukken laten controleren?,Task_3
26483,1,26483,Huur en onderhoud van linnen — onderhoud beroepskledij — kleding verdeelsysteem (wasserij/KUA).,"Huur en onderhoud van plat linnen en onderhoud van beroepskledij voor 4 jaar.Voor de campus Menen en campus Brugsesteenweg voorziet de dienstverlener een kledingverdeelsysteem.Leveringsplaats: diverse locaties.AZ Delta Campus Menen, Oude leielaan 6 te 8930 Menen.AZ Delta Campus Westlaan, Westlaan 123 te 8800 Roeselare.AZ Delta Campus Wilgenstraat, Wilgenstraat 2 te 8800 Roeselare.AZ Delta Campus Brugsesteenweg, Brugsesteenweg 90 te 8800 Roeselare.Sint-Andriesziekenhuis Tielt, Bruggestraat 84 te 8700 Tielt.WZC Tielt: Krommewalstraat 9 te 8700 Tielt.",Welke aanbestedingen zijn er voor kledingbeheer en wasservice zorginstellingen?,Task_1
12984,1,12984,MUNITIERUIMEN SCHIETRANGE VLIEHORS EN NOORDERVAARDER 2012-2014,Ruimen munitieresten Schietrange Vliehors en Noordervaarder.,Aanbestedingen voor opruimen van munitieresten op schietterreinen en watergebieden,Task_2
133781,1,133781,"Herentals, Kleerroos, Ontwerpteam voor het renoveren van 3 woontorens 'Kleerroos' het bouwen van 12 nieuwe wooneenheden en de reconversie van een bestaande parking naar fietsenberging","Voorwerp opdracht:
De uit te voeren opdracht betreft het renoveren van 3 woontorens 'Kleerroos' ( o.a aanpassen brandtrappen en terassen), het bouwen van 12 nieuwe wooneenheden, de reconversie van een bestaande parking naar fietsenberging in de Kleerroos wijk te Herentals.",Zijn er aanbestedingen waarbij parkeerplaatsen worden omgebouwd tot fietsenstallingen?,Task_3
9443,1,9443,Openbare Europese Aanbesteding (feestdagen) geschenken en attenties,"Doelstelling: Het doel van deze aanbesteding is het selecteren en contracteren van drie leveranciers die organisatorisch en logistiek geschikt zijn voor het leveren van kwalitatief goede, gevarieerde geschenken via een webwinkel volgens de eisen en wensen van de Belastingdienst voor een periode van minimaal 2 en maximaal 4 jaar waarbij een goede balans is gevonden voor Best Value for Money binnen de kaders van het beleid.",Zoek aanbesteding voor levering kwalitatieve diverse geschenken middels een webwinkel.,Task_1
36982,1,36982,Levering en onderhoud vrachtwagen,De gemeente Vlaardingen wil een overeenkomst afsluiten voor de levering van één vrachtwagen met opbouw met de daarbij behorende service en onderhoud.,Informatie over aanbestedingen voor aanschaf en onderhoud van bedrijfsvoertuigen,Task_2
5984,1,5984,Berm en Schouwafval afvoeren,De gemeente Meppel is op zoek naar één (1) leverancier voor het afvoeren van het berm en schouwafval.,Aanbestedingen verwijdering wegberm- en slootafval door slechts één partij?,Task_3
80080,1,80080,Inhuur Advies & Coaching: supervisie en intervisies,Inhuur tijdelijk docent/ programma manager / Professional,Aanbestedingen gezocht voor inhuur van interim docenten en programmamanagers.,Task_1
91789,1,91789,Oproep tot kandidaatstelling – Lastenboek raamovereenkomst voor leveringen apparatuur voor medische beeldvorming via beperkte offerteaanvraag.,"— teneinde te kunnen voldoen aan de continue en desgevallend dringende behoefte tot aanschaf van verschillende apparatuur voor medische beeldvorming, wenst de Opdrachtgever over te gaan tot het afsluiten van een raamovereenkomst zoals bedoeld in artikel 32 van de wet van 15.6.2006;— deze raamovereenkomst moet toelaten om binnen korte termijn opdrachten te gunnen voor bepaalde behoeften en producten tegen de voordeligste voorwaarden en dit volgens de meest recente technologie;— de opdrachtgever garandeert geen minimumafname of exclusiviteit;— de opdracht zal worden gegund volgens een beperkte offerte-aanvraag;— in een eerste fase zullen aldus alle stukken in verband met de toegangsvoorwaarden en kwalitatieve selectievoorwaarden worden beoordeeld. Op basis hiervan zullen minimum 5 gegadigden worden weerhouden per lot;— in een tweede fase zullen de weerhouden kandidaten/gegadigden worden uitgenodigd tot het insturen van een offerte die zal worden beoordeeld volgens de gunningscriteria. Op basis hiervan zal een multilaterale raamovereenkomst met minimum 3 inschrijvers worden afgesloten;— de duurtijd van deze raamovereenkomst bedraagt 4 jaar;— naderhand kan in een derde fase per concrete gelijkaardige opdracht die zich aandient worden overgegaan tot het organiseren van een minicompetitie tussen de meest geschikte inschrijvers aan wie de opdracht werd toegewezen en dit conform de wetgeving overheidsopdrachten zoals van toepassing op onderhandelingen zonder bekendmaking.",Uitleg meerfasige gunningsprocedure kaderovereenkomst zonder minimumafname.,Task_2
52859,1,52859,Doorlopende CAR-verzekering HHNK,"De opdracht bestaat uit het aangaan van een verzekeringsovereenkomst met een verzekeraar voor een doorlopende CAR-verzekering met als ingangsdatum 1 januari 2018 voor de duur van drie jaar.Verzekeringsmakelaar Willis Towers Watson BV treedt bij de uitvoering van de verzekeringsovereenkomst op als bemiddeld makelaar en maakt als zodanig de polis ten behoeve van aanbesteder op, verwerkt de mutaties, incasseert de premies en bemiddelt bij eventuele schaden volgens de van toepassing zijnde voorwaarden.Door het indienen van een verzoek tot deelneming accepteert gegadigde dat Willis Towers Watson BV bij deze rol voor aanbesteder vervult en dat de verzekeringsovereenkomst wordt aangegaan op de Polisvoorwaarden WTW C.A.R. 2017 (doorlopend), versie juli 2017.",Een verzekeringsmakelaar is niet betrokken bij het incasseren van premies.,Task_3
22017,1,22017,Renovatie Basisschool St Henricus,De opdracht betreft de eerste fase van het ontwerp voor de renovatie van Basisschool St Henricus te Amsterdam.,Aanbestedingen voor de eerste ontwerpfase van een schoolgebouw modernisering,Task_1
6418,1,6418,Preventief- en correctief onderhoud koel- ventilatie- en verwarmingsinstallaties (DIG-12927),De opdracht bestaat uit het preventief- en correctief/vervangend onderhoud van klimaat installaties (koelventilatie- en verwarmingsinstallaties) binnen het werkgebied van het Hoogheemraadschap van Rijnland.,Welke aanbestedingen omvatten preventief en correctief onderhoud aan klimaatbeheersingssystemen?,Task_2
31455,1,31455,Vervanging Financieel Systeem,"Levering, implementatie en onderhoud van een transactioneel systeem voor een professionele, projectgerichte en budget gestuurde organisatie aangevuld met ondersteuning van de P&C processen.",vraag naar systemen voor projectbeheer en financiële processen,Task_3
24473,1,24473,HOV Busbaan Transwijk.,"De gemeente Utrecht (hierna: de gemeente) wil een overeenkomst afsluiten met betrekking tot HOV Busbaan Transwijk (HOVT). De gemeente wil aan een inschrijver de opdracht gunnen en is voornemens het contract in twee fasen op te dragen:— fase I: ontwerpwerkzaamheden en voorbereidende uitvoeringswerkzaamheden,— fase II: uitvoering van onderdoorgangen, HOV busbaan en maaiveldinrichting.De intentie is om fase I z.s.m. na beoordeling van de inschrijvingen op te dragen en fase II op te dragen zodra het bestemmingsplan onherroepelijk is (gepland voor 31.3.2017). Hiermee wordt beoogd vertraging van het project als gevolg van de planologische procedure te voorkomen.De globale scopeverdeling tussen fase I en II is hieronder beschreven.Fase I:— definitief ontwerp van (deel)objecten HOVT,— uitvoeringsontwerp van (deel)objecten HOVT,— coördinatie van kabels en leidingen,— verkeersmaatregelen t.b.v. omleggen Eneco warmtetransport leiding,— verkeersmaatregelen t.b.v. omleggen overige K&L in periode tot 31.3.2017,— constructiewerkzaamheden t.b.v. K&L kruising en/of opvang,— aanleg rioolbypass Anne Frank plein (incl. benodigde verkeersmaatregelen, tijdelijke pompinstallaties),— vellen en verplanten bomen t.b.v. fase I, en inrichten bomendepot.Fase II:— uitvoering onderdoorgangen 5 meiplein en Anne Frankplein,— uitvoering HOV infrastructuur,— uitvoering overige infrastructuur (wegen, riolering, openbare verlichting, verkeersregel-installaties etc.),— vellen bomen t.b.v. fase II, terugplanten bomen uit bomendepot.Volledigheidshalve merken wij op dat, aangezien er sprake is van gefaseerde opdrachtverlening, bij het niet door gaan van opvolgende fase(n) het geen bepaald in de UAV-GC artikel 16-10 b niet van toepassing is.U kunt kenbaar maken dat u wilt meedingen naar deze opdracht door het tijdig via www.TenderNed.nl (verder te noemen TenderNed) indienen van de in TenderNed gevraagde gegevens van uw onderneming.",Aanbesteding ontwerp en aanleg gefaseerde openbaar vervoer infrastructuur,Task_1
96900,1,96900,Marktconsultatie – openbare marktconsultatie Wmo Woonvoorzieningen (verwachte einddatum: 14.10.2019),"Als onderdeel van de voorbereiding op een openbare Europese aanbesteding woonvoorzieningen is besloten om voorafgaand een marktconsultatie te houden. Het doel van de marktconsultatie is 2-ledig. Enerzijds om de markt voorafgaand aan de voorgenomen aanbesteding te informeren over het gehele project, de huidige ideeën over mogelijke fasering, planning en dergelijke. Anderzijds het verzamelen van marktkennis ter voorbereiding op de aanbesteding en het verkrijgen van inzicht in de mogelijke interesse in de dienstverlening de levering en dienstverlening op woonvoorzieningen.",Waarom een marktconsultatie houden voor aanbesteding van woonvoorzieningen?,Task_2
54036,1,54036,"Raamovereenkomst voor de afzet van bouwstoffen, grond en asfalt.","De aanbestedende diensten, tevens toekomstig opdrachtgever(s) zijn de gemeente Heerlen en Maastricht.
               Tot aan het gunningsvoornemen laat de aanbesteder zich vertegenwoordigen door de rechtspersoon naar publiek recht genaamd „Shared Service Center- Zuid Limburg” (SSC-ZL). De besluitvorming inzake voornemen tot gunning en verdere besluitvorming worden vanaf dit moment genomen door de aanbesteder.
               De overeenkomst omvat het in depot nemen, het innemen, het be- en verwerken, het registreren, het onderzoeken van bij de aanbesteder vrijkomende bouwstoffen (vormgegeven en niet vormgegeven), grond, mengsel van bouwstof en grond van onbekende milieu hygiënische kwaliteit en asfalt welke niet rechtstreeks door de aanbesteder kunnen worden ingezet ten behoeve van hergebruik dan wel de definitieve verwijdering hiervan.",Zoek aanbestedingen voor beheer van onbruikbare bouw- en restmaterialen.,Task_3
88760,1,88760,Europese niet-openbare aanbesteding met voorafgaande selectie voor brandblusmiddelen en EHBO middelen,"Gasunie is voornemens met één inschrijver een overeenkomst te sluiten voor in totaal 10 jaar. Deze overeenkomst heeft een beoogde looptijd van vijf (5) jaar met de optie om deze één (1) keer met vijf (5) jaar te verlengen. De beoogde ingangsdatum is 1 januari 2025. De beoogde ingangsdatum is een streefdatum, hieraan kunnen geen rechten worden ontleend.


De scope van de opdracht behelst leveren, onderhouden (preventief en correctief), keuren, aan/hervullen en vervangen van brandblusmiddelen en EHBO middelen.

Brandblusmiddelen
Onder brandblusmiddelen wordt het volgende verstaan:
• Brandblussers;
o Schuimblussers;
o Poederblussers;
o co2 blussers;
• Blusdekens;
• Aansluitpunten;
• Blusleidingen;
• Bluswagens;
• Brandslangen;
• Brandslanghaspels;
• Brandslangkasten;
• Nooddouches;
• Brandcards.

EHBO middelen
Onder EHBO middelen wordt verstaan:
• EHBO dozen. ca. 4000 items",Welke aanbesteding zoekt leverancier brandblus- en EHBO-middelen inclusief onderhoud?,Task_1
74969,1,74969,Aanbesteding drukwerk 2014.,Gemeente Arnhem geeft op jaarbasis ca. 265 000 EUR uit aan drukwerk. Deze aanbesteding wordt opgedeeld in twee (2) percelen:(1) perceel 1: regulier drukwerk;(2) perceel 2: verkiezingsdrukwerk en drukwerk t.b.v. de burgerlijke stand.,Uitleg over aanbestedingen voor drukwerk: jaarlijkse uitgaven en perceelindeling.,Task_2
45503,1,45503,"Project FAST incidentafhandeling op de autosnelwegen A10,A12,A1,A201,A3,A4 en R0, R22 in Vlaams-Brabant. Takelen en afvoeren van voertuigen met Maximaal Toegelaten Massa (MTM) > 3.5 ton 3 percelen.","Project FAST incidentafhandeling op de autosnelwegen A10,A12,A1,A201,A3,A4 en R0, R22 in Vlaams-Brabant. Takelen en afvoeren van voertuigen met Maximaal Toegelaten Massa (MTM) > 3.5 ton 3 percelen.Project FAST, Incidentafhandeling op de autosnelwegen A10, A12, A1, A201, A3, A4, A2 en R0, R22 in de provincie Vlaams-Brabant.Vrijmaken van de weg langs bovengenoemde autosnelwegen en ringwegen van voertuigen met een MTM > 3.5T.Binnen het verder beschreven actiegebied.",Weg vrijmaken van zware voertuigen op autosnelwegen,Task_3
40365,1,40365,Renovatie gebouwgebonden bouwkundige werkzaamheden „De Vereeniging” te Nijmegen.,Renovatie gebouwgebonden bouwkundige werkzaamheden „De Vereeniging” te Nijmegen.,Welke aanbestedingen zijn er voor bouwkundige renovatieprojecten?,Task_1
65757,1,65757,Europese aanbesteding WGA Eigenrisicodragerverzekering,"Deze aanbesteding is geïnitieerd om de adminstratieve ballast voor de te sluiten verzekeringsovereenkomsten te verminderen. Aon heeft, als intermediair, in samenwerking met Vereniging voor Protestants Christelijk Basisonderwijs in de gemeente Dantumadiel (penvoerder) het initiatief genomen met deze aanbesteding een efficient proces voor zowel de aanbestedende dienst(en), deelnemers en Aon te bewerkstelligen. Doel van deze aanbesteding is dat de randvoorwaarden voor de opdracht grotendeels worden vastgelegd door middel van een raamovereenkomst. Vervolgens kunnen aanbestedende diensten conform deze voorwaarden een verzekeringsovereenkomst sluiten op basis van een minicompetitie. De raamovereenkomst heeft ten doel om voor aanbestedende diensten een verzekeringsovereenkomst (conventioneel) af te sluiten voor WGA ERD.",Hoe administratieve lasten verminderen bij WGA ERD verzekeringen?,Task_2
41121,1,41121,OMOP Dagelijks onderhoud dienstverlening.,"De werkzaamheden hebben betrekking op het uitvoeren van (kleine) onderhoudswerkzaamheden aan straatwerk, rioleringen, bebording en servicewerkzaamheden. Het werk bestaat in hoofdzaak uit:a. kleinschalig straatwerk;b. ontgraven en aanvullen van cunet en/of rioolsleuf;c. verwijderen en aanbrengen van riolering, putten en kolken;d. aanbrengen en verwijderen van verkeersborden/verkeersboordpalen;e. het uitvoeren van bijkomende werkzaamheden;f. het leveren van allround ploegen.",Betreft deze aanbesteding uitsluitend werkzaamheden aan straatwerk?,Task_3
107906,1,107906,Onkruidbeheersing op verharding Gemeente Papendrecht 2019–2022,"Het werk bestaat in hoofdzaak uit:— Onkruidbeheersing elementenverharding,— Onkruidbeheersing ongebonden verharding,— Onkruidbeheersing goten langs gebonden verhardingen,— Overgroei randen verharding.",Welke werkzaamheden omvat onkruidbeheersing op verschillende soorten verharding?,Task_1
64742,1,64742,Uitzendkrachten 2020-2024,"De gemeente Tilburg, doorloopt momenteel een Europees aanbestedingstraject voor de inhuur van uitzendkrachten. Het tijdelijk personeel vanaf schaal twee tot en met schaal acht zal worden ingezet voor het opvangen van werkpieken, tijdelijke projecten, om vast personeel tijdelijk te vervangen dan wel de bezetting van de flexibele schil die wordt aangehouden. De opdrachtnemer fungeert als werkgever voor de uitzendkracht en voert alle daaruit voortkomende werkgeversverplichtingen uit van uitbetalen van het salaris (inlenersbeloning o.b.v. equal pay) tot de jaaropgave, geven van veiligheidsinstructies, wettelijke aansprakelijkheidsverzekering, etc. Inschrijver ondersteunt bij het zoeken van personeel.",Takenpakket van een leverancier voor flexibele personeelsinzet.,Task_2
49528,1,49528,153211 — 2095 — V&OR — Senior adviseur assetmanagement openbare verlichting.,"Gemeente Amsterdam heeft regelmatig behoefte aan externe inhuur van diverse expertise en capaciteit. Gemeente Amsterdam nodigt geïnteresseerde ondernemers voor de vakgebieden uit om zich te registreren op het CTM platform en aan te melden voor het platform Externe inhuur. Ondernemers kunnen zich aanmelden voor 1 of meerdere vakgebieden binnen. Zodra gemeente Amsterdam behoefte heeft aan externe inhuur, wordt de offerteaanvraag in het platform Externe inhuur uitgezet. Ondernemers kunnen zich aanmelden voor de het platform Externe inhuur conform de minimaal gestelde eisen. Aan de toelating kan geen recht op opdrachten worden ontleend.Het platform Externe inhuur voor externe inhuur heeft betrekking op functies in de volgende vakgebieden (onder voorbehoud van ontwikkelingen/uitbreidingen): — Arbo – (Bouw) technisch — Communicatie — Facilitair — Financieel — Personeel en Organisatie — ICT — Inkoop — Interim management en Advies — Juridisch — Grondzaken en gebiedsontwikkeling — Sport.",Welke diverse vakgebieden vallen onder externe inhuur bij de overheid?,Task_3
115662,1,115662,Vervangen topdek ramschip “Schorpioen.,"Bij het Marinemuseum ligt het ramschip de ""Schorpioen"" waarvan de huidige staat van het topdek zodanig is dat er restauratiewerkzaamheden aan dienen te worden uitgevoerd. Doel van deze restauratie is om de ""Schorpioen"" in museumstaat, een optische operationele staat, terug te verkrijgen.Om een veilig platform te garanderen voor publiek en personeel dient het dek in goede conditie te verkeren. Deze conditie wordt op gezette tijden geïnspecteerd. De laatste inspectie heeft uitgewezen dat het houten topdek van de Schorpioen in minder goede staat verkeerd en dient te worden vervangen.Tevens wordt door de slechte staat de stalen dekdelen aangetast waardoor lekkages ontstaan, de lekkages veroorzaken nevenschade in het schip. Van deze inspecties bestaan geen inspectierapporten.Het vernieuwde topdek moet van voldoende constructieve sterkte zijn om de veiligheid ook qua beloopbaarheid inclusief gladheid te borgen van de bezoekers.De werkzaamheden bestaan hoofdzakelijk uit:— beschermen van de omgeving tegen vervuiling,— verwijderen reling om het dek,— verwijderen van het bestaande topdek,— reinigen, ontroesten, herstellen en conserveren/behandelen van bestaande metalen dek,— conserveren van het dek,— aanbrengen van isolatielaag,— plaatsen van nieuwe topdek,— behandelen van het nieuwe topdek incl de naden,— plaatsen reling om het dek,— dek schuren,— afvoeren milieubelastende materialen en onderdelen,— de werkzaamheden.De ""Schorpioen"" is niet verplaatsbaar;Zie voor exacte details de aanbestedingsstukken.",Aanbesteding restauratie houten dek van historisch museumschip ter plaatse?,Task_1
23709,1,23709,Gladheidsbestrijdingsmiddelen voor start- en rolbanen en platforms voor de luchthavens van het Ministerie van Defensie.,"De aanbestedende dienst nodigt u hierbij uit voor het indienen van een inschrijving voor: levering, op afroep, van gladheidsbestrijdingsmiddelen voor start- en rolbanen en platforms voor de luchthavens ten behoeve van het Ministerie van Defensie, zoals beschreven in de aanbestedingsstukken.Uw inschrijving zal worden beoordeeld op basis van de voorwaarden zoals gesteld in deze uitnodiging tot inschrijving, waarbij gebruik wordt gemaakt van de openbare procedure conform de Aanbestedingswet.De gladheidsbestrijdingsmiddelen hebben tot doel dat de Defensie luchthavens operationeel zijn en blijven onder alle weersomstandigheden in elk jaargetijde.",Functie van gladheidsbestrijding op luchthavens voor operationele inzet bij elk weer?,Task_2
21817,1,21817,1-322-16 Psychologische diagnoses en Psychologische begeleiding,"Perceel 1 – Psychologische diagnoses De onderhavige opdracht heeft samengevat betrekking op een instrument dat inzicht geeft in de psychische gesteldheid van de doelgroep, wat de psychische ‘belastbaarheid’ is en welke vervolgstappen nodig zijn. De doelgroep geeft aan psychische klachten te hebben welke een belemmering vormen om te kunnen deelnemen aan de arbeidsmarkt, werkervaringsplaats (WEP) of de werkconsulent vermoedt belemmeringen op psychische gronden. De werkconsulent heeft behoefte aan een objectieve diagnose. De Aanbestedende Dienst beoogt derhalve met deze opdracht een partij te contracteren die in staat is een objectieve diagnose van de psychologische klachten welke een belemmering vormen om te kunnen deelnemen aan de arbeidsmarkt of aan een WEP te stellen. Het beoogde resultaat van de nadere opdracht is een rapportage welke inzicht geeft in de psychische staat van een werkzoekende: de mogelijkheden en belemmeringen in relatie tot werk, de psychische ‘belastbaarheid’ en de mogelijke vervolgstappen. In bijlage ?? is een voorbeeld van een gewenste rapportage gevoegd. Het is mogelijk dat gedurende de contractperiode het cluster Maatschappelijke Ontwikkeling mede gebruik zal gaan maken van deze raamovereenkomst. Perceel 2 – Psychologische begeleiding De onderhavige opdracht heeft betrekking op de inhuur van psychologen voor 2 FTE voor het deelnemen als onderdeel van een multidisciplinaire team. Minimaal 1 FTE wordt ingevuld door een (basis)psycholoog; voor de inzet van de overige FTE is ook een sociaal-psychiatrisch verpleegkundige (SPV-er) mogelijk. De Aanbestedende Dienst beoogt derhalve met deze opdracht om door middel van gesprekken door de psycholoog de werkzoekenden te begeleiden/ helpen de ervaren psychische belemmering(en) hanteerbaar te maken. De arbeidshulpverlener maakt gebruik van de methodiek zelfsturing/ motivational interviewing. Waar nodig wordt aanvullend diagnostisch onderzoek uitgevoerd. De arbeidshulpverlener begeleidt de werkzoekende met het doel 'aan het werk' als leidraad. Waar nodig wordt doorverwezen naar reguliere hulpverlening en/of wordt overleg gepleegd met behandelaars.",Aanbestedingen psychologische diagnoses en begeleiding voor re-integratie werkzoekenden,Task_3
27675,1,27675,"Bouwen nieuwe dakserre voor onderzoek, vorming en educatie op de site REO veiling op de bestaande kistenloods.","Bouwen nieuwe dakserre voor onderzoek, vorming en educatie op de site REO veiling op de bestaande kistenloods.",Aanbesteding realisatie educatieve onderzoeksfaciliteit op dak van bestaand gebouw?,Task_1
125249,1,125249,"EG.133151/JJJS - Schadefonds Geweldsmisdrijven – levering, inrichting en onderhoud van een nieuw zaaksysteem.",Europese aanbesteding volgens de openbare procedure voor levering en inrichting van een nieuw zaaksysteem alsook het onderhoud gedurende de economische levensduur van de applicatie.,"Uitleg Europese aanbesteding zaaksysteem levering, inrichting en onderhoud.",Task_2
43321,1,43321,"Raamovereenkomst voor aankoop, levering en installatie van echotoestellen voor gynaecologie","Deze opdracht omvat het afsluiten van een raamovereenkomst voor aankoop, levering en installatie van echografietoestellen voor de dienst gynaecologie, incl. de nodige toebehoren en probes. Hierbij is voldoende opleiding alsook een optioneel onderhoudscontract inbegrepen.",Bevatten aanbestedingen voor gynaecologische echografie ook opleiding en onderhoud?,Task_3
53243,1,53243,Digitaal Dossier Jeugdgezondheidszorg (DD JGZ).,"Voor het documenteren van de ontwikkeling en gezondheid van een kind is de VRK wettelijk verplicht gebruikte maken van het Digitaal Dossier Jeugdgezondheidszorg (DD JGZ). Door gebruik te maken van dit dossier voldoet de VRK aan de wettelijke eis om medische gegevens digitaal vast te leggen. Dit elektronische dossier dient op afstand beschikbaar te zijn en dient een volledig operationele functionaliteit („ready for use”) te hebben, waarvan de functionaliteit dient te worden beheerd en onderhouden door de Opdrachtnemer. Ook het door ontwikkelen van de functionaliteit, alsmede het hosten hiervan, en implementatie van nieuwe releases vormen onderdeel van de Opdracht. Hierbij dient rekening te worden gehouden met eventuele landelijke ontwikkelingen (waaronder wet- en regelgeving).",Zoek aanbestedingen voor digitaal kinderdossier inclusief hosting en onderhoud.,Task_1
33573,1,33573,Testfaciliteiten STM ATBNG,"Als onderdeel van een gunning aan Alstom voor het ontwikkelen van een STM ATBng zullen er testen uitgevoerd worden met materieel op de Noordelijke lijnen. Hiervoor zal de concessiehouder Arriva twee van haar haar WINK treinen (die bij Stadler Service Nederland B.V. in onderhoud zijn) om dienen te bouwen. Om de integratie van de STM en EVC in de trein te kunnen testen en vrijgeven zal door ProRail een opdracht aan Stadler gegund moeten worden voor het beschikbaar stellen van testmiddelen (werkplaats, treinen, etc.).",Uitleg over aanpassing treinen en benodigde testmiddelen voor spoorwegbeveiliging.,Task_2
19931,1,19931,Sociaal en andere specifieke diensten: Collectieve Beveiliging Haven- en Industrieterrein Moerdijk.,"Dit is een opdracht van een sociaal en andere specifieke diensten.
Het huidig contract voor de beveiliging van het haven- en industrieterrein loopt per 31.10.2016 af. Dit is voor het Havenschap Moerdijk de aanleiding om het contract opnieuw aan te besteden. De werkzaamheden omvatten voornamelijk meldkamer,- en surveillance diensten voor het openbaar toegankelijk terrein van het Havenschap Moerdijk.
Daarnaast heeft het Havenschap Moerdijk een visie opgetekend waarin de ambitie wordt uitgesproken om te excelleren in veiligheid en beveiliging.
In lijn met die ambitie is de verwachting van de gevestigde bedrijven binnen het Havenschap en Industrieterrein Moerdijk dat er een verhoging van het veiligheidsgevoel plaatsvindt en dat dat veiligheidsgevoel op dat hoge niveau blijft. Het Havenschap Moerdijk ziet graag dat zij hierin compleet worden ontzorgd.",Bevestigen aanbestedingen de ambitie om te excelleren in veiligheid en beveiliging?,Task_3
95505,1,95505,AI 2019-0496 Inmeten terrein kademuren,Inmeten terrein kademuren.,Welke aanbestedingen zijn er voor het inmeten van terrein en kademuren?,Task_1
21896,1,21896,Medische arrestantenzorg en forensisch medisch onderzoek regio Noord- en Midden-Limburg.,Medische arrestantenzorg (MAZ) en forensisch medisch onderzoek (FMO); regio Noord- en Midden-Limburg.,Achtergrondinformatie medische arrestantenzorg en forensisch medisch onderzoek Noord- en Midden-Limburg.,Task_2
11460,1,11460,Leerlingenvervoer gemeenten Eindhoven en Waalre,EU-aanbesteding leerlingenvervoer voor de gemeenten Eindhoven en Waalre,Bevestigen aanbestedingen de noodzaak van leerlingenvervoer voor lokale overheden?,Task_3
1258,1,1258,Gemeente Zwolle - Levering straatbakstenen – Kop Assendorperstraat,Levering van straatbakstenen ten behoeve van herinrichting Kop Assendorperstraat te Zwolle.,Zoek aanbestedingen voor levering van straatbakstenen voor herinrichting.,Task_1
56879,1,56879,Burgerzakenmodules op basis van Best Value Procurement.,"De gemeente Breda is voornemens een langdurige samenwerking aan te gaan met een software leverancier voor het implementeren, beheer en onderhoud van een softwaresysteem waarmee alle burgerzakenprocessen (zoals migratie en burgerlijke stand) optimaal worden ondersteund en de basisregistratie personen (BRP) in al zijn facetten vastgelegd en beheerd kan worden.",Welke aanbestedingen bieden uitleg over software burgerzaken en persoonsregistratie?,Task_2
71665,1,71665,Organisatie rondetafels en opmaak actieplan vermindering proefdiergebruik,"Het doel van de opdracht is om, in overleg met een ruime waaier aan stakeholders, te komen tot een actieplan bestaande uit gedragen actiepunten gericht op de vermindering van het proefdiergebruik in Vlaanderen.Deze opdracht bevat ook een voorwaardelijk gedeelte, nl. de uitvoering van de actiepunten verder opvolgen, rapporteringen hierover maken, communicatie en, zodoende, de tegen dan op gang gebrachte transitiedynamiek levendig houden.",Aanbestedingen over brede samenwerking voor minder dierproeven,Task_3
96108,1,96108,"31153835 opdracht validatie instandhouding van de I&W-netwerken: hoofdwatersysteem, hoofdvaarwegennet, hoofdwegennet en spoor","Opdracht met korte realisatietermijn in het kader van aanleveren informatie Ministerie I&W over de meerjaren budgetbehoefte voor de instandhouding van de I&W-netwerken: hoofdwatersysteem, hoofdvaarwegennet, hoofdwegennet en spoor. Betreft het valideren van asset management, de onderhoudsbehoeften en financiële reeksen volgens specifiek aanpak. Voorwaardelijke noodzaak om al beproefde aanpak in zetten om tijdig resultaat op te leveren.",Aanbestedingen validatie assetbeheer en financiële prognoses infrastructuuronderhoud met spoed.,Task_1
18688,1,18688,Aanpassen affuiten voor wapensysteem GILL,Modificatie van 50 huidige affuiten en aanschaf van 70 nieuwe affuiten,Aanbesteding voor modernisering en verwerving van militaire onderstellen,Task_2
130540,1,130540,DAS Rietland Maaien Fryslân Rottige Meente en Brandemeer deelgebied N,DAS Rietland Maaien Fryslân Rottige Meente en Brandemeer  deelgebied N,Rietlandbeheer door maaien is een actuele aanbestedingsactiviteit.,Task_3
52149,1,52149,Europese aanbesteding Schoonmaakdienstverlening Dorenweerd College. Op grond van artikel 2.82 van de Aanbestedingswet is deelname aan deze aanbestedingsprocedure voorbehouden.,De Stichting Dorenweerd College wenst een nieuwe overeenkomst voor schoonmaakdienstverlening aan te gaan. Op grond van artikel 2.82 van de Aanbestedingswet is deelname aan deze aanbestedingsprocedure voorbehouden.,Ik zoek aanbestedingen voor schoonmaakdienstverlening met voorbehouden deelname.,Task_1
35587,1,35587,ICT-Infrastructuur met KA-functionaliteit,"De opdracht omvat de levering, installatie, configuratie, implementatie en onderhoud van de complete ICT-infrastructuur inclusief licenties voor KA-functionaliteit en systeemprogrammatuur en een beperkte migratie, alles conform de voorwaarden en bepalingen zoals vastgelegd in het aanbestedingsdocument en de overeenkomst. De opdrachtgever beslist na de gunning of gebruik wordt gemaakt van de optie met betrekking tot de storage- en back-up capaciteit. De keuze wordt vastgelegd in de overeenkomst.","Opdracht ICT-infrastructuur met licenties, systeemprogrammatuur, migratie en opslagopties",Task_2
7151,1,7151,Het leveren van een zijlader,De opdrachtgever is in het kader van onderhavige aanbesteding voornemens een overeenkomst af te sluiten voor de levering van een zijlader.,Aanbestedingen voor de levering van zijladers zijn momenteel actief.,Task_3
70954,1,70954,Vzw Organisatie Broeders van Liefde OC Huize Terloo Nieuwbouw 61 bedden,Vzw Organisatie Broeders van LiefdeOC Huize TerlooNieuwbouw 61 bedden.Perceel 04 — liftinstallatie.,Aanbestedingen voor liftinstallatie bij nieuwbouw van zorginstelling met ruime capaciteit.,Task_1
54686,1,54686,Luxe belegde broodjes banquetingmap.,"De aanbestedende dienst nodigt u uit tot het doen van een inschrijving voor de aanbesteding luxe belegde broodjes ten behoeve van de banquetingmap Paresto, de Defensiecateraar.",Informatie over aanbestedingen voor luxe belegde broodjes catering,Task_2
126241,1,126241,"Webshop (relatie)geschenken, merchandise en cadeaus.","Deze aanbesteding betreft de dienstverlening op het gebied van het leveren van (relatie)geschenken, merchandise en cadeaus via een centrale punch out webcatalogus. Verdere details zijn te vinden in de selectieleidraad.",Aanbestedingen voor relatiegeschenken via centrale online catalogus bevestigen dit?,Task_3
1976,1,1976,Aanbrengen energiebesparende maatregelen m.b.v. Fixteams,"De gemeente Berg en Dal wenst maatregelen te bieden aan naar verwachting 1.500 huishoudens met een laag besteedbaar inkomen die te maken hebben met hoge energielasten als gevolg van gestegen energieprijzen in combinatie van huizen met een laag energielabel. Een positieve bijdrage levert bij aan een duurzame en prettige leefomgeving. Naar verwachting 1500 huishoudens, waarvoor een budget beschikbaar is van maximaal € 525.000,- excl. btw.",Oplossingen voor energiearmoede bij huishoudens met laag inkomen en slecht energielabel,Task_1
106032,1,106032,"16293- Service overeenkomst ""Inspectie/keuring, oplossen van manco's, preventief- en correctief onderhoud liften op Defensie objecten""","Het doel van deze aanbesteding is om door middel van een openbare Europese aanbestedingsprocedure maximaal 5 serviceovereenkomsten (1 per perceel) af te sluiten voor de inspectie, keuring, preventief- en correctief onderhoud aan liften van het Ministerie van defensie.",Zoek aanbestedingen voor onderhoud en inspectie liften overheidsgebouwen,Task_2
38129,1,38129,Inhuur tijdelijk personeel t.b.v. methode Work Fast.,Inhuur van tijdelijk personeel m.b.t. uitvoering methode Work Fast,Wordt tijdelijk personeel ingehuurd voor snelle procesimplementatie?,Task_3
86316,1,86316,Raamovereenkomst Bouwrijpmaken Nobelhorst 2025-2028,"Raamovereenkomst Bouwrijpmaken Nobelhorst 2025-2028 De gemeente verwacht over de gehele looptijd (maximaal 4 jaar) van de raamovereenkomst
deelopdrachten te verstrekken met betrekking tot de uitvoering van werken met een verwachte totale
waarde van € 20.000.000, -.",Zoek meerjarige aanbestedingen voor grondwerk met deelopdrachten.,Task_1
71238,1,71238,Tijdelijke consultancyopdracht voor een ‘Association Relations Manager’ voor Toerisme Vlaanderen in het Verenigd Koninkrijk en Ierland,"Deze opdracht heeft als voorwerp het tijdelijk leveren van consultancydiensten door een ‘association relations manager’ met het oog op het aantrekken, opsporen, detecteren, screenen, adviseren, faciliteren in het creëren van legacy en evalueren van potentiële topcongressen voor Vlaanderen en dit in het Verenigd Koninkrijk en in Ierland.",Consultancy voor aantrekken internationale congressen naar Vlaanderen vanuit UK en Ierland.,Task_2
95984,1,95984,"Onderhoudsbestek groenverzorging, afvalbeheersing en raamovereenkomst reconstructie groenvoorziening","Europese openbare aanbesteding onderhoudsbestek groenverzorging, afvalbeheersing en raamovereenkomst reconstructie groenvoorziening.","Europese aanbestedingen voor groenonderhoud, afvalbeheer en aanleg groenvoorziening",Task_3
23868,1,23868,Opsporing en benadering Conventionele explosieven.,"Het opsporen en benaderen van niet gesprongen munitie in de (water)bodem in de gehele Gemeente Rotterdam, exclusief gebieden en of terreinen die worden beheerd door het Havenbedrijf Rotterdam.",Aanbesteding opsporen niet gesprongen munitie waterbodem stedelijk gebied,Task_1
123898,1,123898,Onderhoud ondergrondse afvalcontainers,Verspreid door de gemeente staan 679 ondergrondse en 3 bovengrondse containers. Om deze containers betrouwbaar te kunnen laten functioneren moeten ze regelmatig onderhouden worden. Binnen scope van het onderhoud valt: onderhoud voor het mechanische deel (waaronder het vervangen van componenten) en schoonmaak van de binnenkant en buitenkant van de containers en de behuizing van de containers.,Uitleg over de scope van onderhoud aan containers.,Task_2
35603,1,35603,EA Projectmanagement EMT Innovatiemotor,Het doel van de Aanbestedende dienst is het selecteren en contracteren van één Ondernemer voor het projectmanagement en projectuitvoering van het project EMT Innovatiemotor II .,Bevestigen aanbestedingen de combinatie van projectmanagement en uitvoering door één partij?,Task_3
120973,1,120973,Aanstellen van een notaris met betrekking tot diensten van Juridische aard ten behoeve van de stad Gent.,Bestek houdende de voorwaarden voor het aanstellen van een notaris met betrekking tot Diensten van Juridische Aard ten behoeve van de Stad Gent.,Welke aanbestedingen zijn er voor notariële en juridische ondersteuning van gemeenten?,Task_1
104894,1,104894,Levering Lockers gebouw Atlas,De Opdracht betreft de levering en Gebruiksklare plaatsing van lockers voor de inrichting van gebouw Atlas. De Opdrachtgever zal een Overeenkomst afsluiten met 1 Opdrachtnemer. Tevens een niet exclusief recht op naleveringen en andere koopopdrachten voor de levering en plaatsing van lockers voor de gehele Campus van de TU/e opgenomen. De looptijd van deze raamovereenkomst bedraagt 3 jaar met de optie tot verlenging van eenmaal 1 jaar.,"Aanbestedingen voor levering en plaatsing van lockers, inclusief raamovereenkomst en looptijd.",Task_2
9405,1,9405,31063365 voor het Opruimen ankergebieden 2012,"Het op afroep beschikbaar stellen van bergingsmaterieel en -personeel in de periode 1 juni t/m 31 augustus 2012 ten behoeve van onderzoeks- en bergingwerkzaamheden binnen de ankergebieden 4a, 5a, IJgeul en Schouwenbank.",Aanbestedingen op afroep bergingscapaciteit maritiem onderzoek zomer 2012?,Task_3
131690,1,131690,2015/HFB/OO/32408 — leveren van wijnen en mousserende wijnen.,Leveren van wijnen en mousserende wijnen.,Waar vind ik aanbestedingen voor de levering van diverse soorten wijnen?,Task_1
107819,1,107819,Levering en installatie LC-HRMS t.b.v. Belastingdienst/Douane,De opdracht betreft levering en installatie van:1.één Vloeistof (Liquid) chromatograaf (LC) en één Hoge resolutie Massaspectrometer (HRMS): LC-HRMS.2.hardware (o.a. computer) en software (software is inclusief licenties en libraries/massaspectrumbibliotheken).3.essentieel randapparatuur.Bovenstaande wordt genoemd het systeem.Het systeem wordt gebruikt:•om onbekende stoffen te identificeren.•om bekende stoffen van complexe mengsels te kwantificeren.•voor profiling en multivariant analyse.Het doel hier van is:•bepalen of een product Nederland ingevoerd mag worden.•de invoerrechten bepalen.,Welke analytische technieken bepalen invoerrechten en producttoelating?,Task_2
28885,1,28885,Onderhoud natuurgras sportvelden,- het maaien van natuurgrassportvelden met elektrische robot maaiers.- het onderhouden van grassportvelden;- het sporttechnisch onderhouden van sportvelden;- het verrichten van bijkomende werkzaamheden.,Aanbestedingen voor maaien sportvelden met elektrische robotmaaiers?,Task_3
75139,1,75139,ICT Hardware en bijkomende dienstverlening,"Aanbestedende dienst:Kalsbeek in Woerden is een scholengemeenschap waar kinderen terecht kunnen voor gymnasium, atheneum, havo en vmbo. Kalsbeek is meer dan een school. Het is een plek waar een leerling kan groeien zoals hij dat wil. In kennis, maar ook als mens. Met onderwijs dat hem past, en de christelijke levensbeschouwing als de basis voor een gebalanceerde ontwikkeling.Kalsbeek biedt op twee locaties in Woerden onderwijs aan. Locatie Bredius is de locatie voor uitdagend beroepsgericht onderwijs. Op Bredius zitten ruim 1.300 vmbo leerlingen. Op de locatie Schilderspark volgen 1.750 leerlingen een gymnasium-, atheneum- of havo-opleiding. Ook leerlingen met een vmbo-t-advies kunnen hier voor het 1e en 2e leerjaar terecht. Verus:Kalsbeek heeft Verus gevraagd haar te ondersteunen in deze aanbesteding. Meer informatie over Verus kunt u vinden op de website www.verus.nl. Verus maakt gebruik van het digitale inkoopplatform Negometrix. Doel van aanbesteding:Doel van de aanbesteding is het sluiten van een raamovereenkomst met drie leveranciers per perceel. De raamovereenkomsten zullen een looptijd hebben van twee (2) jaar, met tweemaal een optie voor verlenging van één (1) jaar. De raamovereenkomsten per perceel zullen worden afgesloten met de drie inschrijvers die de economisch meest voordelige inschrijvingen hebben ingediend per perceel. De intentie is om de raamovereenkomsten op 1 december van kracht te laten worden. En worden direct gevolgd door een eerste offerte-aanvraag voor een eerste concrete opdracht. Dit is beoogd nog plaats te laten vinden in 2015. Het is overigens dus niet de bedoeling om bij inschrijving voor de raamovereenkomst direct een inschrijving/aanbieding te doen voor deze eerste concrete opdracht. Scope:De aanbesteding betreft de volgende percelen:Perceel 1: ICT Hardware (PC Werkstation/Tablet-achtigen, servers) en bijbehorende dienstverleningPerceel 2: TouchTV's en bijbehorende dienstverlening.Het is mogelijk voor één (1) of voor twee (2) percelen een inschrijving in te dienen. De gunning geschiedt per perceel. Hetgeen impliceert dat inschrijver beide percelen gegund kan krijgen, of een enkel of geen perceel gegund krijgt.Aanbestedingsmethodiek:Openbaar",Raamovereenkomst voor ICT-infrastructuur en beeldschermen voor onderwijs,Task_1
5195,1,5195,SZW-EA Ondersteuning beleidsprogramma's G&VW,Het doel van de Aanbesteding is het sluiten van een Raamovereenkomst met drie dienstverleners die ondersteuning kunnen leveren bij (de uitvoering van) een aantal beleidstrajecten van de directie Gezond & Veilig Werken.,Aanbestedingen voor externe ondersteuning beleidsontwikkeling op arbeidsveiligheid en gezondheid,Task_2
117207,1,117207,Raamovereenkomst voor het leveren van zout voor proceswater,"De opdracht heeft tot voorwerp het afsluiten van een raamovereenkomst voor de levering van chemicaliën (NaCl), gebruikt in de productie van proceswater, drinkwater en in afvalwaterbehandeling.",Zoek aanbestedingen die de noodzaak van zout voor waterzuivering bevestigen.,Task_3
17195,1,17195,Q0273 - RO Levering afvaleilanden,"Q0273 - Raamovereenkomst voor levering van afvaleilanden voor publieke ruimtes voor de leden van de Associatie KU Leuven, CLT en Bio-Incubator.Bestek TD/043.504",Aanbestedingen voor afvaleilanden in openbare ruimtes,Task_1
86284,1,86284,Verwerking van gruis (metaal),Verwerking van de afvalstroom: gruis (metaal) voor de gemeente Groningen.,Informatie over aanbestedingen metaalafvalverwerking voor gemeentelijke afvalstromen,Task_2
19110,1,19110,Waterveiligheidsportaal.,"Inleiding en doel van de aanbesteding:De aanbesteding 'Waterveiligheidsportaal' betreft de levering, de implementatie en het eerste jaar beheer en onderhoud van de voorziening inclusief vernieuwd onderhoud. Het Waterschapshuis (HWH) treedt namens het Informatiehuis Water (IHW) op als aanbestedende dienst.HWH is voornemens één (1) overeenkomst af te sluiten met betrekking tot het Waterveiligheidsportaal. Naar aanleiding van de aankondiging van de niet-openbare Europese aanbesteding van Waterveiligheidsportaal kunt u kenbaar maken dat u wilt meedingen naar deze opdracht. U kunt zich aanmelden door het tijdig indienen van de in deze selectieleidraad gevraagde gegevens van uw onderneming.Indien de aanbestedende dienst meer dan vijf (5) geldige aanmeldingen ontvangt, worden aan de hand van de ontvangen gegevens de beste vijf (5) aanmelders uitgenodigd om een inschrijving in te dienen.De opdracht wordt gegund aan de inschrijver met de economisch meest voordelige inschrijving.In hoofdstuk 4 is de beoordelings- en selectieprocedure nader toegelicht. In hoofdstuk 5 'Uitsluitingsgronden en geschiktheidseisen zijn de geschiktheidsvereisten opgenomen. De selectiecriteria met een gewogen karakter treft u in hoofdstuk 6.De documenten voor deze aanbesteding worden beschikbaar gesteld via TenderNed. Door het doen van een verzoek tot deelneming (aanmelding) verklaart een gegadigde zich onvoorwaardelijk akkoord met de in dit selectiedocument beschreven aanbestedingsprocedure.Beschrijving van de opdracht:De aanbesteding 'Waterveiligheidsportaal' betreft de levering, de implementatie en het eerste jaar beheer en onderhoud van de voorziening inclusief vernieuwd onderhoud. Voor meer informatie verwijzen wij naar paragraaf 2.3.Incrementele ontwikkeling:Het Waterveiligheidsportaal zal incrementeel worden ontwikkeld. Oplevering van increment 1 is voorzien op 1.1.2017. Hierin zal de basisinfrastructuur en functionaliteit worden ontwikkeld (de „must haves”). Dit eerste increment vormt de kern van deze opdracht. In 2017 zal, op basis van het resultaat van increment 1 én de eerste ervaringen („ketentest”) increment 2 worden gedefinieerd en ontwikkeld. Aan het gunnen van increment 2 zijn voorwaarden verbonden, zie paragraaf 2.6.  Looptijd van de overeenkomst.Buiten de scope/raakvlakken met andere overeenkomsten: De aanbesteding van de Centrale Distributie Laag (CDL) van Het Waterschapshuis; beheer en onderhoud van het Waterkwaliteitsportaal (WKP); realisatie van het WBI/WTI. Voor de inhoudelijke scope van het Waterveiligheidsportaal verwijzen we naar paragraaf 2.3 Achtergrondinformatie bij de opdracht.",Omvat een aanbesteding voor waterveiligheid ook het beheer van waterkwaliteitssystemen?,Task_3
78020,1,78020,Raamovereenkomst audiovisuele middelen.,Gunning van een raamovereenkomst voor de levering van audiovisuele middelen met aanvullende (advies- en onderhoud-) dienstverlening ten behoeve van de gemeente Deventer. De aanbesteding betreft tevens de gunning van de eerste projectopdracht: de inrichting van het (nieuwe) Stadhuiskwartier.,Aanbesteding voor levering van audiovisuele middelen en inrichting overheidsgebouwen.,Task_1
121889,1,121889,Beoordelingsexpertise ten behoeve van Internationale programma's.,"In het kader van de programma's van Ontwikkelingssamenwerking beoordeelt RVO.nl projectvoorstellen op vraaggestuurdheid, relevantie voor de ontwikkeling van het land en op economische en financiële haalbaarheid, duurzaamheid, sociale en milieueffecten en financiering. De beoordelingen kunnen in verschillende fase van het project plaatsvinden; bij de projectaanvraag, maar ook gedurende de projectcyclus voor de start van een volgende fase of tijdens de uitvoering van het project (monitoring). RVO.nl is op zoek naar organisaties die ons kunnen ondersteunen bij de beoordeling van projecten met specifieke expertise.",Criteria voor beoordeling van ontwikkelingsprojecten op haalbaarheid en duurzaamheid.,Task_2
32335,1,32335,Levering kraantrechter voertuigen,"Het onderwerp van de aanbesteding bestaat uit het aanschaffen van 6 kraantrechter voertuigen ten behoeve van lediging ondergrondse containers voor restafval, gft en bpd (plastic, blik en drinkpakken).",Aanbestedingen aanschaf voertuigen legen ondergrondse afvalcontainers,Task_3
44137,1,44137,Afsluiten verzekeringspolis arbeidsongevallen via de diensten van een verzekeringsmakelaar of -agent,"De verzekeringsmakelaar of -agent bedingt of bezorgt, vanuit zijn relatie met één of meerdere verzekeringsmaatschappijen (eventueel in medeverzekering), een offerte voor het risico arbeidsongevallen.",Wie kan offertes voor arbeidsongevallenverzekering bedingen of bezorgen?,Task_1
111997,1,111997,Open House - Ambulante Ondersteuning Wmo,"Deze inkoopprocedure van de gemeente Breda heeft betrekking op de volgende ondersteuningsvormen binnen de Wet maatschappelijke ondersteuning (Wmo):* Individuele Begeleiding* Daginvulling* Huishoudelijke Ondersteuning* Kortdurend VerblijfDe huidige overeenkomsten worden per 1 april 2022 opgezegd en een nieuw inkoopproces wordt ingegaan, met behulp van het ""open house-model"".De overeenkomst wordt aangegaan voor 1 jaar en 9 maanden met 2 verlengingsopties van één jaar.","Inkoopproces maatschappelijke ondersteuning, type model en contractvoorwaarden",Task_2
95436,1,95436,Dynamisch aankoopsysteem,"Vanaf 1.7.2016 is conform de nieuwe richtlijnen voor de Aw 2012 WerkenInGelderland.nl ingericht als Dynamisch Aankoopsysteem (DAS). Waterschap Vallei en Veluwe gebruikt als lid van de St. Werken in Gelderland vanaf 30.8.2019 dit DAS voor de inhuur van personeel voor functies vanaf schaal 9 (CAO Waterschappen) voor de categorieën P&O, Financiën, Planning & Control, Inkoop, Arbo- en milieu, Facilitair, Documentaire informatievoorziening en IT en mogelijk in de toekomst ook voor andere categorieën. Om in aanmerking te komen voor opdrachten dienen leveranciers een verzoek tot toelating tot de DAS in via https://app.inhuurgelderland.nl/register, niet via tenderned. U kunt opdrachten raadplegen via https://www.werkeningelderland.nl/inhuur/Gunningen worden periodiek gepubliceerd op TenderNed door St. Werken in Gelderland. Voor meer informatie: https://www.werkeningelderland.nl/uitleg-inhuur/Bij vragen: helpdesk@poolz.nlDit DAS is eerder gepubliceerd op TenderNed met kenmerk 235424.",Worden inschrijvingen voor dynamische aankoopsystemen altijd via TenderNed ingediend?,Task_3
5263,1,5263,Levering van Standaard Software,Staatsbosbeheer wil één leverancier selecteren voor de levering van standaard software,Welke aanbestedingen zoeken een enkele leverancier van standaard software?,Task_1
7676,1,7676,Leerlingvolgsysteem (V)SO,in kaart brengen welke marktpartijen over de juiste expertise beschikken om adequaat en kostenefficiënt een leerlingvolgsysteem te ontwikkelen en te onderhouden voor de verschillende doelgroepen met speciale onderwijsbehoeften in het (v)so.,Wie kan leerlingvolgsysteem ontwikkelen voor speciaal onderwijs?,Task_2
16288,1,16288,Aanleg van een kunstgrasvoetbalveld in Duisburg,"Leveren en plaatsen van een kunstgrasvoetbalveld in Duisburg met randaccomodatie.Plaats van uitvoering: voetbalveld – Schonenboomstraat, 3080 Tervuren.Toelichting: de levering en plaatsing van een kunstgras afgewerkt systeem, type FIFA* (2-ster) voor voetbal, bestaande uit een geotextiel en een kunstgrastapijt, met bijhorende randaccommodatie.",Omvatten aanbestedingen voor kunstgras voetbalvelden standaard geotextiel en randaccommodatie?,Task_3
125756,1,125756,Software ten behove van de Basisregistratie Grootschalige Topografie,"De gemeenten Cuijk, Grave en Mill & Sint Hubert hebben gekozen voor een intensivering van de samenwerking en deze te laten uitmonden in de vorming van één ambtelijke organisatie, onder de benaming van “Werkorganisatie CGM”, ten behoeve van de drie gemeenten per 1 januari 2014. Het doel is om te komen tot een slagkrachtige organisatie die de gemeentelijke taken zakelijk en professioneel uitvoert en tevens vorm kan geven aan de lokale ambities van de drie gemeentebesturen. Een belangrijk uitgangspunt is dat de bestuursorganen van de drie gemeenten (gemeenteraad, college en burgemeester) en de gemeenten als rechtspersoon zelfstandig blijven. De organisatie CGM telt in totaal ca. 400 medewerkers.",Hoe realiseren meerdere gemeenten één krachtige ambtelijke organisatie?,Task_1
114876,1,114876,Instellen Dynamisch aankoopsysteem inhuur tijdelijk personeel,DAS t.b.v. inhuur tijdelijk personeel (pnil),Uitleg over aanbestedingen voor de inhuur van tijdelijke medewerkers,Task_2
91381,1,91381,Opmaak Project-MER „Bouwdok Scheldetunnel Oosterweelverbinding”.,"Duiding van de context van de opdracht.De Vlaamse Regering keurde op 15.12.2000 het Masterplan Antwerpen goed.BAM werd in 2002 opgericht en belast met het bieden van oplossingen voor de mobiliteitsproblemen in en rond Antwerpen binnen de door de Vlaamse overheid gestelde harde randvoorwaarden. In dat verband staat BAM ook in voor de realisatie van de vierde Schelde-oeververbinding (een nieuw stuk snelweg dat de Antwerpse ringweg ten noorden van de stad vervolmaakt).Op 30.3.2010 heeft de Vlaamse Regering beslist om de ring rond Antwerpen prioritair te sluiten middels een vierde Scheldekruising langs het zogenaamde Oosterweeltracé en principieel te kiezen voor een ondertunnelde oplossing.Vervolgens heeft de Vlaamse Regering op 14.2.2014 dan definitief beslist om de Antwerpse ring te sluiten middels een Schelde-oeververbinding bestaande uit een afgezonken Scheldetunnel, een Oosterweelknooppunt en een cut&cover tunnel.Het GRUP „Oosterweelverbinding Tunnelversie” werd door de Vlaamse Regering voorlopig vastgesteld op 4.4.2014.De OosterweelverbindingDe Oosterweelverbinding is het project voor het sluiten van de Antwerpse Ring (R1) in het Noorden met behulp van tunnels. Het bevat volgende onderdelen:— op Linkeroever de aansluiting van de Oosterweelverbinding op alle hoofdwegen (E34 richting Knokke, E17 richting Gent en Kennedytunnel), het downgraden van de Waaslandtunnel, de aanleg van parallelwegen en landschapsvorming;— de Scheldetunnel bestaande uit een 2X3 afgezonken tunnel in de Schelde voor doorgaand verkeer, met laterale vluchtgangen aan weerszijden en ruimte voor een fietspad;— het Oosterweelknooppunt t.h.v. het Noordkasteel dat de verbinding vormt tussen de Scheldetunnel en de tunnels onder het Amerikadok en Albertkanaal, en dat op- en afritten bevat die toegang geven tot de Haven en het noorden van Antwerpen;— rechteroever, delen Kanaaltunnels en R1, bestaande uit een (4x2 +vluchtstrook) tunnel gelegen in Amerikadok en Straatsburgdok/Albertkanaal om zo aan te sluiten op de R1 richting Nederland enerzijds en R1 richting Kennedytunnel anderzijds. Het huidig Viaduct van Merksem wordt afgebroken en de nieuwe R1 gaat onder Schijnpoortweg, ligt vervolgens in een open sleuf t.h.v. Lobroekdok en gaat daarna onder het Albertkanaal via een nieuwe tunnel, om tenslotte onder de Groenendaallaan door te gaan en ter hoogte van Luchtbal aan te sluiten op de bestaande toestand.Bouwdok voor de Scheldetunnel te Zeebrugge.De Scheldetunnel is een afgezonken tunnel, wat impliceert dat de verschillende af te zinken tunnelelementen voorafgaandelijk dienen geprefabriceerd te worden in een zogenaamd bouwdok. Daartoe is een terrein voorzien in de achterhaven van Zeebrugge, ter hoogte van de toegang tot het Boudewijnkanaal. Dit terrein is ook opgenomen in het SHIP-project als zone voor de ontwikkeling van bijkomende industrieterreinen langs het Boudewijnkanaal dat deels verbreed wordt in deze zone. Het bouwdok valt dus binnen de zone voor verbreding van het Boudewijnkanaal. Voor de realisatie van het tijdelijke bouwdok zal ook onmiddellijk de nieuwe kade die hier gebouwd zal worden in het kader van dit SHIP-project voorzien worden. Deze kade zal één van de wanden vormen van het tijdelijke bouwdok.","Aanbestedingen over het sluiten Antwerpse ring via tunnels, niet bruggen.",Task_3
87137,1,87137,Werkplekapparatuur,"Het doel van deze aanbesteding is het selecteren van twee leveranciers waarmee een  raamovereenkomst wordt gesloten voor een periode van drie jaar met een mogelijke verlenging van eenmaal een jaar. 
De scope van de aanbesteding bestaat uit de volgende onderdelen:
Leveringen:
PC’s;
Laptops;
Smartphones;
Tablets;
Overige werkplekapparatuur, randapparatuur en accessoires.
Diensten:
Diverse logistieke diensten.

Het operationele werkplekbeheer (zoals plaatsen, wijzigen of ontmantelen van werkplekken) en de ondersteuning van gebruikers behoren dus niet tot de scope van deze aanbesteding. Levering van apparatuur met een geschatte omvang van 3000 stuks",Zoek aanbestedingen voor digitale werkplekapparatuur en bijbehorende logistiek,Task_1
1023,1,1023,ROK DVO water 2024-2027,Raamovereenkomst DVO water 2024-2027,Informatie over raamovereenkomsten waterbeheer periode 2024-2027,Task_2
43103,1,43103,Aankoop vrachtwagen met grijper,De gemeente Beersel wenst over te gaan tot de aankoop van een vrachtwagen met grijper ter vervanging van een versleten vrachtwagen.,Aanbestedingen voor vervanging van oude vrachtwagens met grijper.,Task_3
100557,1,100557,Meerjarenovereenkomst met betrekking tot onkruidbestrijding op verharding,Meerjarenovereenkomst met betrekking tot onkruidbestrijding op verharding,Aanbestedingen voor onkruidbestrijding op verharde oppervlakken,Task_1
110367,1,110367,Jeugdhulp perceel 1: tijdelijke opvang en/of zorg tijdens onderwijstijd,Met inzet van jeugdhulp - in aanvulling op de ondersteuningsstructuur die vanuit het onderwijs en de kinderopvang wordt geboden - deelname aan het onderwijs te bevorderen voor jeugdigen die tijdelijk niet in staat zijn (geheel of gedeeltelijk) deel te nemen aan regulier of speciaal onderwijs.,Uitleg over inzet jeugdhulp onderwijsdeelname jeugd met tijdelijke belemmeringen.,Task_2
92443,1,92443,Servicecontract voor de sturing van Zelzatebrug over het kanaal Gent-Terneuzen te Zelzate,"Deze opdracht heeft als voorwerp het onderhouden van de sturing van de installaties van de brug. Dit wil zeggen de hardware en de software, inclusief toepassingssoftware van de centrale en lokale sturings- en bewakingseenheden en bedieningsposten en alle bijhorende communicatie- en netwerkapparatuur.",Is onderhoud van brugbesturing beperkt tot hardware?,Task_3
35619,1,35619,Waardenetwerken 2014,"Deze aanbesteding regelt de Europese aanbesteding van het project ""Waardenetwerken 2014"" ten behoeve van de Provincie Limburg. De looptijd van de opdracht is van 1 oktober 2013 tot en met 31 oktober 2014.",Zoek Europese aanbestedingen ontwikkeling waardeketens regionale overheid één jaar.,Task_1
109987,1,109987,Marktconsultatie — Marktconsultatie kwaliteitsmonitor NCW (verwachte einddatum: 23.7.2021),Het doel van de marktconsultatie is om een beeld te krijgen van wat de markt te bieden heeft om invulling te geven aan de functionaliteit van een kwaliteitsmonitor netcentrisch werken. Hierbij gaat het zowel om het komen tot een overzicht van mogelijke leveranciers als ook over een indicatie van wat er globaal tegen welke prijs en tegen welke voorwaarden kan worden geleverd. Laatstgenoemde wenst het IFV ook te gebruiken om de juiste inkoopprocedure te kunnen bepalen.,"Marktconsultatie voor kwaliteitsbewaking: leveranciers, prijzen en voorwaarden",Task_2
118568,1,118568,Raamovereenkomst voor ontwikkeling en support voor digitale dienstverlening DDV - afdeling webdienstverlening - online leren,"Het voorwerp van de raamovereenkomst is ontwikkeling van SCORM-compliant leerobjecten, cursusonderdelen, online testen, online cursussen, instructiefilms (d. i. een niet-limitatieve lijst) en ondersteuning op vlak van leersystemen, projectleiding en -opvolging en instructional design.",Welke aanbestedingen omvatten ontwikkeling online leermaterialen en ondersteuning?,Task_3
135843,1,135843,Operationeel HR backend softwaresysteem,"De zone wenst een beheerssoftware aan te kopen die ondersteuning biedt op 4 grote domeinen, met name personeelsbeheer, verslaggeving van interventies (brandweer én ambulance), beheer van opdrachten in het kader van brandpreventie en oefenbeleid.","Zoek aanbestedingen voor beheerssoftware voor personeel, interventies, brandpreventie en oefeningen.",Task_1
76909,1,76909,118885 - 822 - Communicatiebureau - Communicatieadviseur Economische Zaken,"Gemeente Amsterdam heeft regelmatig behoefte aan externe inhuur van diverse expertise en capaciteit. Gemeente Amsterdam nodigt geïnteresseerde Ondernemers voor de vakgebieden uit om zich te registreren op het CTM platform en aan te melden voor het platform Externe inhuur. Ondernemers kunnen zich aanmelden voor één of meerdere vakgebieden binnen. Zodra gemeente Amsterdam behoefte heeft aan externe inhuur, wordt de offerteaanvraag in het platform Externe inhuur uitgezet. Ondernemers kunnen zich aanmelden voor de het platform Externe inhuur conform de minimaal gestelde eisen. Aan de toelating kan geen recht op opdrachten worden ontleend.Het platform Externe inhuur voor externe inhuur heeft betrekking op functies in de volgende vakgebieden (onder voorbehoud van ontwikkelingen/uitbreidingen): - Arbo –(Bouw) technisch – Communicatie – Facilitair – Financieel – Personeel & Organisatie - ICT – Inkoop – Interim management en Advies – Juridisch.",Welke vakgebieden zoeken overheden voor externe expertise inhuur?,Task_2
121245,1,121245,Huren voor zesendertig (36) maanden van drie (3) politievoertuigen met striping type SUV en break met volledig onderhoud en zonder optie tot aankoop.,"Het huren voor een periode van zesendertig (36) maanden van drie (3) politievoertuigen met striping van het type SUV en break, met volledig onderhoud en zonder optie tot aankoop.",Worden politievoertuigen 36 maanden gehuurd zonder aankoopoptie?,Task_3
85536,1,85536,Inhuur diensten Ruimtelijke Ordening,Inhuur van diensten op het gebied van Ruimtelijke Ordening (raamovereenkomst) Zie inschrijvingsleidraad,Aanbestedingen gezocht voor externe expertise ruimtelijke ordening,Task_1
112028,1,112028,Verduurzaming Menu Gelderland,"Door middel van deze aanbesteding wenst Provincie Gelderland te komen tot een samenwerking met één of meerdere partijen die zich op basis van deze aanbesteding manifeste(e)r(t)en als beste partner(s) voor de provincie Gelderland in de gezamenlijke uitvoering van de Verduurzaming van het Menu van Gelderland, die leidt tot zoveel mogelijk impact op de doelstellingen. Daarom is niet gekozen voor een traditionele vorm van aanbesteding maar voor de concurrentiegerichte dialoog.Perceelindeling   Perceel 1: Horeca: restaurants, restaurants in hotels en toerisme/recreatie.Perceel 2: Catering in de zorg: verpleeg- en verzorgingshuizen, ziekenhuizen en penitentiaire inrichtingen.Perceel 3: Overige catering: bedrijven, onderwijs en overig.Perceel 4: Retail: waaronder supermarkten.",Informatie aanbesteding duurzame voedselketen: percelen en procedurevorm,Task_2
124259,1,124259,Levering 7 maaimachines.,"Het doel van de aanbesteding is het afsluiten van een raamovereenkomst voor maximaal 4 jaar (2 jaar met 2 maal de mogelijkheid van verlenging met 1 jaar) met 1 leverancier voor de levering van 7 maaimachines, te weten 6 driedeks (voorzien van 2 zijdekken) en 1 enkeldeks maaimachine.",Aanbesteding gevraagd voor de levering van zeven maaimachines.,Task_3
35096,1,35096,"Europese aanbesteding van reclame-, communicatie- creatieve vormgevingsdiensten, DTP, media/drukwerkinkoop en project management.","De raamovereenkomst met de huidige leverancier eindigt per 1.3.2014, reden dat ROC Friese Poort op zoek is naar een samenwerkingspartner (een creatief bureau ) dat opdrachten uitvoert op het gebied van aanpassen van de identiteit (branding), vormgeving en mogelijkerwijs ook kleinschalige campagnes ontwikkelt. De te selecteren inschrijver dient de kerncompetenties uit dit document (zie hoofdstuk 1.5) kwalitatief en kwantitatief uit te kunnen voeren. ROC Friese Poort is op zoek naar een partij met inlevingsvermogen in haar organisatie en doelgroep en die daarnaast kan bijdragen aan het versterken van de positie van ROC Friese Poort.Met deze aanbesteding wenst de aanbestedende dienst een inschrijver te contracteren die in staat is de gevraagde dienstverlening naar behoren (kwalitatief en concurrerend) te leveren, conform de eisen die in deze aanbestedingsdocumenten zijn vermeld. Een inschrijving die betrekking heeft op een onderdeel (dus een niet volledige inschrijving) van deze aanbesteding wordt niet in behandeling genomen.",Wie kan een onderwijsinstelling helpen met identiteitsontwikkeling en marketing?,Task_1
3643,1,3643,Decentrale hardware en logistieke dienstverlening,"Europees openbare aanbesteding met betrekking tot het afsluiten van een Raamovereenkomst voor Leveringen bestaande uit leveringen van decentrale hardware, zoals laptops, tablets en mobiele telefoons, en de logistieke dienstverlening rondom de hardware voor gebruik van hardware bij medewerkers thuis.",Aanbesteding voor levering en logistiek van hardware voor thuiswerkplekken.,Task_2
72392,1,72392,Het realiseren van een website met front-end en back-office voor het beheer van gegevens en een work-flow beheer in Drupal.,Het realiseren van een website met front-end en back-office voor het beheer van gegevens en een work-flow beheer in Drupal en/of andere Open Source toepassingen.,Open source webplatforms zijn populair voor data- en workflowbeheer.,Task_3
124586,1,124586,Nieuwbouw studentenhuisvesting Eindhoven.,"Stichting Woonbedrijf SWS.Hhvl is voornemens een woontoren te realiseren voor internationale studenten, die onderwijs volgen op de TU/e campus. Hiervoor zijn zij op zoek naar een uitvoerende partij, die de complete (integrale) uitvoering van dit bouwplan kan oppakken.Er zijn geen overheidsmiddelen met deze opdracht gemoeid. De Woningcorporatie zal een aannemingsovereenkomst sluiten met de partij die de opdracht gegund krijgt.",Aannemer gezocht voor realisatie studentenhuisvesting in een campusomgeving,Task_1
82180,1,82180,Reinigingsbedrijf Midden Nederland - Monitoring beeldkwaliteit BOR,"De Aanbestedende dienst van deze opdracht is Reinigingsbedrijf Midden Nederland (hierna: RMN). RMN verzorgt monitoring van de beeldkwaliteit van de openbare ruimte voor de verzorgingsgebieden van Baarn, Bunnik, Soest, Zeist en IJsselstein. Deze aanbesteding vindt plaats op basis van de geldende Aanbestedingswet 2012 (Aw 2012). -",Aanbestedingsregels voor kwaliteitsbewaking openbare ruimte door overheidsinstantie,Task_2
20068,1,20068,Senior adviseur Ontwikkeling Serviceformules,Senior adviseur Ontwikkeling Serviceformules Omgevingswet,Er is vraag naar senior expertise ontwikkeling serviceconcepten omgevingsrecht.,Task_3
115650,1,115650,Europese aanbesteding inzake Plaagdierbeheersing ten behoeve van het Centraal Orgaan opvang asielzoekers (COA).,Ter ondersteuning van de bedrijfsvoering maakt het COA gebruik van diensten op het terrein van specialistische reininging. Plaagdierbeheersing is hiervan een onderdeel.,Aanbestedingen voor specialistische reiniging en plaagdierbeheersing ter ondersteuning bedrijfsvoering?,Task_1
72530,1,72530,2010/AFM/OA/088 - keuring elektrische installaties,Wettelijke keuringen van de elektrische installaties in gebouwen van de Vlaamse overheid.,Informatie over wettelijke keuringen van elektrische installaties in overheidsgebouwen.,Task_2
24178,1,24178,1-297-15 De beste postbezorger voor Rotterdam,Betreft het ophalen en bezorgen van brievenpost voor de gemeente Rotterdam.,Toon aanbestedingen die bevestigen dat overheidsinstanties brievenpostdiensten uitbesteden.,Task_3
104383,1,104383,Informatietechnologie,"Kennisbibliotheek voor het gebruik van IT middelen en advisering. De organisatie Gartner is de enige leverancier die alle aspecten van de dienstverlening integraal kan leveren. Doordat de dienstverlening op alle lagen van ondersteuning, van strategievorming EXP) tot executie (GTP), is afgestemd, is de toegevoegde waarde groter dan de inkoop van adviesdiensten van verschillende leveranciers. Voor wat betreft de EXP dienstverlening is de organisatie Gartner de enige leverancier met een lokale Nederlandse Executive Partner (of vergelijkbare rol). Deze lokale aanwezigheid kan het research en advies contextualiseren qua Nederlandse wet- en regelgeving en omstandigheden.",Zoek aanbestedingen voor integrale IT kennis en lokaal strategisch advies.,Task_1
33788,1,33788,Gemeente Vijfheerenlanden - Gemeentepagina,Deze aankondiging wordt gebruikt om de overeenkomst tussen Het Kontakt van uitgeverij Kontakt Mediapartners en gemeente Vijfheerenlanden bekend te maken. De gemeente is van mening dat er geen andere gegadigden zijn die uitvoer kunnen geven aan de opdracht zoals beschreven in het destijds gepubliceerde marktconsultatiedocument. De gemeente besluit conform artikel 2.32 onder B lid 2 een beroep te doen op de mogelijkheid om een onderhandelingsprocedure zonder aankondiging te starten met de huidige contractant omdat mededinging om technische redenen ontbreekt. Gemeente Vijfheerenlanden heeft voor de duur van 2 jaar (met verlengingsoptie van 2x 1 jaar) een contract afgesloten voor het (rechtstreeks) publiceren van de gemeentelijke informatie in een huis-aan-huisblad dat wekelijks bij de inwoners van gemeente Vijfheerenlanden wordt bezorgd. De overeenkomst is op 22 december 2022 ondertekend.,Gemeente contract publicatie huis-aan-huisblad geen mededinging technische redenen,Task_2
21123,1,21123,Stichting Dunamare Onderwijsgroep elektriciteit 2018 t/m 2020.,Stichting Dunamare Onderwijsgroep heeft het voornemen om middels deze Europees openbare aanbesteding een nieuwe overeenkomst aan te gaan voor het leveringsdeel van elektrische energie.,Bevestigen aanbestedingen dat organisaties nieuwe stroomcontracten zoeken?,Task_3
70646,1,70646,Nieuwbouw en verbouwing Gemeentelijke Basisschool Blokbos Lot,"Afbraakwerken, renovatiewerken, ruwbouwwerken, buitenschrijnwerk, technieken, afwerking, interieur en omgevingsaanleg.",Welke werkzaamheden omvat een aanbesteding voor complete bouwprojecten?,Task_1
99018,1,99018,Europese aanbesteding eigendommenverzekering gemeente Buren en gemeente Neder-Betuwe,Eigendommen gemeente Buren en gemeente Neder-Betuwe.,Gedetailleerde informatie over eigendommen van verschillende gemeenten,Task_2
69896,1,69896,EG.114117/JV?-?Outsourcing van de IT-infrastructuur t.b.v. GGD Zuid Limburg.,"Uitbesteding van de centrale infrastructuur en het totale technische beheer.Het doel van de aanbesteding is om met een leverancier een raamovereenkomst af te sluiten voor het aangaan van een strategisch partnerschap, waarbij de leverancier de volledige verantwoordelijkheid draagt voor het aanbieden, onderhouden en beheren van de ICT infrastructuur inclusief telefooncentrale, alsmede de volgende werkzaamheden:— migratie van de huidige ICT infrastructuur naar de leverancier,— doorontwikkeling van de ICT infrastructuur naar aanleiding van nieuwe ontwikkelingen binnen het vakgebied en de organisatieontwikkelingen van de GGD Zuid Limburg.",Bevestigen aanbestedingen uitbesteding van volledige ICT infrastructuur en technisch beheer?,Task_3
106860,1,106860,Projectleider zonne-energie,Om de volledige opdrachtinformatie te kunnen zien dient u een formeel goedgekeurde registratie te hebben op het betreffende Dynamisch Aankoopsysteem.,Hoe krijg ik toegang tot complete aanbestedingsinformatie?,Task_1
97146,1,97146,Marktconsultatie - beheer en onderhoud mechanische riolering (verwachte einddatum: 4.9.2019).,"De gemeente Oost Gelre wil de mogelijkheden bekijken om het beheer en onderhoud van de mechanische riolering (drukriolering en gemalen) op een functionele wijze uit te vragen, bijvoorbeeld in een publiek-private-samenwerking. Hierdoor heeft de aannemer vrijheid om gebruik te kunnen maken van innovaties en zijn ervaring en kan daardoor op een efficiënte werkwijze de afvalwaterzorgplicht verzorgen tegen lagere maatschappelijke kosten. De uitvraag zal hiertoe een langere looptijd hebben dan, zodat ruimte geboden kan worden om investeringen terug te verdienen.",Uitleg functionele aanbesteding beheer mechanische riolering met langere looptijd.,Task_2
97401,1,97401,'Onderhoud rioolgemalen en drukriolering 2020–2021 gemeente Heumen',Onderhoud rioolgemalen en drukriolering 2020–2021.,Bevestigen aanbestedingen de noodzaak van onderhoud aan rioleringsnetwerken?,Task_3
70517,1,70517,Architectuuropdracht voor optimalisatie van museale klimaatbeheersing en toegankelijkheid van het Rubenshuis,Architectuuropdracht voor optimalisatie van museale klimaatbeheersing en toegankelijkheid van het Rubenshuis,Architectuuropdracht voor verbetering klimaat en toegankelijkheid in musea,Task_1
119097,1,119097,Auteursopdracht voor de aanleg van het Zennepark en haar verbinding met het park van de 21e Julisquare op het grondgebied van de gemeenten Brussel en Schaarbeek.,"Oproep tot kandidaatstelling in het kader van een onderhandelingsprocedure met bekendmaking overeenkomstig.De opdracht betreft de studies voor de aanleg van het Zennepark en zijn verbinding met het park van de 21 juli-square op het grondgebied van de Stad Brussel en Schaarbeek, in het Brussels Hoofdstedelijk Gewest.Het Zennepark, op de oude bedding van de arm van de Zenne, strekt zich, via drie binnenterreinen van huizenblokken, uit van de Helihavenlaan tot de Paleizenstraat. Dit lineaire park is ook van belang voor de zachte mobiliteit van voetgangers, fietsers en personen met een beperkte mobiliteit. Zijn aanleg maakt deel uit van het basisprogramma van het Duurzame Wijkcontract Masui.Om vervolgens de doorsteek te maken naar het park van de 21 juli-square, volgt de wandeling de Verlengde Masuistraat, een deel van het talud van de spoorweg om het kanaal over te kunnen steken via een brug (niet opgenomen in de studies) en bestaande wegen (niet opgenomen in de studies). Een andere, zij het minder realistische mogelijkheid zou zijn om de Sibelga-site over te steken in plaats van de Verlengde Masuistraat te volgen.De perimeter van de studies strekt zich uit van de Helihavenlaan tot de Paleizenstraat over de Bruggen en is onderverdeeld in vier secties:Zennepark.1. Binnenterrein van huizenblok Helihavenlaan/Masuistraat;2. Binnenterrein van huizenblok Masuistraat/Koninginnelaan;3. Binnenterrein van huizenblok Koninginnelaan/Paleizenstraat;Verbinding met het park van de 21 juli-square.4. Binnenterrein van huizenblok Paleizenstraat/Verlengde Masuistraat, overgang op het talud van de spoorweg tot aan de Paleizenstraat over de Bruggen, met oversteek van het kanaal (de brug maakt geen deel uit van de studies).Deze sectie, tussen de Paleizenstraat en de Paleizenstraat over de Bruggen, is een voorwaardelijk schijf van deze opdracht voor aanlegstudies (tweede deel van deze opdracht). Slechts indien de voorwaarde voldaan is - namelijk de mogelijkheid om het huizenblok te doorkruisen en de mogelijkheid om een brug te plaatsen over het kanaal - kan de aanlegstudie van deze sectie aangevat worden.Deze opdracht bestaat uit twee delen:1. De uitwerking van een richtschema voor de aanleg van het studiegebied. Dit omvat een analyse van de bestaande rechtstoestand en feitelijke toestand, een verwoording van de belangen en een bepaling van de strategische ontwikkelingsopties;2. De uitwerking van de studies voor de aanleg van het studiegebied, van de opstelling van voorontwerpen en ontwerpen over de uitwerking van de aanvraagdossiers van de administratieve vergunningen en de opstelling van bijzondere bestekken tot het ondersteunen van de controle van de uitvoering en de oplevering van de werken.Dit tweede deel zal uitgevoerd worden op basis van een overeen te komen fasering. Ter informatie dient hierbij opgemerkt dat men zich mag verwachten aan een opdracht die zich zal uitstrekken over een tijdsspanne van minstens 5 jaar.De organisatie en animatie van het proces van participatie van bewoners, gebruikers en specifieke doelgroepen gedurende de hele uitwerking van het richtschema en de aanlegstudies maken integraal deel uit van de opdracht en dat in wisselwerking en synergie met het sociale gedeelte van het Duurzame Wijkcontract en de verenigingen die in het gebied actief zijn.De huidige markt richt zich in een eerste ronde tot het kiezen maximum 5 kandidaten op basis van kwalitatieve selectiecriteria. De geselecteerde kandidaten zal in een volgende ronde gevraagd worden om een offerte in te dienen.Bij de analyse van de offertes tijdens de gunningsfase zullen de weerhouden inschrijvers verzocht worden om hun offerte mondeling voor te stellen voor een Adviescomité dat elke vraag zal stellen, die nodig is voor een goed begrip van het project.In het kader van de procedure zal, na het overhandigen van de gevraagde documenten in de offerte en de mondelinge presentatie, een prestatievergoeding ten bedrage van 3 500 EUR worden toegekend aan de inschrijvers die wel een offerte indienden voor zover deze offerte een zeker kwaliteitsniveau had. Het zal het Adviescomité zijn, dat zal bepalen of de offertes al dan niet bevredigend genoemd kunnen worden en of de kandidaten de vergoeding al dan niet mogen ontvangen.Bij toekenning van de opdracht, de vergoeding zal betaald worden bij toekenning aan de inschrijver en zal worden afgehouden van de eerste honoraria.N.B: De praktische modaliteiten van de tweede ronde zullen te gepasten tijde toegestuurd worden.De keuze voor een onderhandelingsprocedure met Europese bekendmaking is gebaseerd op artikel 17, §3, 4° van de wet van 24.12.1993, waar de mogelijkheid voorzien wordt om gebruik te maken van een onderhandelingsprocedure met bekendmaking, wanneer: de aard van de dienst zodanig is dat de specificaties van de opdracht niet kunnen bepaald worden met voldoende nauwkeurigheid om de toewijzing toe te laten volgens de procedure van aanbesteding of offerteaanvraag.In casu kan de bouwheer de middelen niet preciseren, die nodig zijn om het resultaat te bereiken, dat van de opdracht verwacht wordt, in het bijzonder met het oog op de naleving van de eerste twee criteria van architecturale kwaliteit: integratie in de context en bewoonbaarheid. Bepaalde elementen blijven immers onbekend en buiten algemene richtlijnen kan er dus geen programma worden bepaald en kunnen we de kwaliteiten die er van de aanleg verwacht worden, alleen preciseren in functie van het resultaat van het participatieve proces, het bodemonderzoek, het gebruik van de grond, de locatie van de nutsvoorzieningen, enz.Gezien het unieke karakter van elke bouwactiviteit, dienen de kandidaten absoluut blijk te geven van creativiteit.De resultaten die worden voorgesteld in het kader van de procedure, moeten geëvalueerd kunnen worden via een openbaar en transparant debat, in die zin dat de architectuur aan het algemeen belang van de samenleving raakt.Aan elke kandidaat zal gevraagd worden om de basisgegevens van de procedure samen te vatten en te interpreteren. Voor een goed begrip van hun inhoudelijke, conceptuele, filosofische, sociale, ethische en culturele impact is een dialoog met de kandidaten vereist.",Welke factoren rechtvaardigen een onderhandelingsprocedure voor parkaanlegstudies?,Task_2
43766,1,43766,Nieuwbouw 27 sociale wooneenheden + aanleg publieke ruimte in binnengebied,Nieuwbouw 27 sociale wooneenheden + aanleg publieke ruimte in binnengebied,Nieuwbouw sociale woningen omvat ook aanleg van publieke ruimte.,Task_3
51811,1,51811,Renovatie schoolgebouw Roosenboomstraat 2 te Den Haag.,Zie bijlage selectieleidraad.,Welke documenten beschrijven de selectiecriteria voor inschrijvers bij aanbestedingen?,Task_1
61702,1,61702,Uitgebreide gevarenverzekering,De aanbestedende dienst is voornemens om middels deze Europese aanbestedingsprocedure met één of meerdere Inschrijvers een overeenkomst aan te gaan voor een uitgebreide gevarenverzekering (CPV code: 66515100 uitgebreide gevarenverzekering). De overeenkomst wordt afgesloten ten behoeve van gemeentelijke eigendommen en onderwijsinstellingen (primair- en voortgezet onderwijs) in de gemeente Vlaardingen.,Aanbesteding brede risicoverzekering voor gemeentelijke gebouwen en scholen,Task_2
30947,1,30947,Dynamisch aankoopsysteem levering Speurhonden,Dynamisch aankoopsysteem voor de levering van speurhonden voor de Douane Nederland,Bevestigen aanbestedingen dat overheidsdiensten speurhonden inkopen?,Task_3
98718,1,98718,Onderhoud W-Installaties,Onderhoud W-Installaties,Waar vind ik aanbestedingen voor onderhoud technische installaties?,Task_1
96478,1,96478,Verzekering motorvoertuigen en werkmaterieel,Aanbesteding ten behoeve van verzekering van motorvoertuigen en werkmaterieel.,Informatie over aanbestedingen voor verzekeren van bedrijfsvoertuigen en materieel,Task_2
68031,1,68031,Bestuurlijk aanbesteding Hulp bij het huishouden Oosterschelderegio.,"Dienstverlening te verrichten in het kader van de de Wet maatschappelijke ondersteuning. De precieze beschrijving is terug te vinden in het document ""Voorziening Huishoudelijk Zorg"" en in het document ""Voorziening Huishoudelijke Hulp"".",Aanbestedingen voor huishoudelijke hulp binnen maatschappelijke ondersteuning?,Task_3
13630,1,13630,REVISIE REMMEN VAN HET MERK KNORR VOOR DE FLEXITY 2 TRAM,"OPROEP TOT HET INDIENEN VAN KANDIDATUREN: REVISIE REMMEN VAN HET MERK KNORR VOOR DE FLEXITY 2 TRAM. Deze opdracht is een raamovereenkomst met een looptijd van vier jaren, éénmaal verlengbaar met vier jaar.",Aanbestedingen gezocht voor revisie remsystemen van trams,Task_1
39306,1,39306,Loopbaanbegeleiding en assessments,"Het onderwerp van de aanbesteding bestaat uit het verzorgen van loopbaanbegeleiding en assessments. Loopbaanbegeleiding betreft het geheel van adviezen en diensten dat nodig is om een medewerker van de gemeente Zoetermeer te ondersteunen bij het vinden van een antwoord op een loopbaanvraag. Het doel is om zicht te krijgen op de mogelijkheden voor een volgende interne of externe loopbaanstap. Assessments betreft het voorspellen van gedrag op basis van competenties, het testen van capaciteiten en vaardigheden en het adviseren over ontwikkelingsmogelijkheden t.b.v. de selectie en ontwikkeling van medewerkers van de gemeente Zoetermeer.",Uitleg over loopbaanbegeleiding en assessments voor medewerkerontwikkeling,Task_2
7919,1,7919,Online Producten en Diensten Springer Nature,"Deze opdracht ziet op toegang tot de producten en diensten van Springer Nature. Opdrachtnemer beschikt ten aanzien van deze content over uitsluitende rechten, waaronder intellectuele-eigendomsrechten, auteursrechten en databankenrechten, die dit aanbod beschermen. Dit maakt dat er geen redelijk alternatief of substituut bestaat. Het betreft een overeenkomst voor 5 jaar voor volledige toegang tot de digitale Content die wordt ontsloten ten behoeve van de Rijksoverheid.",Zijn er aanbestedingen voor digitale content zonder redelijk alternatief?,Task_3
13448,1,13448,“CAMPUS GEEL | ARCHITECTUUROPDRACHT VOOR DE GEDEELTELIJKE RENOVATIE EN UITBREIDING VAN DE CAMPUS”,"Het voorwerp van de opdracht vormt een architectuuropdracht voor de gedeeltelijke renovatie en uitbreiding van de campus op de site van Thomas More Kempen te Geel. Thomas More Kempen voorziet daarbij specifiek in de (externe) renovatie van enkele gebouwblokken met een uitbreiding van o.a. één of meer van de 3 lesblokken, het studentenrestaurant en één grote aangesloten nieuwbouw voor de realisatie van kantoorruimtes.De opdracht behelst onder meer:• De volledige architectuuropdracht, met inbegrip van alle studies inzake stabiliteit, technieken, akoestiek, toegankelijkheid, signalisatie, brand, sloopinventaris, sonderingen, samenstelling subsidiedossier, EPB-verslaggeving & ventilatieverslaggeving;• De opmaak van een aanvraag tot het bekomen van een omgevingsvergunning;• De opmaak van de uitvoeringsplanning, detailtekeningen, technische lastenboeken, meetstaten;• Het technisch begeleiden van de gunningsprocedure(s), desgevallend opgesplitst in verschillende percelen;• De coördinatie van en de controle op de uitvoering van de aannemingswerken en de gedeeltelijke sloopwerken van de bestaande gebouwen, het leiden van de werfvergaderingen en het verzorgen van de bijhorende verslaggeving. Het aan te stellen ontwerpteam heeft een globale coördinatieplicht voor alle aspecten van de renovatie en nieuwbouw;• Het nazicht en het verbeteren van de ingediende vorderingsstaten;• Het verlenen van alle administratieve bijstand bij het bekomen van de nodige vergunningen voor de realisatie en de ingebruikname van de gerenoveerde en/of nieuwe gebouwen;• Het verstrekken van advies betreffende voorgestelde wijzigingen en ingediende verrekeningsvoorstellen in min of in meer, alsmede andere tijdens de uitvoering van de aannemingswerken gerezen technische aangelegenheden;• Het verlenen van bijstand bij de voorlopige en definitieve oplevering van de aannemingswerken.De opdracht omvat zowel het gedeelte architectuur, stabiliteit als het gedeelte technische installaties.","Architectuuropdracht renovatie en uitbreiding campusgebouwen, inclusief nieuwbouw kantoorruimtes.",Task_1
85617,1,85617,Reïntegratiediensten Sociaal Domein,"Deze aanbesteding heeft als doel het afsluiten van een aantal raamovereenkomsten voor het bieden van reïntegratie-trajecten in het kader van de Participatiewet, voor inwoners van de gemeente Pijnacker-Nootdorp met een afstand tot de maatschappij/arbeidsmarkt.

Er is sprake van een SAS-procedure (verlicht regime), met een openbare inschrijving. Afname van trajecten is vraag- en budget gestuurd. Op basis van de ontwikkelingen van de afgelopen jaren is er sprake van een totale geraamde waarde (over de potentiële looptijd van 96 maanden) van 2.000.000 euro.

Dit gaat om de waarde voor de opdracht in totaal, niet per raamovereenkomst.","Informatie over aanbesteding reïntegratie participatiewet: procedure, waarde en doelgroep",Task_2
36720,1,36720,"Grafisch Lyceum Rotterdam, Renovatie Technikon Complex, Engineer en Build G1 / bouwteam G2","Het werk betreft:— De renovatie van het gebouw G1 van het Technikon Complex voor het Grafisch Lyceum Rotterdam. Het totale bruto vloeroppervlak bedraagt circa 13 000 m2,— Het maken van de verbindingselementen (bruggen) tussen gebouw G1 en G2,— In bouwteamverband (engineer and build) met afstandsverklaring uitvoeren van renovatie G2 en entree 17 000 m2.",Renovatie grote onderwijsgebouwen inclusief verbindingselementen en bouwteamverband,Task_3
123344,1,123344,Baggeren stedelijk gebied Albrandswaard 2013.,De werkzaamheden met betrekking tot het Baggeren zijn gericht op het verwijderen van de baggerspecie tot de vaste bodem in het stedelijk gebied Albrandswaard (schouwvak 2013).,Zoek aanbestedingen voor baggerwerkzaamheden in stedelijke gebieden.,Task_1
62311,1,62311,Marktconsultatie — opslag- en distributiesysteem voor waarde documenten,"De opdracht betreft een systeem wat voorziet in de automatisering van invoer, opslag, distributie en uitgifte van waarde documenten.",Zoek aanbestedingen voor geautomatiseerd beheer van belangrijke documenten.,Task_2
117144,1,117144,Het afsluiten van een raamovereenkomst voor het verzekeren van Burgerlijke aansprakelijkheid en Vloot,"Deze opdracht is een opdracht voor diensten in de zin van art. 2, 21o van de Wet op Overheidsopdrachten (hierna: de Wet).Het betreft een opdracht van verzekeringsdiensten, CPV-code: 66500000 – Diensten op het gebied van verzekeringen.Voorwerp van deze diensten: Het afsluiten van een raamovereenkomst voor verzekering Burgerlijke Aansprakelijkheid en VlootDe nieuwe verzekeringspolissen dienen in te gaan op 1.1.2021.De opdracht is onderverdeeld in drie percelen:a) perceel 1: algemene burgerlijke aansprakelijkheid;b) perceel 2: vloot – verplichte aansprakelijkheidsverzekering en omnium dienstopdrachten;c) perceel 3: vloot - rechtsbijstand.",Aanbestedingen die verzekering burgerlijke aansprakelijkheid en wagenpark opsplitsen in percelen,Task_3
125569,1,125569,Training Waterbeleid,Het Matra-Zuid programma bestaat onder andere uit een trainingscomponent.,Zoek aanbestedingen voor programma's met een trainingscomponent.,Task_1
117985,1,117985,"Raamovereenkomst voor het leveren, plaatsen, onderhouden en herstellen van industriële pompen","Raamovereenkomst voor het leveren, plaatsen, onderhouden en herstellen van industriële pompen.",Welke diensten omvat de verzorging van industriële pompen?,Task_2
55618,1,55618,Accountantsdiensten.,"— Het als onafhankelijke deskundige uitvoeren van de accountantscontrole en het geven van een oordeel op grond van dit onderzoek als bedoeld in het onderwijscontrole protocol OCW/EL&I en vigerende wetgeving.
               — Het uitvoeren van een controle op de jaarrekeningen van de rechtspersonen behorende tot de Stichting ROCvAF, zie organisatiestructuur in de bijlagen.
               — Het uitvoeren van de bekostigingscontrole ten behoeve van de rijksbijdrage.
               — Het uitvoeren van een nader te bepalen aantal afzonderlijke controles waarvoor ROCvAF aan de rijksoverheid (ministeries) en overige subsidieverstrekkers een goedkeurende verklaring ter beschikking dient te stellen.
               — Het gevraagd en ongevraagd verstrekken van adviezen, voortvloeiend uit de natuurlijke adviesfunctie.
               — De op te leveren producten zijn:
               o Een accountantsverklaring over de getrouwheid van de jaarrekening(en).
               o Een Assurance-rapport bij de bekostigingsgegevens voor OCW.
               o Een managementletter naar aanleiding van de interim-cont...",Wat zijn de vereisten voor controle bekostigingsgegevens overheidsfinanciering?,Task_3
11626,1,11626,Inhuur technisch projectleider systeemontwikkeling.,Inhuur technisch projectleider systeemontwikkeling.,Aanbestedingen voor projectmanagement bij software- en systeemontwikkeling.,Task_1
127656,1,127656,"Uitbreiding AVL – nieuwbouw gebouwdelen J, C en S.","Het project van het AVL bestaat hoofdzakelijk uit het realiseren van een uitbreiding van de Centrale Hal (S), een uitbreiding en verbouw van gebouw C en de nieuwbouw van gebouw J.","Beschrijving van bouwprojecten met uitbreiding, verbouw en nieuwbouw van gebouwen.",Task_2
57840,1,57840,Raamovereenkomst in 2 percelen voor levering van MS Windows en Linux compatibel IT materiaal.,"Deze opdracht is een opdracht voor leveringen, in de zin van artikel 3 van de Wet overheidsopdrachten en bepaalde opdrachten voor werken, leveringen en diensten van 15.6.2006, en betreft het afsluiten van een meerjarige overeenkomst voor de levering „op afroep” van MS Windows en Linux compatibel IT materiaal ten behoeve van opleidingen en diensten van de Arteveldehogeschool, Hogeschool Gent, Hogeschool West-Vlaanderen, Universitair Ziekenhuis Gent en Universiteit Gent.",Gezamenlijke aanbesteding IT-materiaal voor onderwijs en ziekenhuizen is ongebruikelijk?,Task_3
86806,1,86806,Aanbesteding schoonmaak SPO Utrecht (primair onderwijs),Aanbesteding schoonmaak SPO Utrecht (primair onderwijs),Waar vind ik aanbestedingen voor schoonmaak basisscholen?,Task_1
95998,1,95998,Gunning DAS Inhuur personeel en adviesdiensten Q3 en Q4 2022,Deze tender is aangemaakt om in de publicatie te voorzien van de gunningen die plaatsgevonden hebben in het dynamisch aankoopsysteem voor Inhuur personeel en adviesdiensten over de periode van 1.4.2020 t/m 31.6.2020.Het DAS vindt u via deze link:https://platform.negometrix.com/PublishedTenders.aspx?tenderId=120219&companyId=22936,Publicatie van aanbestedingsresultaten flexibele contracten april tot juni 2020,Task_2
126680,1,126680,Inhuur flexibele arbeidskrachten via Uitzenden en Payrolling,Het doel van deze Europese aanbesteding is het sluiten van een Overeenkomst tussen elk van de hieronder genoemde partijen afzonderlijk en één Opdrachtnemer voor Uitzenden van arbeidskrachten en één Opdrachtnemer voor Payrolling,Worden uitzenden en payrolling meestal apart aanbesteed in Europa?,Task_3
28671,1,28671,Vrijwillige transparantie vooraf inzake burgerzaken applicatie,Gemeente Ede heeft een overeenkomst voor iBurgerzaken met Pink Roccade B.V. In voorbereiding naar een (EU) aanbesteding en naar oordeel van de gemeente Ede is Pink Roccade B.V. op dit moment de enige partij die nu aantoonbaar kan voldoen aan de huidige gestelde eisen en criteria van deze opdracht.,Aanbestedingen voor gemeentelijke diensten met slechts één geschikte leverancier.,Task_1
35612,1,35612,"Aanbesteding vermogenstransformator 750 MVA, uitbr. GIS 380 kV en uitbr. GIS 220 kV","Deze aanbesteding heeft als doel om een overeenkomst te sluiten met één of meerdere partijen, welke in staat zijn",Beschrijf het doel van aanbestedingen voor het aangaan van een overeenkomst.,Task_2
65426,1,65426,Accountantsdiensten,Dienstverlening van accountantswerkzaamheden.,Welke aanbestedingen bevestigen behoefte aan externe audit?,Task_3
82663,1,82663,Infuusspuiten,Levering van infuusspuiten. Jaarlijks circa 1 miljoen (infuus)spuiten.,Aanbestedingen voor jaarlijkse levering van circa één miljoen infuusspuiten?,Task_1
62977,1,62977,"Vervanging datacenter infrastructuur, levering beheer en clouddiensten","Vervanging datacenter infrastructuur, levering beheer en clouddiensten.",Zoek aanbestedingen over vernieuwing datacenter en beheer clouddiensten.,Task_2
87596,1,87596,Raamovereenkomst Veldkijkers Defensie,"De opdracht betreft het onder een raamovereenkomst leveren van “veldkijkers”, ten behoeve van personeel van het Ministerie van Defensie.",Is er een aanbesteding voor veldkijkers onder raamovereenkomst defensie?,Task_3
38669,1,38669,13ink005 - Dienstencontract DVM Groene Route,"Deze opdracht richt zich op de configuratie van bestaande en nieuwe DVM-systemen en de coördinatie over de realisering van nieuwe systemen. De in het kader van deze opdracht te configureren DVM-systemen betreffen:- NMS (Netwerk Management Systeem);- DRIP-server;- Camera-server;- VI-centrale en VRI's;- Matrixsignaalgevers.De werkzaamheden betreffen:- Projectleiding over de realisatieprojecten in relatie tot het gehele systeem (op regiebasis). De projectleiding is enerzijds gericht op de afstemming met de leveranciers over en toetsing van de levering van DVM-systemen. Anderzijds is de projectleiding gericht op de beheersbaarheid van de systemen – het aansluiten van de gebruiks- en beheertaken op de werkprocessen van de Aanbestedende dienst – na oplevering van de DVM-systemen;- Ontwikkeling van regelscenario's en implementatie in het NMS;- Programmeren van de verkeersregelingen;- Het ontwikkelen van een beeldstrategie voor de bermDRIP's en matrixsignaalgevers;- Integraal inregelen en testen van regelscenario's inclusief alle middelen;- In bedrijfstellen en functioneel beheer van de DVM systemen;- Instrueren en opleiden van operators, operationeel verkeerskundigen en technisch verkeersmanager.","Opdracht voor projectleiding, ontwikkeling en beheer van verkeerssystemen.",Task_1
123297,1,123297,Recht op berging specie Munnikenland,Recht op berging specie Munnikenland. Staatsbosbeheer is voornemens een overeenkomst te sluiten met Van Oord Nederland BV aan wie het recht wordt verleend voor eigen rekening en risico specie te bergen in een aangewezen put van Staatsbosbeheer. De onderneming betaalt hiervoor een marktconforme vergoeding aan Staatsbosbeheer. De overeenkomst valt niet onder de definitie overheidsopdracht als bedoeld in artikel 1 lid 2 sub a van Richtlijn 2004/18/EG noch onder de definitie van concessieovereenkomst voor openbare werken als bedoeld in artikel 1 lid 3 van voornoemde Richtlijn.,Uitleg over berging van baggermateriaal op eigen risico zonder overheidsopdracht.,Task_2
28466,1,28466,Koop- en leveringsovereenkomst voor de vervanging van het huidige Theodoliet systeem met toebehoren icm een Onderhoudsovereenkomst,"Het Theodoliet systeem (hierna te noemen 'het Systeem') is een uitrustingsstuk behorende bij het PATRIOT wapensysteem. Het Systeem is benodigd om het wapensysteem handmatig in te meten. De huidige Theodoliet T-16 is zijn ELOT al een geruime tijd gepasseerd en aan vervanging toe.De Aanbestedende dienst nodigt u hierbij uit om u in te schrijven voor de aanbesteding van: Het leveren van een vervangend Theodoliet systeem met toebehoren icm een onderhoudsovereenkomst.Ondernemers die graag nadere informatie willen over het gebruik van Negometrix, kunnen diverse instructies raadplegen op:https://support.negometrix.com/nl/support/home",Verouderde meetapparatuur voor militaire systemen wordt vervangen,Task_3
1595,1,1595,Begeleiding Veilige Steden 2023-2026,Begeleiding Veilige Steden 2023-2026,Zoek aanbestedingen voor expertise in stedelijke veiligheid en preventie,Task_1
105507,1,105507,NA Morgenwijzer - Mobiele oplaadkasten,Deze opdracht betreft een nadere uitvraag vanuit 80166 DAS ICT Hardware - Computertoebehoren.Deze opdracht heeft betrekking op het leveren van circa 15 mobiele oplaadkasten voor laptops en tablets.,Informatie over aanbestedingen voor mobiele oplaadkasten voor laptops en tablets.,Task_2
43843,1,43843,Aanstelling van personeel voor de woonzorgcentra via een interimkantoor volgens behoefte,De uit te voeren opdracht omvat het aanstellen van personeel via een interimkantoor volgens behoefte van het OCMW Dendermonde.Er dient één coëfficiënt opgegeven te worden die geldt voor de volgende functie: ZorgkundigeEr dient één coëfficiënt opgegeven te worden die geldt voor de volgende functies: bachelor verpleegkundige (A1) gegradueerd verpleegkundige (A2)De opdracht is opgedeeld in volgende percelen:Perceel 1 “ZORGKUNDIGEN”Perceel 2 “GEGRADUEERDE VERPLEEGKUNDIGEN”Perceel 3 “BACHELOR VERPLEEGKUNDIGEN”ExclusiviteitDeze overheidsopdracht verleent geen exclusiviteitsrecht in hoofde van de dienstverlener. Op basis van die coëfficiënt zal de prijs bepaald worden onder de voorwaarden vermeld onder punt I.4; Prijsopgave.Het is de dienstverleners niet toegelaten slechts voor een deel van de gevraagde diensten in te schrijven.,Een aanbesteding voor zorgpersoneel staat deelname aan losse percelen toe?,Task_3
33237,1,33237,EA Tolkdiensten,"Dit is een Europese Openbare aanbestedingsprocedure van de Stichting Radboud universitair medische centrum, hierna te noemen 'Radboudumc'. De aanbesteding betreft het leveren van de tolkdiensten Radboudumc breed. Radboudumc wenst hiertoe een raamovereenkomst te sluiten met één Ondernemer voor de duur van drie (3) jaar, met een optie tot verlenging van éénmaal één (1) jaar.",Aanbesteding tolkdiensten medisch centrum raamovereenkomst 3 jaar,Task_1
60583,1,60583,Lorentz Casimir Lyceum Eindhoven EA schoonmaakdienstverlening en glasbewassing,"Het verzorgen van de schoonmaakdienstverlening en de glasbewassing van Lorentz Casimir Lyceum te Eindhoven. Aanleiding is de afloop van de lopende overeenkomst.Het betreft werkzaamheden in twee gebouwen/scholen die onder het beheer van Lorentz Casimir Lyceum vallen.De Overeenkomst wordt aangegaan voor de maximale duur van negen (9) jaar, te weten een vaste periode van drie (3) jaar, waarvan het eerste jaar geldt als proeftijd, met de mogelijkheid tot verlenging door Opdrachtgever tot driemaal (3x) twee (2) jaar.Startdatum van uitvoering van het nieuwe contract is 1.10.2020.","Welke aanbestedingen specificeren contractduur, verlengingsopties en startdatum voor schoonmaakdiensten?",Task_2
111979,1,111979,"Reinigen lijngoten en kolken 2021-2022 nr. WDZKolk2021-2022 In de gemeenten Duiven, Westervoort en Zevenaar","De Opdrachtgever en aanbestedende dienst van deze aanbesteding zijn de gemeenten Duiven, Westervoort en Zevenaar.Alle informatie over deze aanbesteding kunt u vinden onder in de vragenlijsten Beschrijvend document en Bestek WDZKolk2021-2022.",Welke aanbestedingen worden door meerdere gemeenten uitgeschreven?,Task_3
28028,1,28028,Eindejaarsgeschenken,"De opdracht voor het leveren van Eindejaarsgeschenken is gebaseerd op een keuzeconcept. Middels een bon die wordt uitgegeven kunnen medewerkers zelf een keuze maken via een speciaal ingerichte webshop met o.a. cadeaubonnen, belevenissen, producten, (vooraf geselecteerde) goede doelen en de keuze voor een verrassingspakket.",Hoe kan ik medewerkers zelf cadeaus laten kiezen via een webshop?,Task_1
96037,1,96037,Bedrijfswagens BUCH,Het leveren van personen en bedrijfswagens in verschillende uitvoeringen,Beschrijving aanbestedingen leveren van auto's en bestelwagens,Task_2
88384,1,88384,Vernieuwbouw Leo Kanner VSO Oegstgeest,Ten behoeve van de Leo Kannerschool VSO zal aan de Endegeesterstraatweg 3 te Oegstgeest renovatie en nieuwbouw worden gepleegd. ca. 5.200 m2 BVO,Er zijn aanbestedingen voor renovatie en nieuwbouw van schoolgebouwen met grote oppervlakte.,Task_3
62648,1,62648,Bouwblok video,"Het beoogde resultaat van deze EU Aanbesteding is een overeenkomst met een marktpartij die zorgdraagt/kan zorgdragen voor het ontwikkelen, leveren en beheren van het bouwblok video. Met het bouwblok video worden componenten in de videoketen in en naar Rijkswaterstaat objecten gestandaardiseerd en geüniformeerd in het gehele bediendomein. Dat wil zeggen zowel in het droge domein als in het natte domein.Dit met gebruikmaking van kaders als de LTS en LBS.De niet-openbare procedure wordt gehanteerd. Rijkswaterstaat is voornemens vijf (5) gegadigden, die geschikt zijn, waarop geen uitsluitingsgrond van toepassing is en als hoogste in de rangorde zijn geëindigd, uit te nodigen voor het doen van een Inschrijving.Het criterium voor de gunning is EMVI-BPKV.",Marktpartij gezocht voor ontwikkeling en beheer videoketen in droge en natte domeinen.,Task_1
46625,1,46625,Oproep tot kandidaatstelling - Diverse verzekeringscontracten.,"Het voorwerp van de opdracht is het afsluiten van verschillende verzekeringscontracten voor gemeentebestuur Dilbeek en Politiezone Dilbeek.De opdracht wordt afgesloten voor een periode van 4 jaar.De voorziene begindatum van sommige diensten is 1.1.2014 (begindatum is afhankelijk van de opzeg van de bestaande contracten).De voorziene einddatum van al de diensten is 31.12.2017.Er is mogelijks een fusie op komst tussen verschillende politiezones. Daarom is het noodzakelijk dat de contracten voor de politiezone Dilbeek jaarlijks opzegbaar zijn.In deze procedure onderscheiden we in totaal 4 percelen die elk uit een aantal loten bestaan.Inschrijvers die voor alle percelen inschrijven genieten de voorkeur.De vijf percelen zijn:1. Burgerlijke aansprakelijkheid en rechtsbijstand lot 1: Algemene burgerlijke aansprakelijkheid en rechtsbijstand (politiezone en gemeente) lot 2: Burgerlijke aansprakelijkheid en rechtsbijstand speelplein- en grabbelpaswerking, vakantiewerking De Klimop en extra activiteiten georganiseerd door de jeugddienst. lot 3: Burgerlijke aansprakelijkheid en rechtsbijstand gemeentelijke lagere scholen, basisschool en academie lot 4: Burgerlijke aansprakelijkheid en rechtsbijstand vrijwilligers lot 5: Objectieve aansprakelijkheid bij brand lot 6: Burgerlijke aansprakelijkheid inzake gebruik van een leegstaand gebouw voor de organisatie van trainingen en geweldbeheersing.2. Lichamelijke ongevallen lot 1: Arbeidsongevallen lot 2: Lichamelijke ongevallen mandatarissen lot 3: Lichamelijke ongevallen leerlingen onderwijs lot 4: Lichamelijke ongevallen speelplein- en grabbelpaswerking, vakantiewerking De klimop en extra activiteiten georganiseerd door de jeugddienst. lot 5: Lichamelijke ongevallen leden gemeentelijke adviesraden lot 6: Lichamelijke ongevallen vrijwilligers3. Materiële schadeLot 1: brand en aanverwante gevaren.Lot 2: alle risico's.4. Voertuigen gemeentebestuur lot 1: Verzekering motorvoertuigen lot 2: Omniumverzekering lot 3: Omniumverzekering opdracht lot 4: omnium opdracht: terugbetaling van stoffelijke schade aan het voertuig waarmee men zich verplaatst bij een oproep voor sneeuw- en ijzelbestrijding5. Voertuigen politiezone lot 1: Verzekering motorvoertuigen lot 2: Omniumverzekering lot 3: Omniumverzekering opdracht",Waarom zijn verzekeringscontracten politiezone jaarlijks opzegbaar bij fusie?,Task_2
22146,1,22146,DSO-50-16-010-D01 Leverantie straatbakstenen,Raamovereenkomst met één onderneming,Kunnen aanbestedingen leiden tot een raamcontract met één leverancier?,Task_3
34407,1,34407,Reconstructie Kunstgras Sportvelden 2022,"De opdracht reconstructie kunstgras sportvelden Haarlemmermeer 2022 bestaat in hoofdzaak uit:• Het renoveren van kunstgrasvelden• Het herstraten van bestratingDe velden zijn gelegen op drie onderstaande locaties:o Hoofddorp - De Reigers - hockeyveld 4 renovatie kunstgras (22-003);o Spaarndam – SV Spaarnwoude - voetbalveld 1 renovatie kunstgras (22-04);o Lisserbroek – VV Kagia - voetbalveld 3 renovatie kunstgras (22-005)Voor een meer nauwkeurige omschrijving wordt verwezen naar het betreffende RAW-bestek met kenmerk 22-003 resp. 22-004 resp. 22-005.Om administratieve redenen is er in dit geval voor gekozen om deze opdracht in drie percelen op te delen, waarbij elk perceel een eigen RAW-bestek heeft. De opdracht zal gegund worden aan die inschrijving met de beste prijs-kwaliteit verhouding voor alle drie bestekken tezamen.Een inschrijving op twee of minder bestekken is geen geldige inschrijving en zal terzijde worden gelegd.",Zoek aanbestedingen voor sportveld renovatie waarbij alle percelen verplicht zijn?,Task_1
10544,1,10544,Inzameling en verwerking van grof vuil en bouw- en sloopafval in de gemeente Horst aan de Maas.,"In de gemeente Horst aan de wordt het grof vuil en het Bouw- en sloopafval (BSA) op afroep bij inwoners aan huis opgehaald. Grof vuil wordt los aangeboden. Voor de inzameling van BSA wordt gebruik gemaakt van bigbags met een inhoud van ongeveer 1m3 en minibags van ongeveer 0,25 m3. Grof vuil en BSA worden in dezelfde inzamelroute opgehaald. Hierbij wordt gebruik gemaakt van een kraanwagen met laadbak zonder compartimenten. Voor inwoner is het ophalen van Grof vuil gratis. Voor het ophalen van BSA dienen de inwoners te betalen. Deze betaling geschiedt direct aan de Opdrachtgever.Per 1.11.2012 dient een nieuw contract voor de inzameling en verwerking van grof vuil en BSA in te gaan.","Details over inzameling grof huisvuil en bouwafval: aanpak, kosten, materialen?",Task_2
13782,1,13782,Bouwproject Zaffelare,"Verbouwing van een dokterswoning naar een woning voor 12 personen met een verstandelijke beperking, en de bouw van een meergezinswoning – 2 eenheden van 8 personen met een verstandelijke beperking te Zaffelare.",Zijn er aanbestedingen voor het bouwen en verbouwen van zorgwoningen?,Task_3
110523,1,110523,Meubilair Amare,"Het leveren van los standaard meubilair en maatwerk meubilair voor de inrichting van publieke en gemeenschappelijke ruimtes, bestemd voor exploitatie van Amare.",Aanbestedingen standaard en maatwerk meubilair publieke en gemeenschappelijke ruimtes functioneel gebruik.,Task_1
25780,1,25780,Raamovereenkomst inwinning verkeersparameters Vlaanderen.,Raamovereenkomst inwinning verkeersparameters Vlaanderen.Perceel 1: Wegenafdeling Limburg.Perceel 2: Wegenafdeling Vlaams-Brabant.Perceel 3: Wegenafdeling West-Vlaanderen.Perceel 4: Afdeling Expertise Verkeer en Telematica (geografisch gebied).,Welke regio's vallen onder een kaderovereenkomst verkeersgegevens verzamelen?,Task_2
121313,1,121313,Imagocampagne voor de Kust: Kust Ze.,"De opdracht omvat het voeren van een imagocampage, waarbij de Kust beter en sterker gepositioneerd wordt als bestemming waar voor iedereen altijd iets valt te beleven, een Kust met jonge & actieve uitstraling.","Aanbestedingen die de noodzaak van een jonge, actieve uitstraling voor toerisme bevestigen.",Task_3
99142,1,99142,Levering van kraan-haakarmvoertuigen,"Levering van 2, 3-assige kraan-haakarmvoertuigen inclusief reparatie- en onderhoudscontract chassis.",Zoek aanbestedingen voor kraan-haakarmvoertuigen met reparatie- en onderhoudscontract.,Task_1
64673,1,64673,1-D-12345-19 De beste pensioenregeling voor Ro!Entree,"De opdracht de beste pensioenregeling voor Ro!Entree met 1-D-12345-19 gaat over een nieuwe pensioenregeling voor de medewerkers van Ro!Entree per 1.1.2020, ter vervanging van de huidige middelloon pensioenregeling.",Zoek aanbestedingen over vervanging middelloon pensioenregeling voor personeel.,Task_2
113705,1,113705,Grondreiniging NS treinmodernisering Haarlem,"Bij de conditionering (bouwrijp opleveren) van het NSTM-terrein te Haarlem komt sterk verontreinigde grond vrij welke dient te worden gereinigd.De werkzaamheden bestaan uit twee fasen:— fase 1: sloop hal 20, partiële sanering opstelterrein en aanleg nieuwe opstelsporen (in de periode Q3 2021 t/m Q1 2022),— fase 2: bouw hal 29, verplaatsen milieuplein, vernieuwen opstelterrein (vanaf Q3 2022).",Zijn er aanbestedingen voor bodemsanering inclusief sloop en infrastructuur in fases?,Task_3
13211,1,13211,"Het leveren van polyethyleen zakken voor de selectieve inzameling van plastic verpakkingen, metalen verpakkingen en drankkartons (pmd)",De opdracht betreft de levering van polyethyleen zakken voor de selectieve inzameling van de pmd-fractie. Deze selectieve inzameling vindt plaats in het kader van een Fost Plus-project met het oog op de toepassing van het samenwerkingsakkoord van 4 november 2008 betreffende de preventie en het beheer van verpakkingsafval.,Welke aanbestedingen betreffen levering van polyethyleen zakken voor pmd-inzameling?,Task_1
55803,1,55803,"Europese aanbesteding ""Wegenstructuur Brainport Park - Hoofdinfra""",Het project 'Wegenstructuur Brainport Park – Hoofdinfra' omvat het in een bouwteam uitwerken van de inpassingsvisie (schetsontwerp) voor de civiele kunstwerken en het Definitief Ontwerp (DO) voor de overige infrastructuur tot een Uitvoeringsontwerp (UO). Een ieder draagt ontwerpverantwoordelijkheid op basis van zijn/haar inbreng.Meer informatie over het project is opgenomen in de selectieleidraad.,Uitleg over ontwerpfasen en verantwoordelijkheden bij civiele infrastructuurprojecten.,Task_2
27499,1,27499,Offertevraag voor huur en onderhoud van digitale fotokopieertoestellen en bijhorende software voor Petrus en Paulus vzw,Offertevraag voor huur en onderhoud van digitale fotokopieertoestellen en bijhorende software voor Petrus en Paulus vzw,Organisaties besteden huur en onderhoud van kopieerapparatuur uit.,Task_3
80480,1,80480,Accountantsdiensten.,"Door middel van deze Europese aanbesteding wil Avalex 1 partner contracteren die in staat is om accountantsdiensten te leveren. Het jaarlijks terugkerend uitvoeringsprogramma binnen de opdracht bestaat uit:1. interim-controle;2. de controle van de jaarstukken, -verantwoording en de paragrafen, oftewel de eindejaarscontrole, gericht op het verstrekken van een accountantsoordeel bij de jaarrekening; de controle van de verantwoording „single information” en „single audit”;3. EDP audit;4. de natuurlijke adviesfunctie.","Aanbesteding gevraagd voor accountantsdiensten, zoals controle jaarrekening en advisering.",Task_1
22429,1,22429,Inhuur van materieel incl. bediening t.b.v. Groenprojecten en onkruid- en veegvuilbeheersing.,Met het sluiten van de raamovereenkomst beoogt WSD een opdrachtnemer te contracteren voor de inhuur van materieel inclusief vakbekwaam bedienend personeel voor de uitvoering van groenprojecten en onkruid- en veegvuilbeheersing op verhardingen. Hierbij is een kwalitatief goede uitvoering van de werkzaamheden zeer belangrijk.,Wat zijn de kwalitatieve eisen voor materieel en personeel bij groen- en terreinonderhoud?,Task_2
9685,1,9685,Herinrichting Damrak (OR 2012-06).,Herinrichting van het Damrak tussen de Prins Hendrikkade en de Dam inclusief vernieuwen riolering en onderbed van de trambaan in stadsdeel Centrum van de gemeente Amsterdam.,Aanbestedingen die stedelijke herinrichting met riolering en trambaanvernieuwing bevestigen.,Task_3
57186,1,57186,Raamcontract voor het leveren van implanteerbare defibrillatoren (ICD's) en bijhorende elektroden.,Raamcontract voor het leveren van implanteerbare defibrillatoren (ICD's) en bijhorende elektroden.,Zoek aanbestedingen voor implanteerbare defibrillatoren en bijbehorende elektroden,Task_1
5882,1,5882,"Handhavingssoftware gemeente Geldrop-Mierlo, gemeente Nuenen, gemeente Son & Breugel en camera's gemeente Geldrop-Mierlo.","De aanbestedende dienst (Dienst Dommelvallei) bestaat uit 4 organisaties; Dienst Dommelvallei en gemeente Geldrop-Mierlo, gemeente Nuenen, gemeente Son & Breugel. De overeenkomsten bestaan uit het werkend opleveren en vervolgens het ter beschikking stellen van een systeem voor handhaving en het werkend opleveren en vervolgens het ter beschikking stellen van camera's. Beiden inclusief onderhoud en ondersteuning. De overeenkomsten gaan in direct na ondertekening. Dit is ook het moment waarop de implementatie start. De initiële looptijd van beide overeenkomsten start 1 december 2023 en worden aangegaan voor een periode van minimaal 4 jaar en maximaal 8 jaar. Acceptatie en live-gang van de ICT Prestatie vindt uiterlijk 30 november 2023 plaats.",Informatie aanbesteding handhaving camerasystemen inclusief onderhoud en looptijd,Task_2
102839,1,102839,Bouw- en woonrijpmaken Haarzicht te Vleuten,Het bouwrijp en vervolgens woonrijp maken van een woonwijk te Vleuten,Zijn er aanbestedingen voor terreinvoorbereiding van nieuwe woongebieden?,Task_3
45222,1,45222,Overheidsopdracht voor aanneming van levering van 100 % groene elektriciteit voor een periode van 3 jaar.,"Gezamenlijke overheidsopdracht voor elektriciteitslevering voor de gemeenten en OCMW'S van Jette, Ganshoren, Koekelberg, Sint-Agatha-Berchem en Sint-Jans-Molenbeek, het Autonoom Gemeentebedrijf van koekelberg en de Politiezone Brussel-West 5340 - jaren 2013 tot 2015.",Zoek aanbestedingen collectieve inkoop elektriciteit lokale overheden 2013-2015,Task_1
69288,1,69288,EG.104156.23.09.11/LK?-?Bewakingsmonitoren-defibrillatoren tbv RAV Brabant MWN.,"Verwerving van Bewakingsmonitoren-defibrillatoren, in een nader te beschrijven uitvoering, incl. het verrichten van instructie, ondersteuning, scholing, callibratie en onderhoud.Raamovereenkomst met een onderneming.",Aanbesteding medische bewakingsapparatuur inclusief training en service,Task_2
52957,1,52957,Marktconsultatie — marktconsultatie bedrijfshulpverlening-middelen t.b.v. concerndienstverleners.,Bedrijfshulpverlening-middelen.,Welke aanbestedingen bevestigen de behoefte aan interne bedrijfsveiligheid middelen?,Task_3
60286,1,60286,Multifunctionals,"De aan te besteden opdracht wordt als volgt gedefinieerd:— het leveren, installeren, implementeren en onderhouden van apparatuur om afdrukken te realiseren,— het leveren van service en onderhoud op de multifunctionals,— het leveren van verbruiksartikelen zoals nietjes en inkt etc,— optioneel: het leveren van papier.","Aanbestedingen voor levering, service en onderhoud van printsystemen en benodigdheden.",Task_1
98667,1,98667,"Levering, installatie en onderhoud parkeerautomaten","Het onderwerp van de aanbesteding bestaat uit levering, installatie, hosting en onderhoud van Parkeerautomaten, het één en ander conform de separaat gepubliceerde bijlage 3 PvE Parkeerautomaten Oss v1.0.",Wat houdt een aanbesteding van parkeerautomaten in?,Task_2
55740,1,55740,AI 2017-0236 Verlichting Piet Heingarage,"Het betreft het vervangen van de verlichting in de Piet Heingarage. De insteek van de gemeente bij deze aanbesteding is om ""licht als dienst"" in te kopen.",Bevestigen aanbestedingen dat verlichting wordt ingekocht als een service?,Task_3
68475,1,68475,SB-00-11-001-R02:Reinigen en inspecteren riool in de gemeente Almere en Zeewolde.,Het reinigen en inspecteren van het riool in de gemeente Almere en zeewolde.,Aanbestedingen gezocht voor reiniging en inspectie van gemeentelijke riolering.,Task_1
63967,1,63967,Levering verkeersmiddelen,Levering verkeersmiddelen.,"Welke aanbestedingen omvatten de inkoop van transportmiddelen, met gedetailleerde uitleg?",Task_2
108732,1,108732,Stichting Attendiz - EA - Touchscreens,"De aan te besteden opdracht wordt als volgt gedefinieerd; leveren, monteren en configureren van Touchscreens, bevestigingsmiddelen en aanverwante accessoires,het onderhouden en servicen van Touchscreens,het verzorgen van producttraining(en) voor (bovenschools) ICT'ers, het demonteren en afvoeren van de huidige audiovisuele opstellingen","Aanbestedingen levering, onderhoud en training interactieve schermen",Task_3
20507,1,20507,Lasapparatuur MIG/MAG -TIG,Raamovereenkomst met één onderneming,Welke aanbestedingen zijn gericht op een contract met één leverancier?,Task_1
109358,1,109358,Europese openbare aanbesteding Huisstijldrukwerk en reprografische opdrachten,"De opdracht bestaat uit het verzorgen van huisstijldrukwerk en reprografische opdrachten. Hieronder wordt minimaal verstaan het:• Drukken / printen en leveren van o.a. briefpapier en enveloppen.• In opdracht printen, kopiëren en afwerken van reprografische opdrachten.• Bieden van digitale toegang om zowel huisstijldrukwerk te kunnen bestellen als reprografische opdrachtente verstrekken.• Afleveren van de bestellingen en opdrachten op de gewenste locatie.","Wat omvat een aanbesteding voor drukwerk, kopieerwerk en levering?",Task_2
14582,1,14582,"Raamovereenkomst voor het leveren van bolgewassen, kruid- en houtachtigen 2023-2026",Het lokaal bestuur Dendermonde koopt jaarlijks voor verschillende locaties plantmateriaal. Om de aankoop en levering efficiënter te laten verlopen wenst zij een raamovereenkomst af te sluiten voor de aankoop ervan. De raamovereenkomst is opgedeeld in 2 percelen:- Perceel 1: Vaste planten en bolgewassen- Perceel 2: Houtachtige gewassenDeze opdracht betreft een raamovereenkomst.De inschrijver deelt een kortingspercentage mee dat van toepassing is op de catalogusprijzen die hij hanteert.  Goedkeuring wordt per perceel verleend aan de hand van een vooropgestelde lijst met courante artikelen.  Op basis van deze artikellijst zullen de prijzen met elkaar vergeleken worden.Om te voorkomen dat de prijszetting wordt beïnvloed door specifieke artikelen in prijs te verlagen zullen wij de courante artikelen niet meedelen bij de opdracht.  De lijst is voorafgaand opgemaakt en goedgekeurd door het college van burgemeester en schepen...(zie opdrachtdocumenten),Aanbestedingen waar prijsvergelijking gebeurt zonder bekendmaking courante artikelen.,Task_3
20865,1,20865,143624 — 1653 — bestuur en organisatie — procesmanager treiteraanpak.,"Gemeente Amsterdam heeft regelmatig behoefte aan externe inhuur van diverse expertise en capaciteit. Gemeente Amsterdam nodigt geïnteresseerde ondernemers voor de vakgebieden uit om zich te registreren op het CTM platform en aan te melden voor het platform Externe inhuur. Ondernemers kunnen zich aanmelden voor 1 of meerdere vakgebieden binnen. Zodra gemeente Amsterdam behoefte heeft aan externe inhuur, wordt de offerteaanvraag in het platform Externe inhuur uitgezet. Ondernemers kunnen zich aanmelden voor de het platform Externe inhuur conform de minimaal gestelde eisen. Aan de toelating kan geen recht op opdrachten worden ontleend.Het platform Externe inhuur voor externe inhuur heeft betrekking op functies in de volgende vakgebieden (onder voorbehoud van ontwikkelingen/uitbreidingen): — Arbo – (Bouw) technisch — Communicatie — Facilitair — Financieel — Personeel en Organisatie — ICT — Inkoop — Interim management en Advies — Juridisch — Grondzaken en gebiedsontwikkeling — Sport.",Aanmelden voor opdrachten externe expertise in diverse vakgebieden bij overheden?,Task_1
110636,1,110636,DAS Opzichters,"Welkom op de DAS voor Opzichters voor Stichting Curio Onderwijsgroep West-Brabant. Via dit DAS worden op rechtmatige wijze opzichters (zie kruisjeslijst) ingekocht. Hiermee wordt beoogd een diversiteit aan aanbieders aan te spreken en de vraag en aanbod op zo'n goed mogelijke wijze bij elkaar te brengen.Dit DAS wordt gepubliceerd op grond van de aanbestedingswet 2012, en valt hiermee onder de Europese richtlijn 2014/24/EU.",Welke wetgeving is van toepassing op dynamisch aankoopsysteem toezichthouders?,Task_2
69688,1,69688,"Offerteaanvraag Multipurpose vaartuig, kenmerk 180 SW 10.",Doel van deze Europese aanbesteding is om één overeenkomst af te sluiten. Het gaat om het leveren van een multipurpose vaartuig welke kan worden ingezet als afvalinzamelvaartuig of als bevoorradingsvaartuig.,Wordt er een flexibel inzetbaar vaartuig voor afvalinzameling of bevoorrading gevraagd?,Task_3
72727,1,72727,"Provinciedomein Huizingen, Torleylaan 100 te 1654 Huizingen. Aanstellen van een ontwerper voor de restauratie van de rotstuin ""Bloemendal"".","Provinciedomein Huizingen, Torleylaan 100 te 1654 Huizingen.Aanstellen van een ontwerper voor de restauratie van de rotstuin ""Bloemendal"".",Aanbesteding voor ontwerper restauratie van een rotstuin,Task_1
29172,1,29172,Monitoring Bevolkingsonderzoeken naar Kanker (BVOK),"Het RIVM-CvB heeft op dit moment, in opdracht van het Ministerie van VWS, de landelijke regie op een achttal programma's, onder te verdelen in het Nationaal Programma Grieppreventie (NPG), het Nationaal Programma Pneumokokkenvaccinatie Volwassenen (NPPV), de pre- en neonatale screeningen en de bevolkingsonderzoeken naar kanker (BVOK). Als onderdeel van die regie is het RIVM-CvB verantwoordelijk voor monitoring en evaluatie van de BVO. In dat kader worden jaarlijks landelijke monitors opgesteld om de kwaliteit en bereikbaarheid van deze screening te bewaken, knelpunten (in de zorgketen) te signaleren, bij te kunnen sturen, maar ook om te verantwoorden naar de opdrachtgever VWS en de ketenpartners. Het doel is het afsluiten van een overeenkomst met één Opdrachtnemer voor de Monitoring van de BVOK. Het CvB wenst een Overeenkomst te sluiten voor een periode van 2 jaar, met 2 maal een optie tot verlenging van één (1) jaar.",Details over het bewaken van kwaliteit bij landelijke kankerscreening programma's.,Task_2
45250,1,45250,Financiering gebouwen 2012-2013.,Financiering gebouwen 2012-2013.,Financiering van vastgoedprojecten in de jaren 2012-2013.,Task_3
47987,1,47987,Autotransfusie apparatuur.,Levering van 8 apparaten voor autologe transfusie van patiëntenbloed inclusief disposables en instandhouding.,Welke aanbestedingen zijn er voor apparatuur voor bloedhergebruik inclusief service?,Task_1
65185,1,65185,Instelling van een dynamisch aankoopsysteem (DAS) voor inhuur extern personeel Stichting Verkeersonderneming,"De Verkeersonderneming is voornemens een Dynamisch Aankoopsysteem (DAS) in te stellen. Dit om deskundige medewerkers (bijvoorbeeld zelfstandige deskundigen (ZZP-ers) of medewerkers van een adviesbureau) te kunnen inhuren.De Verkeersonderneming is in 2008 opgericht om de bereikbaarheid van de regio Rotterdam te verbeteren. De huidige moederorganisaties van De Verkeersonderneming zijn de gemeente Rotterdam, het Havenbedrijf Rotterdam nv, de Metropoolregio Rotterdam Den Haag en ministerie van Infrastructuur en Waterstaat/Rijkswaterstaat. Sinds 2010 is De Verkeersonderneming een stichting.De Verkeersonderneming is actief op het terrein van het verbeteren van de bereikbaarheid en mobiliteit en het verbeteren van de doorstroming in de regio Rotterdam. De Verkeersonderneming werkt in opdracht van haar moederorganisaties en andere aanbestedende diensten in de zuidelijke Randstad.-",Hoe werkt een dynamisch aankoopsysteem voor flexibele inhuur?,Task_2
67047,1,67047,Inburgeringstrajecten 2011-2012 perceel 5.,Inburgeringstrajecten perceel 5.,Worden inburgeringstrajecten in verschillende fasen aanbesteed?,Task_3
112746,1,112746,Raamovereenkomst voor het ombouwen van conventionele verlichting naar LED voor verschillende sportvelden,"De inhoudelijke scope voor 2021 betreft: het ombouwen van conventionele veldverlichting voor LED verlichting en bijbehorende elektrotechnische werkzaamheden en het leveren van bijbehorend materiaal. Voor 2021 staan er een aantal projecten op het programma voor het vervangen van veldverlichting, zie bijlage 8 het inventarisatierapport voor de volledige uitwerking. Het oplevertermijn voor de projecten in 2021 is gesteld op uiterlijk 1.9.2021.De scope voor de komende jaren: de opvolgende jaren zijn nog niet geheel bekend en afhankelijk van goedkeuring van de gemeente, maar is wel onderdeel van de scope:— elk jaar staan er enkele sportvelden op het programma,— het instandhouden van de kwaliteit van de door partij vervangen verlichtingsobjecten van de gemeente door het uitvoeren van het daartoe vereiste onderhoud gedurende tien jaar na oplevering.",Aanbestedingen voor LED sportveldverlichting vervanging en langdurig onderhoud.,Task_1
105481,1,105481,Europese aanbesteding voor de vervanging van kunstgras sportvelden,De aanbestedende dienst wil op rechtmatige wijze partijen voor het vervangen van kunstgras sportvelden contracteren. Het doel is om per perceel (zie paragraaf 1.3.3.2) één (1) raamovereenkomst met één (1) dienstverlener te sluiten.Beide raamovereenkomsten hebben een initiële looptijd van twee (2) jaar. Na het verstrijken van deze periode heeft de aanbestedende dienst de mogelijkheid de raamovereenkomst nog twee (2) maal tegen dezelfde voorwaarden te verlengen voor een periode van telkens één (1) jaar. De verwachte startdatum van de raamovereenkomsten is 1.6.2019.De aanbestedende dienst hecht in deze aanbesteding veel waarde aan duurzaamheid en de principes van de circulaire economie. De aanbestedende dienst daagt de gegadigden uit om hierover mee te denken.De aanbestedende dienst organiseert op 8 januari een marktinformatiebijeenkomst over deze aanbesteding. In de selectieleidraad kunt u meer informatie vinden hierover.,Wat zijn de voorwaarden voor duurzame vervanging kunstgras sportvelden?,Task_2
105151,1,105151,1-366-17 De beste begeleider en bemiddelaar van WW-kandidaten,"De begeleiding, bemiddeling en monitoring van WW-kandidaten, met een afstand, grote afstand en zeer grote afstand tot de arbeidsmarkt, die ten laste van de gemeente Rotterdam nog minstens 1 jaar een WW- of nawettelijke uitkering ontvangen.",Ondersteunen lokale overheden langdurig werklozen met een grote afstand tot de arbeidsmarkt?,Task_3
21513,1,21513,"Levering elektriciteit 2018-2019 voor de gemeenten Capelle aan den IJssel, Krimpen aan den IJssel en Sportief Capelle.","De opdracht bestaat uit het leveren van elektriciteit aan de Gemeente Capelle aan den IJssel, de gemeente Krimpen aan den IJssel en Sportief Capelle. Onderstaand treft u een indicatie aan van het volume per organisatie:Organisatie — Volume in kWh/jaar — Aantal aansluitingen:Gemeente Capelle aan den IJssel — 6 750 000 — 196;Gemeente Krimpen aan den IJssel — 2 425 000 — 199;Sportief Capelle — 475 000 — 21;Totaal — 9 650 000 — 356.",Wie kan grote hoeveelheden elektriciteit leveren aan publieke organisaties?,Task_1
122515,1,122515,Aanbesteding uitzend en payrolldienstverlening voor 7 VO scholen,"De meervoudig onderhandse aanbesteding (2B procedure met achteraf publicatie van gunning) inzake uitzendkrachten en payrolldienstverlening voor de volgende VO-scholen, nader te noemen opdrachtgevers:",Informatie over aanbestedingen voor uitzendkrachten en payroll diensten voortgezet onderwijs,Task_2
81824,1,81824,Speel- en sportvoorzieningen 2024-2027,"De huidige raamovereenkomst speelplekken 2019-2023 liep af op 25 juli 2023 en wordt daarom opnieuw aanbesteed. In de gemeente Hoorn zijn ongeveer 350 speelplekken. De opdracht is verdeeld in drie percelen. Uitgangspunt is dat de komende contractperiode ieder jaar ongeveer dertig (30) speelplekken, of delen van speelplekken, vernieuwd/gerenoveerd worden binnen perceel 1 en/of 3. En het uitgangspunt voor perceel 2 is dat er per jaar vier (4) traditionele speelplekken worden omgevormd tot natuurlijke speelplekken. 
Het aantal speelplekken kan wijzigen (zowel naar boven als beneden) naar aanleiding van bijvoorbeeld gebiedsontwikkeling of het opheffen van speelplekken.

Het doel van de aanbestedingsprocedure is om;
• met drie (3) Inschrijvers een raamovereenkomst te sluiten voor perceel 1;
• met twee (2) Inschrijvers een raamovereenkomst te sluiten voor perceel 2;
• met één (1) Inschrijver een raamovereenkomst te sluiten voor perceel 3. Zie inschrijfleidraad per perceel.",Hoeveel speelplekken worden jaarlijks gerenoveerd in perceel 1?,Task_3
3099,1,3099,Meerj.n Raamovk.s Groenwerken Staatsbosbeheer Limburg 2024 e.v.,"Staatsbosbeheer heeft ontvangen enkele opdrachten van de Provincie Limburg om zich in te spannen voor de uitvoering van onder andere maatregelen in het kader van de Programmatische Aanpak Stikstof (aflopend), Natuurherstel t.g.v. de overmaat aan stikstofdepositie en de grootschalige aanleg van nieuw bos. Hiervoor worden in de provincie raamovereenkomsten aangegaan met voor iedere raamovereenkomst maximaal 12 aannemers. Op basis van die raamovereenkomsten worden jaarlijks een aantal nadere opdrachten verstrekt. Zie voor opzet en procedures het Aanbestedingsdocument en de Bijlagen. Zie Aanbestedingsdocument.","Zoek aanbestedingen voor natuurherstel, stikstofmaatregelen en grootschalige bosaanleg.",Task_1
9236,1,9236,"Project 994 Bouwkundige werken voor de Pacu afdeling, holding en steriele opslag VUmc te Amsterdam.","Op de 6e verdieping van de AVB-IC toren van het VU Medisch Centrum te Amsterdam wordt een nieuwe PACU/high Care (Post Anesthesia Care Unit), holding en steriele opslag gerealiseerd.Voor dit project wordt door middel van een aanbesteding een bouwkundige aannemer geselecteerd om deel te nemen in een bouwteam. In dit bouwteam wordt het ontwerp verder uitgewerkt en geoptimaliseerd tot een bestek, de planning definitief gemaakt en de prijsvorming voor het werk afgerond.De percelen werktuigbouwkundige installaties en elektrotechnische installaties, zijn in een eerdere fase aanbesteed en maken geen deel uit van onderhavige aanbesteding.De gunning zal plaatsvinden op basis van de economisch meest voordelige inschrijving (EMVI).",Toelichting aanbesteding bouwkundige aannemer bouwteam ziekenhuis zorgunit realisatie,Task_2
76062,1,76062,Leerlingenvervoer Perceel 3,"Met deze aanbesteding beoogt de gemeente één raamovereenkomsten aan te gaan met één dienstverlener voor het vervoer van ca. 22 leerlingen uit de gemeente Peel en Maas op ca. 200 dagen per jaar naar en van hun school of stageplaats voor zover zij daartoe op grond van de Verordening Leerlingenvervoer Peel en Maas en het bepaalde ter zake in de Wet op het Primair Onderwijs, de Wet op de Expertisecentra en de Wet op het Voortgezet Onderwijs recht op hebben..De opdracht betreft ‘Perceel 3 – Overige’. Dit perceel omvat het leerlingenvervoer van ca. 22 leerlingen naar scholen (en stageplaatsen) die niet gelegen zijn in de gemeente Venlo e.o. (perceel 1) noch in de gemeente Peel en Maas en Midden-Limburg (perceel 2).",Aanbestedingen leerlingenvervoer voor bestemmingen buiten de eigen gemeentegrenzen?,Task_3
90083,1,90083,Bouwen van een nieuw woonzorgcentrum na wegbreken van bestaande gebouwen – LOT SIGNALISATIE fase 1.,Lot signalisatie fase 1 – Bouwen van een nieuw woonzorgcentrum na wegbreken van bestaande gebouwen.,Aanbesteding bouw nieuw woonzorgcentrum na sloop bestaande gebouwen,Task_1
105247,1,105247,"Onderhoud pompen, gemalen en randvoorzieningen gemeenten Helmond, Laarbeek en Someren","De Overeenkomst bestaat uit het preventief en correctief onderhouden van pompen, gemalen en randvoorzieningen binnen de grenzen van de gemeenten Helmond, Laarbeek en Someren.Voor de gemeenten Laarbeek en Someren wordt het onderhoudswerk samengevoegd met de reinigingswerkzaamheden. Dit gezien de organisatorische samenhang tussen beide werkzaamheden. Het onderhoud kan namelijk enkel aan schone installaties plaatsvinden. Door het samenvoegen van beide werkzaamheden hebben zowel de opdrachtnemer als de opdrachtgever hier het organisatorisch voordeel dat de planning in één hand ligt.De gemeente Helmond heeft ervoor gekozen om de reinigingswerkzaamheden in een andere overeenkomst onder te brengen.De opdracht is onderverdeeld in de volgende percelen:Perceel 1: gemeente HelmondPerceel 2: gemeente LaarbeekPerceel 3: gemeente Someren",Waarom worden onderhoud en reiniging van pompsystemen soms gecombineerd?,Task_2
23703,1,23703,Europese openbare aanbesteding Multifunctionals.,"Europese openbare aanbesteding multifunctionals De opdracht betreft het volgende: 1. Het leveren van nieuwe multifunctionals (niet gerefurbished), op diverse locaties van gemeente Zaanstad. 2. Het implementeren van de multifunctionals in het netwerk van gemeente Zaanstad. 3. Het implementeren van de extra functionaliteiten zoals opgegeven in programma van eisen, waaronder scan- en fax omgeving. 4. Het leveren van supplies zoals toner, verbruiksmateriaal, fusers, ten behoeve van de multifunctionals gedurende de duur van de overeenkomst. 5. Het onderhouden van de multifunctionals gedurende de overeenkomst. 6. Het terugnemen van multifunctionals na afloop van overeenkomst.",Zoek aanbestedingen voor multifunctionals die de gehele levenscyclus dekken.,Task_3
57883,1,57883,AD-ALL-15-10-91 raamovereenkomst voor de levering en het periodiek onderhoud van interventiemiddelen voor brandbestrijding.,Raamovereenkomst voor de levering en het periodiek onderhoud van interventiemiddelen voor brandbestrijding.,Zoek aanbestedingen voor levering en onderhoud van brandbestrijdingsmiddelen.,Task_1
58526,1,58526,Verwerken van sloophout.,Verwerken van sloophout.,Informatie over de verwerking van sloophout voor duurzaam hergebruik,Task_2
127977,1,127977,Beeldbestek Westwijk-Bovenkerk-Legmeer-Nes 2015-2017.,"Het onderhoud van de groenvoorzieningen en de straatreiniging in de wijken Westwijk, Bovenkerk, Legmeer en Nes aan de Amstel in de gemeente Amstelveen in de jaren 2015, 2016 en 2017.",Bevestigen aanbestedingen meerjarig gecombineerd beheer openbare ruimte in stadsdelen?,Task_3
122968,1,122968,Besloten busvervoer revalidanten,Het doel van deze aanbesteding is te komen tot een Overeenkomst tussen de Opdrachtgever en één Opdrachtnemer voor de volledige invulling van de behoefte aan Besloten busvervoer revalidanten van het Marine Etablissement Amsterdam (MEA) naar het zwembad Sportfondsenbad Oost en ATOS Amsterdam (Atletiek vereniging ATOS) en vice versa.,Besloten busvervoer voor revalidanten van militaire instelling naar sportfaciliteiten,Task_1
106199,1,106199,Eigendommenverzekering Gemeente Tytsjerksteradiel,Eigendommen gemeente Tytsjerksteradiel.,Uitleg over de eigendommen van diverse gemeenten,Task_2
43873,1,43873,"Raamovereenkomst voor de aankoop, plaatsing en herstelling van oplaadinfrastructuur voor elektrische voertuigen","Raamovereenkomst voor de aankoop, plaatsing en herstelling van oplaadinfrastructuur voor elektrische voertuigen",Bevestigen aanbestedingen de behoefte aan totaaloplossingen voor EV laadpunten?,Task_3
67563,1,67563,Amsterdam - IB diensten Amsterdam CS ORS 493504.,"Werkzaamheden:300 000 reizigers, 10 000 fietsen, 1 250 bussen, 1 200 trams, 1 000 treinen, 550 metro's, 360 veerponten en 140 nachtbussen komen iedere dag samen in één gebouw, op één eiland tussen de historische stad en het IJ.Het stationseiland Amsterdam Centraal is de toegangspoort tot de Amsterdamse binnenstad, Nederland en Europa.Om ook in de toekomst de rol als toegangspoort te kunnen blijven vervullen moet Amsterdam Centraal weer een aantrekkelijk gebied en optimaal vervoersknooppunt worden.Uitnodigend, aantrekkelijk, helder van structuur, overzichtelijk, veilig en voorzien van alle comfort zijn daarbij de sleutelwoorden.Om dit te bewerkstelligen worden er op dit moment in en om het station een groot aantal projecten uitgevoerd.Deze projecten hebben ieder hun eigen dynamiek, status waarin het verkeert, opdrachtgevers en (deel)financiers.ProRail pakt deze projecten, deels samen met NS en de gemeente, integraal aan.De projecten resulteren in een aanpassingen van het station aan de eisen en wensen van deze tijd en de toekomstige reizigersgroei.Tevens draagt het project zorg voor het in oude luister herstellen van het stationsgebouw.Vanuit de dynamiek van het project is er behoefte om op eenvoudige wijze aanvullende engineeringwerkzaamheden uit te kunnen laten voeren.Hiertoe wenst ProRail een (1) raamovereenkomst te sluiten met een ingenieursbureau.Deelprojecten waarvoor in meer of mindere mate engineeringswerkzaamheden verricht dienen te worden zijn:— Oosttunnel,— Perronoverkappingen,— IJ gebouw,— Perronaanpassingen (P76),— Fietsenstalling postzakkengebouw,— Fietsenstalling Zuid West / Haven Front.Ook het houden van toezicht op reeds in uitvoering zijnde werkzaamheden kan onderdeel uitmaken van de scope van de raamovereenkomst.Geselecteerde gegadigden zullen uitgenodigd worden om dinsdag 20 september om 9:30 uur de startbijeenkomst bij te wonen. In deze startbijeenkomst zal het projectteam een toelichting geven op het project en de te volgen aanbestedingsprocedure en wordt het aanbestedingsdossier uitgereikt.",Zoek raamovereenkomst ingenieursbureau voor aanpassingen groot vervoersknooppunt.,Task_1
123963,1,123963,"Gunningen Inhuurdesk Politie, juli 2014",Gunningen Inhuurdesk Politie juli 2014. Zie http://www.inhuurdeskpolitie.nl/publicatie-gunningen/.,Overzicht van gunningen externe inhuur overheid juli 2014,Task_2
70378,1,70378,Leveren van azobé hout op maat voor het vervaardigen van stuwschuiven en brugvloer,Het voorwerp van de opdracht is het leveren van azobé hout op maat voor het vervaardigen van stuwschuiven en brugvloer.,Zoek opdrachten voor levering tropisch hardhout voor sluizen en bruggen.,Task_3
51251,1,51251,Gemeente Vijfheerenlanden i.o. gemeente Leerdam — applicatie sociaal domein.,"De opdrachtgever, Vijfheerenlanden i.o. — gemeente Leerdam, wenst een overeenkomst af te sluiten met een (1) professionele en betrouwbare ondernemer ten behoeve van de uitvoering van de opdracht. Nadere specificatie omtrent deze applicatie, zijn te vinden in het aanbestedingsdocument.",Aanbestedingen voor uitvoering applicatie opdracht door professionele ondernemer,Task_1
32148,1,32148,Huishoudelijke Ondersteuning +/- 10 Twentse gemeenten,"Het doel van deze (nog te publiceren) dialooggerichte aanbesteding is het afsluiten van een overeenkomst met meerdere opdrachtnemers per perceel/gemeente voor de uitvoering van Huishoudelijke Ondersteuning in de Twentse gemeenten. De Huishoudelijke Ondersteuning is een uitdagende opdracht waarbij we samen met aanbieders gedurende de aanbesteding op zoek willen gaan naar oplossingen voor de ambities/uitdagingen. Het is daarom onze ambitie om samen, met een selectie van aanbieders, de uitvoeringsvoorwaarden van de opdracht (definitief) vorm te geven. Om deze samenwerking in een aanbesteding vorm te geven volgen we een dialooggerichte aanbestedingsprocedure.De opdracht wordt aanbesteed op basis van de 'Sociale en andere specifieke diensten' zoals deze is beschreven in de artikelen 2.6a, 2.38 en 2.39 van de Aanbestedingswet 2012.De ingangsdatum van de uiteindelijke raamovereenkomst(en) zijn voorzien op 1 januari 2024. De verwachte looptijd bedraagt maximaal 8 jaar.",Wat houdt een dialooggerichte aanbesteding voor huishoudelijke ondersteuning in?,Task_2
83302,1,83302,Ongekend Talent,Met deze aanbesteding wenst het Regionaal Werkcentrum Groot-Amsterdam maatschappelijke organisaties te contracteren die die hun bezoekers kunnen en willen begeleiden naar werk.,Contracteren werkcentra maatschappelijke organisaties voor het begeleiden naar werk?,Task_3
23118,1,23118,Automatische externe defibrillatoren ten behoeve van bedrijfswagens.,"Enexis wenst met 1 partij een raamovereenkomst te sluiten voor de levering van automatische externe defibrillatoren (AED's), met bijbehorende accessoires ten behoeve van bedrijfswagens van Enexis. In eerste instantie betreft dit een initiële levering van 750 stuks. Zie voor een uitgebreide beschrijving van de scope de selectieleidraad op Commerce-Hub.",Zoek aanbestedingen voor AED's inclusief accessoires voor bedrijfsvoertuigen,Task_1
31473,1,31473,Microsoft licenties gemeente Nunspeet,"Deze aanbesteding betreft een openbare procedure voor de levering van Microsoft licenties ten behoeve van de gemeente Nunspeet. De aanbestedende dienst wenst een overeenkomst af te sluiten met één opdrachtnemer, zoals nader omschreven onder vragenlijst 1.1 van deze tender. De overeenkomst heeft een initiële duur van drie jaar, met een optie tot eenzijdige verlenging door de aanbestedende dienst van drie maal één jaar.Aanbestedende dienst verwacht de nieuwe overeenkomst in te laten gaan op 1 januari 2023. Aanbestedende dienst wenst hierbij aan te sluiten bij het framework van de VNG wat zal gelden vanaf 1 december 2022.","Aanbesteding softwarelicenties overheid: duur, verlengingsopties en startdatum overeenkomst",Task_2
128591,1,128591,Aanbesteding Kantoormeubilair.,"Het leveren van plaatmeubilair, bureaustoelen en specifiek meubilair t.b.v. circa 370 primaire- en 60 secundaire flexplekken. Een en ander in verband met de herinrichting en deels nieuwbouw van het PWN hoofdkantoor te Velserbroek.",Zijn er aanbestedingen voor meubilair flexplekken bij kantoorherinrichting?,Task_3
7355,1,7355,"Europese Openbare Aanbesteding “Schoonmaakonderhoud""",De doelstelling van deze aanbesteding is het verkrijgen van één overeenkomst per 1 november 2023 ten behoeve van het schoonmaakonderhoud en glasbewassing van de Provincie Fryslân.,Welke aanbestedingen zijn er voor schoonmaakonderhoud en glasbewassing overheidsgebouwen?,Task_1
23292,1,23292,Gezondheidsmonitor 2016 GGD Rotterdam Rijnmond.,"Het faciliteren van dataverzameling voor de gezondheidsmonitor 2016 voor volwassenen en ouderen. Het uitvoeren van schriftelijke en online enquête, aangevuld met interview voor het totale werkgebied van de GGD Rotterdam Rijnmond.",Methoden voor dataverzameling van gezondheidsgegevens volwassenen en ouderen middels enquêtes en interviews.,Task_2
17918,1,17918,"143915 - 1666 Onderzoek, Informatie & Statistiek - Backend developer OIS datapunt (1)","Gemeente Amsterdam heeft regelmatig behoefte aan externe inhuur van diverse expertise en capaciteit. Gemeente Amsterdam nodigt geïnteresseerde Ondernemers voor de vakgebieden uit om zich te registreren op het CTM platform en aan te melden voor het platform Externe inhuur. Ondernemers kunnen zich aanmelden voor één of meerdere vakgebieden binnen. Zodra gemeente Amsterdam behoefte heeft aan externe inhuur, wordt de offerteaanvraag in het platform Externe inhuur uitgezet. Ondernemers kunnen zich aanmelden voor de het platform Externe inhuur conform de minimaal gestelde eisen. Aan de toelating kan geen recht op opdrachten worden ontleend.Het platform Externe inhuur voor externe inhuur heeft betrekking op functies in de volgende vakgebieden (onder voorbehoud van ontwikkelingen/uitbreidingen): - Arbo –(Bouw) technisch – Communicatie – Facilitair – Financieel – Personeel & Organisatie - ICT – Inkoop – Interim management en Advies – Juridisch – Grondzaken en gebiedsontwikkeling - Sport.",Bevestigen aanbestedingen dat inschrijving geen garantie op opdrachten biedt?,Task_3
64987,1,64987,EHRM en salarisverwerking,"Veiligheidsregio Rotterdam RijnmondDe aanbestedende dienst is de Veiligheidsregio Rotterdam Rijnmond (VRR) zetelend te Rotterdam, vertegenwoordigd door Directie Middelen, Afdeling Inkoop. De VRR staat voor ""samen sterk"" in risicobeheersing, incidentbestrijding en crisisbeheersing door een gezamenlijke inzet van diensten, organisaties, burgers en bedrijfsleven, waardoor schade en leed bij incidenten wordt voorkomen of beperkt.Omschrijving opdrachtHet inhuren van een diensten tbv het E-HRM en de bijhorende salarisdienstverlening (middels SaaS).De aanbesteding zal geheel digitaal plaats vinden op Negometrix. Voor de werking van het platform kunt u de instructie ""digitaal aanbieden"" raadplegen.",Zoek aanbestedingen voor E-HRM en salarisdiensten via SaaS.,Task_1
77334,1,77334,Aanbesteding Vertaaldiensten VWS,Het leveren van vertaaldiensten en aanvullende diensten die worden uitgevoerd conform de bepalingen daarover in de NEN-EN 15038:2006 NL en de aanvullende eisen uit het Programma van Eisen.,Welke kwaliteitsnormen gelden voor het leveren van vertaaldiensten en aanvullende diensten?,Task_2
36375,1,36375,Zaaknr 31027355 betreffende het verlengen van het contract voor het beschikbaar stellen en direct inzetbaar houden van een bergingsvaartuig,Verlenging van het contract voor het beschikbaar stellen en driect inzetbaar houden van een bergingsvaartuig voor de periode ingaande 16 januari 2014 tot en met 15 januari 2016.,Aanbestedingen die verlenging contracten maritieme vaartuigen bevestigen?,Task_3
109555,1,109555,ICT beheer,De opdracht bestaat uit twee delen. Het gaat om het beheer van Connectiviteit en het beheer van Services. Beide delen worden in één aanbesteding aanbesteed.Algemeen• De levering en werkzaamheden zullen plaatsvinden op één locatie met twee gebouwen in Amsterdam.• De in dit document genoemde aantallen zijn indicatief en kunnen door Het Amsterdams Lyceum op elk moment worden herzien.,Aanbesteding gezocht voor beheer connectiviteit en services op één locatie,Task_1
34695,1,34695,EA Tolkdienstverlening t.b.v. Dienst Justitiële Inrichtingen en Reclassering Nederland (2 percelen),De aanbesteding wordt uitgevoerd voor de Dienst Justitiële Inrichtingen (DJI) en Reclassering Nederland (RN). Doel is te komen tot één overeenkomst per perceel met één opdrachtnemer. Met het afsluiten van de overeenkomsten moet een optimale flexibiliteit en de continuïteit van de levering van kwalitatief hoogwaardige dienstverlening worden geborgd. Waarbij invulling wordt gegeven aan de doelstellingen van de categorie Tolk- en Vertaaldiensten en de deelnemerspecifieke doelstellingen.,Hoe borgen aanbesteding tolk- en vertaaldiensten continuïteit en flexibiliteit?,Task_2
22518,1,22518,Openbare Europese aanbesteding: WMO-hulpmiddelen.,"Het doel van deze aanbesteding is het afsluiten van een raamovereenkomst met een (1) partij voor het leveren van WMO-hulpmiddelen voor mensen met een beperking in de gemeenten Dronten, Noordoostpolder, Steenwijkerland en Urk.",WMO-hulpmiddelen worden door gemeenten via één partij geleverd.,Task_3
136074,1,136074,Raamovereenkomst voor het leveren van voeding,"Het voorwerp van de opdracht betreft een raamovereenkomst voor de levering van voeding aan UZ Leuven en de aangesloten ziekenhuizen binnen de aankoopcentrale (Plexus-netwerk). De inschrijvers die tot de raamovereenkomst worden toegelaten, zullen tijdens de looptijd van de opdracht opnieuw in mededinging worden gesteld via een minicompetitie.","Aanbesteding voeding voor ziekenhuizen, raamovereenkomst met latere mededinging.",Task_1
60322,1,60322,Marktconsultatie - AT-2020-11: Wilhelminakanaal Sluis II (verwachte einddatum: 16.12.2020),Deze marktconsultatie gaat over het project Wilhelminakanaal herbouw Sluis II.Gedurende de planvormingsfase is gebleken dat er behoefte is aan een marktconsultatie voor een aantal specifieke thema’s. Het projectteam is ver gevorderd in de planuitwerkingsfase. Dit biedt het projectteam de gelegenheid de markt te informeren over het project en welke concrete stappen er gemaakt zijn.Het doel van deze marktconsultatie is daarom tweeledig. Enerzijds is het doel om de marktpartijen te informeren over het project en de aanbesteding. Anderzijds is er behoefte vanuit het projectteam om marktpartijen te vragen naar hun kritische blik op een aantal thema’s die in het bijgevoegde Marktconsultatiedocument zijn toegelicht.,Informatie over doelstellingen marktconsultatie bij projecten in planfase,Task_2
26075,1,26075,VZW Provincialaat der Broeders van Liefde OC Sint-Idesbald Roeselare. Nieuwbouw internaat 60 bedden.,"VZW Provincialaat der Broeders van Liefde.
               OC Sint-Idesbald Roeselare.
               Nieuwbouw internaat 60 bedden.
               Perceel 1 — algemene aanneming.",Aanbestedingen bevestigen nieuwbouw van internaten met zestig bedden?,Task_3
111773,1,111773,"Europese Aanbesteding Strategisch bureau voor grafisch ontwerp, vormgeving en dtp ten behoeve van Stichting Saxion","Het resultaat van deze Aanbesteding is het komen tot een Raamovereenkomst met één dienstverlener  voor het leveren van grafisch ontwerp, vormgeving en DTP werkzaamheden inclusief aanpalende dienstverlening.","Aanbestedingen gezocht voor grafische vormgeving, DTP en gerelateerde diensten.",Task_1
12949,1,12949,Ontwikkeling individuele ondersteuning en exploitatie basisexamen inburgering in het Buitenland,"Het doel is examenkandidaten, en anderen die zich op vrijwillige basis willen voorbereiden op hun komst naar Nederland, op individuele basis via afstandsonderwijs te begeleiden bij het leren van de Nederlandse taal en om hen inhoudelijk voor te bereiden op het basisexamen inburgering in het buitenland. Mensen die zich op vrijwillige basis willen voorbereiden, zijn uiteraard niet verplicht dit examen af te leggen. Deze individuele ondersteuning is wereldwijd beschikbaar en wordt door examenkandidaten die zich voorbereiden op het basisexamen inburgering of mensen die zich op vrijwillige basis voorbereiden op hun komst naar Nederland, ingekocht. Deze individuele ondersteuning is nadrukkelijk aanvullend op het zelfstudiepakket ‘Naar Nederland’ en ondersteunt examenkandidaten bij de voorbereiding op het basisexamen inburgering.",Hoe werkt individuele taalbegeleiding voor inburgeringsexamen in het buitenland?,Task_2
76217,1,76217,Inhuur van derden ten behoeve van certificeringswerkzaamheden en procesondersteuning,De behoefte bestaat uit certificeringswerkzaamheden en procesondersteuning ten behoeve van de Militaire Luchtvaart Autoriteit,Bevestigen aanbestedingen de behoefte aan certificering en procesondersteuning luchtvaart?,Task_3
99836,1,99836,Interieurbeplanting,Het doel van deze aanbesteding is het selecteren en contracteren van 1 Opdrachtnemer ten behoeve van de levering en onderhoud van interieurbeplanting voor Hogeschool UtrechtDe opdracht is gegund aan de Inschrijver die de Inschrijving heeft uitgebracht met de Beste Prijs-Kwaliteitverhouding.,Aanbestedingen gezocht voor interieurbeplanting met beste prijs-kwaliteitverhouding.,Task_1
122113,1,122113,A3.188 Sportvoorziening Houtkwartier- Driestar,De ouderdom en kwaliteit van de gymnastieklokalen in het Houtkwartier zijn redenen om te komen tot vervanging van gymnastiekcapaciteit voor de scholen in het Houtkwartier. Tevens is uitbreiding van de gymnastiekcapaciteit voor scholen noodzakelijk. Daarom heeft de gemeente Leiden besloten om in het Houtkwartier vier gymzalen te bouwen. Daarnaast heeft het Driestarcollege bij de gemeente een aanvraag ingediend voor een nieuw vervangend schoolgebouw voor 450 leerlingen met een totale omvang van 4300 m2 BVO.,Informatie over vervanging en uitbreiding schoolgebouwen en sportfaciliteiten,Task_2
128562,1,128562,"Vaste en mobiele telefonie, telefonieplatform, callcenter, unified communications en systemintegrator.","Europese aanbesteding vaste en mobiele telefonie, telefonieplatform, callcenter, unified communications en systemintegrator.",Welke aanbestedingen tonen geïntegreerde communicatie en telefonieoplossingen?,Task_3
117497,1,117497,"Verzekeringen ""Gemeentebestuur, Openbaar Centrum voor Maatschappelijk Welzijn, Autonoom Gemeentebedrijf, Politiezone Aalter en kerkfabrieken""","Betrokken bij deze gezamenlijke opdracht (de verzekeringsnemers) zijn:— Gemeentebestuur Aalter, Europalaan 22 te 9880 AalterKBO-nummer: 0697 608 063,— OCMW Aalter, Boomgaard 1 te 9880 AalterKBO-nummer: 0697 663 491,— AGB Aalter, Lindestraat 17 te 9880 AalterKBO-nummer: 0891 176 315,— Politiezone Aalter-Knesselare, Stationsstraat 164 te 9880 AalterKBO-nummer: [...]— de acht kerkfabrieken op het grondgebied Aalter:—— Sint-Cornelius (Aalter-Centrum),—— Sint-Willibrordus (Knesselare),—— Sint-Medardus (Ursel),—— Sint-Godelieve (Aalter-Brug),—— Onze-Lieve-Vrouwe (Bellem),—— Onze-Lieve-Vrouw Hulp der Christenen (Sint-Maria-Aalter),—— Sint-Lambertus (Poeke),—— Heilige Kruisverheffing (Lotenhulle).",Welke partijen doen mee aan een collectieve aanbesteding?,Task_1
19288,1,19288,Huisadvocaat / advocatenkantoor Gemeente Buren,Het doel van de aanbesteding is het sluiten van een overeenkomst met een opdrachtnemer voor juridisch advies en juridische dienstverlening.,Wat is het doel van aanbestedingen voor juridisch advies en dienstverlening?,Task_2
118505,1,118505,"Uitbouwen, optimaliseren en onderhouden van het platform voor alternatieve methoden voor dierproeven (Re-Place)","De opdracht bestaat erin om de bestaande expertise inzake alternatieve methoden binnen de Vlaamse onderzoeksinstellingen in kaart te brengen en te bundelenin een (reeds bestaande) databank. De bestaande expertise dient gepubliceerd te worden op een (reeds bestaande) website waar onderzoekers de reeds ontwikkelde alternatieve methoden kunnen raadplegen en waar ze zelf nieuwe alternatieve methoden kunnen delen. Verder dient de gebruiksvriendelijkheid van de databank geoptimaliseerd te worden en dient bekeken te worden welke nieuwe functionaliteiten toegevoegd kunnen worden. Daarnaast moeten mogelijke toepassingen van deze databank (bv. gebruik bij indienen van projectvoorstellen, identificeren van gaps, organiseren van studiedagen rond bepaalde thema’s, [...]) bestudeerd en uitgevoerd worden. Dit moet leiden naar een belangrijke meerwaarde van de databank en zal bovendien verder kunnen bijdragen aan het succes ervan.",Is het bundelen van expertise in een databank nuttig voor onderzoek?,Task_3
26305,1,26305,PG1111-00257N — integratie busstation met CAD/AVL systeem.,Het doel van deze opdracht is om de bestaande informatieborden en de bestaande infrastructuur voor auditieve halteaankondigingen op de busstations te integreren met het nieuwe ReTiBo systeem van De Lijn. Een deel van dit ReTiBo systeem bevat een nieuw CAD (Computer Aided Dispatching) en AVL (Automated Vehicle Location) systeem dat de nieuwe bron zal worden voor de informatieborden en auditieve halteaankondigingen. Dit CAD/AVL systeem registreert in „real time” de locatie van alle voertuigen en vertaalt dit in verwachte vertrektijden op de haltes en busstations rekening houdend met de eventuele opgelopen vertragingen.,Oplossingen voor dynamische reizigersinformatie bij bushaltes met voertuigvolgsystemen?,Task_1
97342,1,97342,Openbare Europese aanbesteding ICT diensten,"Met deze openbare aanbesteding beoogt de aanbestedende dienst te komen tot een overeenkomst met 1 opdrachtnemer voor de servicedesk, werkplek-, datacenter- en netwerkdiensten voor de Aloysius Stichting. Met deze aanbesteding nodigt Aloysius u uit tot het doen van een Inschrijving.",Wat houdt een openbare aanbesteding voor IT-diensten in?,Task_2
86231,1,86231,Voertuigen BORG,"Voor de uitvoering van haar werkzaamheden in de openbare ruimte wil Opdrachtgever een aantal voertuigen aanschaffen. De huidige voertuigen zijn toe aan vervanging vanwege einde technische levensduur. Perceel 1: 3 bestelwagens met kipper laadbak en 1 bestelwagen met vaste laadbak met kraan
Perceel 2: 2 bestelwagens met dubbele cabine en vaste laadbak, diesel
Perceel 3: 2 bestelwagens met dubbele cabine en vaste laadbak, elektrisch aangedreven
Perceel 4: 1 kleine gesloten bestelwagen met enkele cabine (elektrisch)
Perceel 5: 1 kleine gesloten bestelwagen met dubbele cabine (elektrisch)
Perceel 6: 2 terreinwagens met open laadbak (diesel)",Deze aanbesteding koopt enkel elektrische voertuigen voor openbare ruimte.,Task_3
41349,1,41349,2012-01-01894 - Aanbesteding Drukwerk,Anbesteding drukwerk ten behoeve van de gemeente Arnhem,Ik zoek aanbestedingen voor printopdrachten van publieke instanties.,Task_1
49323,1,49323,Klantmanager WMO,"een leefbare lokale samenleving opbouw, bescherming en onderhoud van bebouwing goede harmonie en veiligheid voor organisatie en samenleving Dat is wat de gemeente Boxmeer voor haar bijna 30.000 inwoners wil realiseren. Boxmeer zoekt kandidaten met een stevige dosis initiatief en ondernemingsgeest. Professionals die in nauw contact met klanten oplossingen bedenken en resultaten boeken en zo helpen de missie te verwezenlijken. De Sector Inwoners kent de ‘zorg voor een leefbare samenleving’ als hoofddoelstelling. De afdelingen Sociale Zaken, Burgerzaken, Welzijn & Leefbaarheid en Bedrijfsbureau Inwoners werken aan het verwezenlijken van deze doelstelling. De afdeling Sociale Zaken maakt deel uit van de sector Inwoners. De afdeling richt zich op 2 taakgebieden, namelijk de Wet Maatschappelijke Ondersteuning (WMO) en de Participatiewet. Het team Werk en Inkomen helpt mensen aan het werk, of als werk niet haalbaar is, dan wordt er ingezet op maatschappelijke participatie. Het team Zorg biedt een maatwerkvoorziening bij de zorgvraag van de klant. De gemeente Boxmeer zoekt voor een tijdelijke opdracht voor 36 uur per week een vlotte en representatieve kandidaat die de taken zelfstandig, kwalitatief goed kan uitvoeren. Je gaat integraal maatwerkvoorzieningen verstrekken en je gaat zelf de indicatiestelling uitvoeren. Taken binnen deze functie zijn: • Uitvoeren van de WMO op een gekantelde manier; pas compenseren als de burger niet zelf tot een oplossing kan komen; • Bruggenbouwer tussen de 3 domeinen; jeugd, WMO, participatie; Mogelijkheden herkennen en oplossingen bieden vanuit de WMO voor de nieuwe doelgroep; • In staat zijn om input te leveren bij beleidsvorming.",Aanpak voor maatwerkvoorzieningen met nadruk op burgerinitiatief,Task_2
71150,1,71150,Meerjarenopdracht aansprakelijkheidsverzekeringen voor groep Antwerpen,Meerjarenopdracht aansprakelijkheidsverzekeringen voor groep Antwerpen - zie omschrijving in de selectieleidraad,Zijn meerjaren contracten voor aansprakelijkheidsverzekeringen gangbaar bij grote organisaties?,Task_3
103976,1,103976,Marktconsultatie - Marktconsultatie gemotoriseerd handgereedschap (verwachte einddatum: 01-09-2018).,Staatsbosbeheer is voornemens een Europees aanbestedingstraject te starten uit hoofde van haar behoefte aan de inkoop van gemotoriseerd handgereedschap.,Waar vind ik Europese aanbestedingen voor gemotoriseerd handgereedschap?,Task_1
4818,1,4818,Applicatie(s) Sociaal Domein,Aanbestedende dienst wenst applicatie(s) voor het Sociaal Domein aan te schaffen. Het gaat hierbij om een zo integraal mogelijke oplossing.,Analyse van geïntegreerde oplossingen voor het sociaal domein.,Task_2
119174,1,119174,Limburg op de Kaart - Realisatie en implementatie van een internet- en klantenkaartplatform om de samenwerking tussen toeristische ondernemers te versterken en het toerisme in Limburg te stimuleren.,Technische realisatie en ondersteuning bij de implementatie van een internet- en klantenkaartplatform en het integreren hiervan met het bestaande in Drupal gerealiseerde 'Kennislabo' systeem cnform het in dit bestek opgenomen functioneel ontwerp waarmee wordt beoogd om de samenwerking tussen toeristische ondernemers te versterken en het toerisme in Limburg te stimuleren.,Internetplatforms versterken toeristische samenwerking en stimuleren de sector,Task_3
5032,1,5032,Warme- en koude dranken,"De aanbesteding van de Werkorganisatie Druten Wijchen betreft de warme- en koude drankenvoorziening voor de locaties van de gemeenten Druten en Wijchen. Het betreft de levering van de ingrediënten, toebehoren en automaten (o.b.v. huur), service- en technisch onderhoud en andere gerelateerde zaken. Het dagelijkse onderhoud (bijvullen, schoonmaken etc.) wordt verzorgd door een interne medewerker.","Aanbestedingen voor levering, huur en onderhoud van drankenautomaten voor gemeenten.",Task_1
103643,1,103643,Levering en het Onderhouden van de Brandmoot tbv Brandweer Opleiding en Training Centrum Koninklijke Marine Den Helder,"De aanbestedende dienst nodigt u hierbij uit voor het indienen van een inschrijving voor Levering van en het uitvoeren van preventief en correctief Onderhoud aan de te leveren Brandmoot tbv Brandweer Opleiding en Training Centrum Koninklijke Marine in Den Helder.Uw inschrijving zal worden beoordeeld op basis van de voorwaarden zoals gesteld in deze uitnodiging tot inschrijving, waarbij gebruik wordt gemaakt van de openbare procedure conform de Aanbestedingswet.Ondernemers die graag nadere informatie willen over het gebruik van Negometrix, kunnen diverse instructies raadplegen op:https://support.negometrix.com/nl/support/home",Uitleg openbare aanbestedingsprocedure voor levering oefenmateriaal brandweer,Task_2
111426,1,111426,Marktconsultatie - Marktconsultatie Need to know en Zero trust (verwachte einddatum: 20-09-2021).,"IV&D heeft behoefte aan een nadere uitwerking van het Need-to-know en Zero trust principe. Met deze marktconsultatie wil IV&D onderzoeken welke oplossingsconcepten de markt heeft ontwikkeld, op welke wijze die binnen de omgeving van de Belastingdienst uitvoerend kunnen worden ondersteund al dan niet met behulp van tooling c.q. product en welk volwassenheidsniveau is bereikt.De resultaten van de marktconsultatie zijn voor de Belastingdienst input voor het opstellen van beleid, enterprise- en domeinarchitectuur en een mogelijk toekomstige aanbesteding. Tevens willen wij een indicatie krijgen van de kosten en de kostenelementen van de voorgestelde oplossing",Overheidsinstanties onderzoeken oplossingen voor need-to-know en zero trust.,Task_3
120879,1,120879,Raamovereenkomst voor de levering van banden.,"Oproep tot het indienen van kandidaturen voor:Eén of meerdere raamovereenkomsten voor de levering van banden gedurende twee jaar, eventueel verlengbaar met twee maal één jaar.De totale geraamde behoefte wordt ingedeeld in percelen per type band. Elk perceel wordt aan één inschrijver toegewezen.","Aanbestedingen voor levering van banden via raamovereenkomsten, percelen verdeeld.",Task_1
48040,1,48040,Archeologisch onderzoek Groote Hoeven gemeente Someren.,In 2017 wil de gemeente Someren voorbereiding treffen voor het nieuwe woningbouwplan de Groote Hoeven. De realisatie van de nieuwbouwplannen kan leiden tot aantasting of vernietiging van mogelijk aanwezige archeologische resten. Daarom heeft de gemeente besloten om een archeologisch onderzoek te laten uitvoeren in de vorm van een proefsleuvenonderzoek met een eventuele doorstart naar een opgraving. Vanaf 1.6.2017 mag er gestart worden met het veldwerk (op verzoek gemeente). Uiterlijk 6 maanden na start van het veldwerk moeten de veldwerkzaamheden (proefsleuvenonderzoek en eventuele doorstart tot opgraven) zijn afgerond. In de planning dient u rekening te houden met een directe doorstart naar een opgraving. Dit betekent dat u voor de looptijd van het veldwerk een adequaat team ter beschikking heeft.,Beschrijving van archeologisch onderzoek inclusief planning en teamvereisten.,Task_2
82189,1,82189,Arbodienstverlening en aanverwante diensten,"De lopende overeenkomst voor arbodienstverlening eindigt per 1 februari 2025.
HRM wenst een partner te contracteren die adviseert op het totale verzuimspectrum. Een leverancier die vanuit een goede samenwerkingsrelatie proactief adviseert over aanvullende interventies op basis van relevante (verzuim) data en aansluit bij de specifieke problematiek van een afdeling en meedenkt over het vormgeven vitaliteitsbeleid en doelstellingen
van KVK. Gelet op de einddatum van de huidige overeenkomst is de doelstelling dat de ingangsdatum van de overeenkomst 1 februari 2025 zal zijn.",Aanbestedingen voor arbodienstverlening met proactief advies over verzuim en vitaliteit.,Task_3
80130,1,80130,113032 - 742 DICT - Netwerkspecialist,"Gemeente Amsterdam heeft regelmatig behoefte aan externe inhuur van diverse expertise en capaciteit. Gemeente Amsterdam nodigt geïnteresseerde Ondernemers voor de vakgebieden uit om zich te registreren op het CTM platform en aan te melden voor het platform Externe inhuur. Ondernemers kunnen zich aanmelden voor één of meerdere vakgebieden binnen. Zodra gemeente Amsterdam behoefte heeft aan externe inhuur, wordt de offerteaanvraag in het platform Externe inhuur uitgezet. Ondernemers kunnen zich aanmelden voor de het platform Externe inhuur conform de minimaal gestelde eisen. Aan de toelating kan geen recht op opdrachten worden ontleend.Het platform Externe inhuur voor externe inhuur heeft betrekking op functies in de volgende vakgebieden (onder voorbehoud van ontwikkelingen/uitbreidingen): - Arbo –(Bouw) technisch – Communicatie – Facilitair – Financieel – Personeel & Organisatie - ICT – Inkoop – Interim management en Advies – Juridisch.",Hoe registreer ik mij voor levering van externe expertise aan gemeenten?,Task_1
77267,1,77267,"Jeugdzorg Dommelvallei + ( Geldrop-Mierlo, Waalre, Son en Breugel en Nuenen).",De opdracht betreft alle ambulante Jeugdhulp voor de genoemde gemeenten.,Welke aanbestedingen omvatten alle ambulante jeugdhulp voor gemeenten?,Task_2
55748,1,55748,Aanschaf zaaksysteem Stichting Halt,De Stichting Halt is voornemens een Europese aanbesteding uit te schrijven voor de vervanging van de huidige twee zaaksystemen Aurah en RegiHalt.,Zoek aanbestedingen die vervanging van zaaksystemen bevestigen.,Task_3
36016,1,36016,[1-004-13] Realiseren van 6 stuks bruggen in de nieuwbouwwijk Zestienhoven,Het realiseren van 6 stuks bruggen in de nieuwbouwwijk Zestienhoven in de gemeente Rotterdam.,Opdracht voor aanleg van bruggen in een stedelijk nieuwbouwgebied?,Task_1
121791,1,121791,Europese aanbesteding verzekeringen Veiligheidsregio Kennemerland.,Europese aanbesteding in percelen m.b.t. de verzekeringen voor het materiaal van Veiligheidsregio Kennemerland.,"Europese aanbestedingen voor materiaalverzekeringen, specifiek in percelen, voor veiligheidsregio's.",Task_2
22003,1,22003,11829 Aanpassing Rijkskantoor Montgomerylaan 500 te Eindhoven,Het gebouw Montgomerylaan 500 in Eindhoven zal worden heringericht tot een gestandaardiseerd en flexibel Rijkskantoor van ca 4400 m2 BVO.,Aanbestedingen herinrichting gestandaardiseerd flexibel rijkskantoor van 4400 m2?,Task_3
104095,1,104095,Aansprakelijkheidsverzekering en goedwerkgeverschapverzekering,"Met deze openbare Europese aanbesteding wil waterschap Zuiderzeeland een geschikte partij selecteren en een Verzekeringsovereenkomst voor een aansprakelijkheids- en goedwerkgeverschapverzekering aangaan met één Opdrachtnemer, voor de duur van minimaal 2 jaar en 9 maanden met een verlengingsmogelijkheid van 2 x 1 jaar. Totaal dus maximaal 4 jaar en 9 maanden.",Welke aanbestedingen bieden een aansprakelijkheids- en goedwerkgeverschapverzekering aan?,Task_1
124525,1,124525,Inzet trainees t.b.v. Stichting ICTU,Gespecialiseerde opleidingsdienst (IIB-dienst),Aanbesteding gespecialiseerde training voor diepgaande kennisoverdracht,Task_2
119597,1,119597,Aanbrengen van wegmarkeringen op het grondgebied van de gemeente Knokke-Heist.,Aanbrengen van wegmarkeringen op het grondgebied van de gemeente Knokke-Heist.,Zoek aanbestedingen die bevestigen dat gemeenten wegmarkeringen uitbesteden.,Task_3
61163,1,61163,Districts- en teambureau Maarssen,"De Politie heeft op 20.3.2020 de marktconsultatie ‘districts- en teambureau Maarssen’ met PB S-kenmerk 2020/ S 060-143764 via TenderNed gepubliceerd. Zoals in de marktconsultatie is vermeld, is het huidige districts- en teambureau gelegen naast het winkel- en kantorencomplex aan de Bisonspoor. In het kader van de revitalisering van dit complex door de eigenaar ervan is Politie voornemens om de huidige locatie van het districts- en teambureau Maarssen in te ruilen voor een nieuwe, te ontwikkelen locatie binnen het winkel- en kantorencomplex Bisonspoor. De ontwikkelaar draagt zorg voor de realisatie van het nieuw te bouwen districts- en teambureau, rekening houdend met de wensen en eisen die de Politie hieraan stelt.",Zoek aanbestedingen voor nieuwbouw overheidsgebouw binnen bestaand winkelcomplex,Task_1
47397,1,47397,Koksijde - Base aérienne - Ancien Infra - Burgweg 12 - Assainissement de sol.,Koksijde - Base aérienne - Ancien Infra - Burgweg 12 - Assainissement de sol.,Zoek aanbestedingen voor bodemsanering voormalige infrastructuur vliegbasis,Task_2
24291,1,24291,Marktconsultatie vervanging tractie-installatie gelijkrichterstations tram.,"GVB heeft het voornemen om haar tractie-installaties in de gelijkrichterstations voor de tram te gaan vervangen op einde levensduur. De marktconsultatie wordt ingezet om de kwaliteit van het programma van eisen en het inkoopproces van het project Vervanging tractie-installatie gelijkrichterstations tram te verbeteren, te toetsen en/of hieraan verder invulling te geven.",Er loopt een marktconsultatie voor vervanging van tram stroomvoorziening.,Task_3
65937,1,65937,EG.104133.23.08.11/JV - Aanbesteding Mobiele telefonie WS de Dommel.,Het verzorgen van mobiele telefonie voor waterschap De Dommel.,Welke aanbestedingen bieden mobiele telefonie oplossingen voor waterbeheer instanties?,Task_1
39177,1,39177,Gemeente Brunssum uitgebreide brandverzekering,Uitgebreide brandverzekering voor de gemeentelijke eigendommen en onderwijsinstellingen van de gemeente Brunssum en belanghebbenden,Aanbesteding uitgebreide brandverzekering voor gemeentelijk vastgoed en scholen.,Task_2
55246,1,55246,Brandverzekering Halderberge,"De aanbestedende dienst vraagt u een inschrijving uit te brengen op basis van de specificaties als beschreven in het programma van eisen (bijlage 5) en de overige specificaties van de opdracht als beschreven in dit document.
               U kunt inschrijven als leidende verzekeraar en/of als volgverzekeraar.",Zijn verzekeringsaanbestedingen uitsluitend voor leidende partijen?,Task_3
86915,1,86915,Scan voorliggende voorzieningen,De opdracht bestaat uit het beoordelen van dossiers en het ondersteunen bij aanvragen van voorliggende voorzieningen en bezwaren. Deze opdracht heeft als doel de inwoner recht te geven op de juiste voorziening en te besparen op uitkeringsgeld. Daarbij hoort ook kennisoverdracht op het gebied van voorliggende voorzieningen aan de medewerkers van Sociale Zaken Maastricht Heuvelland.,Hoe besparen op uitkeringsgeld door beoordelen dossiers en ondersteunen voorzieningen?,Task_1
47585,1,47585,"Ultra hoge druk vloeistofchromatograaf – tandem massaspec-trometer, computer met software, scherm en printer.","Ultra hoge druk vloeistofchromatograaf – tandem massaspectrometer, computer met software, scherm en printer.",Welke componenten bevat een systeem voor geavanceerde chemische analyse?,Task_2
127134,1,127134,Verbetering Laakkade Fase 3 A,Het werk omvat in hoofdlijnen de volgende werkzaamheden:,Zoek aanbestedingen die de belangrijkste werkzaamheden gedetailleerd omschrijven.,Task_3
123516,1,123516,Concessie reclame in de vorm van Driehoeksborden.,"De gemeente Vlaardingen biedt organisatoren van evenementen op het gebied van cultuur, sport en recreatie, onderwijs, politiek en toerisme (commercieel en niet commercieel) en bedrijven de gelegenheid om te adverteren in frames rond lantarenpalen. De Gemeente is voornemens voor de concessie-overeenkomst voor een periode van 5 jaar aan te gaan met twee keer de mogelijkheid van ver-lenging met 2 jaar.",Zoek concessies voor buitenreclame op lantaarnpalen voor evenementen en bedrijven.,Task_1
16581,1,16581,Renovatie pompstaion Vlassdenbroek Zeeschelde R.O. te Dendermonde in het kader van de aanleg van het GOG te Vlassenbroek – Gewijzigde Openingsdatum (zie ook oorspronkelijke publicatie onder 2013/S 206-356141 en 2013-527054).,Renovatie pompstation Vlassenbroek Zeeschelde R.O. te Dendermonde in het kader van de aanleg van het GOG te Vlassenbroek (zie ook oorspronkelijke publicatie onder 2013/S 206-356141 en 2013-527054).,Informatie over renovatie van een pompstation voor grootschalige gebiedsontwikkeling.,Task_2
883,1,883,Onderhouden en renoveren van de openbare verlichtingsinstallatie en het onderhouden van de verkeersregelinstallaties in de gemeenten Wassenaar en Voorschoten,De werkzaamheden binnen deze raamovereenkomst zullen via deelopdrachten worden uitgevoerd en hebben betrekking op het renoveren en functioneel in stand houden van de openbare verlichtingsinstallatie (OVL) en het onderhoud van de verkeersregelinstallaties (VRI).,Aanbestedingen voor renovatie en onderhoud straatverlichting en verkeerssystemen.,Task_3
125975,1,125975,317. – DBI – Bedrijfsarts (gewijzigde aanvraag).,"Gemeente Amsterdam heeft regelmatig behoefte aan externe inhuur van diverse expertise en capaciteit. Gemeente Amsterdam nodigt geïnteresseerde Ondernemers voor de vakgebieden uit om zich te registreren op het CTM platform en aan te melden voor het platform Externe inhuur. Ondernemers kunnen zich aanmelden voor 1 of meerdere vakgebieden binnen. Zodra gemeente Amsterdam behoefte heeft aan externe inhuur, wordt de offerteaanvraag in het platform Externe inhuur uitgezet. Ondernemers kunnen zich aanmelden voor de het platform Externe inhuur conform de minimaal gestelde eisen. Aan de toelating kan geen recht op opdrachten worden ontleend. Het platform Externe inhuur wordt als pilot voor een jaar ingesteld om tijdelijk extern personeel in te huren voor Stadsdeel West, Stadsdeel Zuid, Dienst Werk en Inkomen (DWI) en Dienst Infrastructuur Verkeer en Vervoer (DIVV). Op termijn kunnen andere vakgebieden en/of gemeentelijke organisaties worden toegevoegd.Het platform Externe inhuur voor externe inhuur heeft betrekking op functies in de volgende vakgebieden (onder voorbehoud van ontwikkelingen/uitbreidingen): — facilitair;— HRM;— inkoop; — juridisch; — communicatie;— bedrijfskundig; — (Bouw) technisch;— beleid; — interim management; — organisatie advies;— sociaal domein (-klantmanagers - inkomensconsulenten - budgetconsulenten - projectconsulenten - handhavingspecialisten - algemeen medewerkers voorzieningen).",Inschrijven voor pool van externe experts bij gemeentelijke organisaties.,Task_1
38629,1,38629,Reinigen en inspecteren Riolering 2013–2014.,"Rioolreiniging en -inspectie voor gemeenten:— Gemeente Alphen-Chaam,— Gemeente Baarle-Nassau,— Gemeente Breda,— Gemeente Etten-Leur,— Gemeente Rucphen,— Gemeente Zundert.",Welke gemeenten zijn betrokken bij rioolonderhoud en inspectie?,Task_2
121669,1,121669,Studiebureau van ingenieurs voor stabiliteit en voor speciale technieken en adviseurs voor energieprestatie van gebouwen volledige opdrachten in het kader van verscheidene projecten gedurende een jaar.,De opdracht is een overheidsopdracht van diensten voor meerdere volledige opdrachten van ingenieur voor stabiliteit en /of speciale technieken voor de studie en de opvolging van werf van verscheidene dossiers van renovatie en/of constructie opgesteld door de Dienst Architectuur van de Gemeente Elsene of door studiebureaus van buitenaf en/of van EPB-adviseur (Energieprestatie van Gebouwen) voor volledige opdrachten.,Beperken overheidsaanbestedingen voor stabiliteitsingenieurs zich tot nieuwbouw?,Task_3
54970,1,54970,Slibtransport en onderhoud CSI.,"Opdrachtgever
Stichting Waternet (hierna te noemen Waternet), handelend namens de rechtspersoon het Hoogheemraadschap Amstel, Gooi en Vecht en de rechtspersoon Gemeente Amsterdam.
Opdracht
Het transporteren van vloeibaar slib naar de Centrale slibverwerkingsinstallatie (CSI) (Amsterdam West) en het mechanisch ontwaterde slib naar AEB. Tevens het onderhouden en beheren van de CSI.
Gunning
Gunning zal plaatsvinden op basis van de Economisch Meest Voordelige Inschrijving (EMVI)
Digitale uitvraag
De uitvraag vindt plaats via Negometrix. Alle documenten vindt u in het tabblad „Tenderdocumenten” in Negometrix.",Welke aanbestedingen zijn er voor transport en beheer van slib?,Task_1
41320,1,41320,Reiniging en inspectie riolering 2013,Het werk bestaat in hoofdzaak uit:,Hoe worden werkzaamheden meestal ingeleid in aanbestedingen?,Task_2
69165,1,69165,Europese aanbesteding baggerafzet ten behoeve van het Hoogheemraadschap van Delfland.,De opdracht betreft het afsluiten van raamovereenkomsten voor het geven van opdrachten op het gebied van afvoeren en/of verwerken van baggerspecie.,Raamovereenkomsten voor baggerspecie verwerking zijn actueel.,Task_3
73818,1,73818,Europese aanbesteding Flexarbeid.,"De opdracht betreft de levering van flexkrachten en bijbehorende diensten. De opdracht is onderverdeeld in drie percelen: sociaal/juridisch, financieel/administratief en algemeen/generiek.",Zoek aanbestedingen voor flexibele personeelsdiensten verdeeld in functiecategorieën.,Task_1
33385,1,33385,Europese aanbesteding Klantonderzoeken SVB,"De SVB heeft met deze aanbesteding tot doel Raamovereenkomsten, verdeeld over 3 percelen, af te sluiten met meerdere dienstverleners voor de uitvoering van werkzaamheden i.h.k.v. klantonderzoeken, zoals in het Beschrijvend document is beschreven.",Zoek aanbestedingen voor klantonderzoeken via raamovereenkomsten per perceel,Task_2
26105,1,26105,Antwerpen — Christus Geboortekerk — opmaken van een beheersplan en ontwerpopdracht — aanstellen ontwerper.,"Ontwerpopdracht voor het opmaken van een beheersplan, het opstellen van ontwerpen met voorstudie(s) en het opvolgen van de restauratiewerken (in fasen) voor de Christus Geboortekerk (voormalige Sint-Jozefskerk), gelegen Loosplaats te 2018 Antwerpen.","Zoek opdrachten voor ontwerp, beheer en toezicht restauratie monumenten.",Task_3
22529,1,22529,Accountantsdiensten.,"De werkzaamheden met betrekking tot de accountantsdiensten dienen met ingang van boekjaar 2017 aan te vangen. Daarbij geldt dat boekjaar gelijk is aan het kalenderjaar. De accountantswerkzaamheden dienen jaarlijks uit te monden in een rapportage aan de Raad van Toezicht. De opdracht bestaat uit:
1. het uitvoeren van de jaarlijkse controle van de jaarrekening inclusief FSR-tabel op basis van het jaarlijkse auditplan;
2. het uitvoeren van de bekostigingscontrole;
3. het uitvoeren van de controle op de subsidieverantwoording;
4. de natuurlijke adviesfunctie.","Aanbestedingen voor accountantsdiensten: jaarrekening, financiering en subsidie controles, plus advies.",Task_1
106342,1,106342,Brandonderzoek vluchtige stoffen ten behoeve van het NFI,Deze aankondiging betreft een vooraankondiging van sociale en andere specifieke diensten.,Wat omvat een voorafgaande kennisgeving voor sociale en specifieke diensten?,Task_2
105237,1,105237,AI 2018-0196 Samenwerkingsovereenkomst Grote Wegenwerken Gemeente Amsterdam,Samenwerkingsovereenkomst Grote Wegenwerken Gemeente Amsterdam,Aanbestedingen bevestigen samenwerking lokale overheden bij grote infrastructuurprojecten?,Task_3
92339,1,92339,Selectieve inzameling van harde kunststoffen op het recyclagepark,"De opdracht omvat de afvoer en/of verwerking van harde kunststoffen, alsook de huur van de containers/recipiënten voor de inzameling ervan.",Aanbesteding voor afvoer en verwerking van harde kunststoffen inclusief containerhuur,Task_1
111670,1,111670,"Onderhouden van liften, automatische deuren en blusmiddelen","De opdracht betreft het uitvoeren van Onderhoud liften (perceel 1), het onderhouden van de automatische deuren (perceel 2) en onderhoud van de blusmiddelen (perceel 3) voor Stichting Carmelcollege.","Uitleg over aanbestedingen voor onderhoud van liften, deuren en blusmiddelen",Task_2
100174,1,100174,Europese aanbesteding betreffende monitoring meetnet Bermflora,"De opdracht omvat de monitoring van bermflora. De doelstelling van het project is inzicht te krijgen in de ontwikkeling van de natuurkwaliteit in de bermen van rijkswegen, gerelateerd aan de beheeractiviteiten die in dit areaal worden toegepast. Aan de hand van deze gegevens kan de opdrachtgever beslissen over eventuele wijzigingen in het beheerregime.",Bevestigen aanbestedingen noodzaak monitoring natuurkwaliteit bermen rijkswegen voor beheerwijzigingen?,Task_3
45199,1,45199,2023/HFB/OP/111577 – Leveren van akoestisch meubilair en softseating.,Deze opdracht betreft de levering en plaatsing van akoestisch meubilair en softseating in het Marie-Elisabeth Belpairegebouw.  Dit meubilair is bestemd voor de kantoorvloeren.,Waarvoor is de levering van akoestisch meubilair en softseating bestemd?,Task_1
17857,1,17857,Leerlingen- en Jeugdzorgvervoer.,"De uitvoering van het leerlingenvervoer voor leerlingen die woonachtig zijn in de gemeente Velsen die op individuele dan wel collectieve basis ten behoeve van het basisonderwijs op grond van richting, speciaal basisonderwijs, (voortgezet) speciaal onderwijs en regulier onderwijs voor gehandicapte leerlingen vervoerd moeten worden. Het betreft het vervoer van leerlingen van het ophaaladres/opstapplaats naar school, dan wel stageplaats of opvoedkundig centrum (en v.v.). Daarnaast is er sprake van vervoer van jeugdigen uit de gemeente Velsen die in het kader van Jeugdwet vervoer nodig hebben. Hieronder valt vervoer van/naar locaties voor onder andere onderwijs en/of dagbesteding. GGZ-Jeugd is hiervan een onderdeel. Er is sprake van één opdracht.",Details over leerlingenvervoer en jeugdhulpvervoer voor diverse onderwijstypen en jeugdigen,Task_2
110371,1,110371,Schadeherstelbedrijven,"De scope van de opdracht betreft het herstellen van verborgen ruimtes in voertuigen en het terugzetten van navigatiesystemen naar fabrieksinstellingen.1. Het herstellen van voertuigen welke verborgen ruimtes hebben.De uitvraag heeft betrekking op het herstellen van het voertuig. Dat wil zeggen het verwijderen van de verborgen ruimte, plus het herstellen van het voertuig af fabriek. Nadat het voertuig door Opdrachtnemer is opgehaald, maar voordat wordt gestart met herstel, wordt door Opdrachtnemer een calculatie gemaakt.Deze voertuigen staan bij de DRZ locaties in Bleiswijk, Soesterberg en Hoogeveen. Naar verwachting gaat het in totaal om ca. 30 tot 50 voertuigen per jaar.2. Het resetten demonteren/herstellen van navigatiesystemen welke niet terug gezet kunnen worden naar fabrieksinstellingen.",De behoefte aan herstel van voertuigen en navigatiesystemen is actueel.,Task_3
93883,1,93883,Levering sanitair materiaal,Levering sanitair materiaal,Ik zoek aanbestedingen voor de aanschaf van sanitair en toebehoren.,Task_1
72541,1,72541,Postkamers Eandis.,"Het voorwerp van dit aankoopdossier is het behandelen van de dagelijkse interne en externe post in vestigingen van Eandis.De opdracht behelst voornamelijk:— het sorteren en indien noodzakelijk openen van de binnenkomende post,— het verdelen en ophalen van de post bij de verschillende diensten in vestigingen van Eandis,— het sorteren van de uitgaande post van de verschillende diensten,— het verzendklaar maken van de uitgaande post en het organiseren van expreszendingen,— klaarzetten van uitgaande post in functie van diverse koeriertrajecten naar de verschillende verstigingen,— updaten van de ad valvas borden,— het rapporteren van de activiteiten,— het uitvoeren van kleine administratieve werkzaamheden.",Uitleg over interne en externe postdiensten en administratieve taken.,Task_2
96993,1,96993,Inhuur programma adviseur KIK-V,Zorginstituut Nederland zoekt een programma adviseur KIK-V in de periode van 1.11.2019 t/m 31.12.2020 voor gemiddeld 32 uren per week.,Een overheidsinstelling zoekt een deeltijd programma adviseur voor ruim een jaar.,Task_3
18566,1,18566,139233 — 1448 Ingenieursbureau — specialist waterbouw.,"Gemeente Amsterdam heeft regelmatig behoefte aan externe inhuur van diverse expertise en capaciteit. Gemeente Amsterdam nodigt geïnteresseerde ondernemers voor de vakgebieden uit om zich te registreren op het CTM platform en aan te melden voor het platform Externe inhuur. Ondernemers kunnen zich aanmelden voor 1 of meerdere vakgebieden binnen. Zodra gemeente Amsterdam behoefte heeft aan externe inhuur, wordt de offerteaanvraag in het platform Externe inhuur uitgezet. Ondernemers kunnen zich aanmelden voor de het platform Externe inhuur conform de minimaal gestelde eisen. Aan de toelating kan geen recht op opdrachten worden ontleend.Het platform Externe inhuur voor externe inhuur heeft betrekking op functies in de volgende vakgebieden (onder voorbehoud van ontwikkelingen/uitbreidingen):  Arbo – (Bouw) technisch — Communicatie — Facilitair — Financieel — Personeel en Organisatie — ICT — Inkoop — Interim management en Advies — Juridisch — Grondzaken en gebiedsontwikkeling — Sport.",Welke vakgebieden zoeken overheden voor externe expertise en capaciteit?,Task_1
137252,1,137252,HERSTELLINGEN VAN SCHADE EN LOKAAL EN GERICHT ONDERHOUD VAN VERHARDINGEN OP GEWESTWEGEN VAN HET BRUSSELS HOOFDSTEDELIJK GEWEST,HERSTELLINGEN VAN SCHADE EN LOKAAL EN GERICHT ONDERHOUD VAN VERHARDINGEN OP GEWESTWEGEN VAN HET BRUSSELS HOOFDSTEDELIJK GEWEST,Zoek informatie over onderhoud en herstel van wegdek op regionale wegen.,Task_2
117823,1,117823,Verhogen Bruggen Albertkanaal: aanstelling TOP voor de behandeling of verbetering van verontreinigde gronden.,"In mei 2017 heeft de aanbesteding plaatsgevonden van het project ""Herbouwen van brug Merksem – Theunisbrug en Herinrichting Minister Delbekelaan m.i.v. het kruispunt met Frans de l’Arbrelaan"", volgens bestek nr. WBK-BB1060.De opdrachtnemer van deze werken is de THV Artes Roegiers nv — Stadsbader nv — Taveirne nv, Burchtstraat 89, te 9150 Kruibeke. In het vervolg van het bestek wordt naar deze aannemer verwezen als ""de opdrachtnemer hoofdproject.""Volgens de resultaten van het technisch verslag zal er bij de uitvoering van de werken ten laste van De Vlaamse Waterweg nv een belangrijke hoeveelheid vervuilde grond vrijkomen die moet verwerkt worden. Voor een deel van deze vervuilde gronden is in de aanbestedingsdocumenten van het bestek nr. WBK-BB- 1060 opgenomen dat de opdrachtnemer enkel moet instaan voor het selectief uitgraven en het afvoeren per schip naar een TOP. Deze ""speciale"" regeling is van toepassing op de gronden die vrijkomen bij de afgraving van de bestaande aanloophellingen naar de brug en bij de verbreding van het Albertkanaal. Meer specifiek betreft het:— uitgravingszone 1: talud linkeroever diepte (m-mv): 0,00-1,00 m, code 000,— uitgravingszone 2: talud rechteroever diepte (m-mv): 0,00-1,00 m, code 000,— uitgravingszone 4: verbreding kanaal + Schijnpoortweg diepte (m-mv): 0,00-4,00 m, code 929.Met betrekking tot deze gronden is in de aanbestedingsdocumenten voorzien dat:— de opdrachtnemer hoofdproject instaat voor het afzonderlijk af- en uitgraven van de vervuilde gronden,— de hiervoor vermelde gronden afkomstig van de kanaalverbreding en de brugopritten per schip moeten worden afgevoerd naar een locatie langs een bevaarbare waterweg op maximaal 100 km afstand (vogelvlucht) van de werf,— de maximale afvoer 3 000 ton per dag bedraagt,— het tijdig lossen van de schepen dient uitgevoerd door en ten laste is van de opdrachtnemer dienstenopdracht,— het verder afvoeren van de gronden naar een TOP/GRC, de verwerking en behandeling ten laste is van de opdrachtnemer dienstenopdracht,— de opdrachtnemer dienstenopdracht gemachtigd is om een vertegenwoordiger aan te stellen om namens de TOP/GRC toezicht uit te oefenen op de werkzaamheden.Onderhavige dienstenopdracht behelst in hoofdzaak de uitvoering van de werkzaamheden welke hiervoor vermeld zijn als uit te voeren door de opdrachtnemer, nl.— het tijdig lossen van de schepen met vervuilde gronden. Na het lossen van de schepen zijn de gronden de volle eigendom van de opdrachtnemer,— het verder afvoeren van de gronden naar een TOP of GRC,— de verwerking van de gronden en alle noodzakelijke behandelingen voor het reinigen van de gronden,— het storten van de gronden als reiniging niet mogelijk is.De opdracht is opgedeeld in een vast en een voorwaardelijk gedeelte. De gronden van het vast gedeelte komen van opwaarts de Theunisbrug. De gronden van het voorwaardelijk gedeelte komen van afwaarts de Theunisbrug.",Is grondverwerking bij aanbestedingen altijd de taak van één aannemer?,Task_3
67240,1,67240,Kantoor- en schoolmeubilair ten behoeve van Onderwijsgroep Tilburg.,Mantelovereenkomst voor kantoor- en schoolmeubilair.,Ik zoek een manier om kantoor- en schoolmeubilair in te kopen.,Task_1
44645,1,44645,"Raamovereenkomst voor het leveren, plaatsen en herstellen van draadafsluitingen, afsluitingen in staalmat en poorten.","Raamovereenkomst voor het leveren, plaatsen en herstellen van draadafsluitingen, afsluitingen in staalmat en poorten.",Wat houdt een raamovereenkomst in voor hekwerken en poorten?,Task_2
111289,1,111289,Concurrentiegerichte dialoog voor Landbouwbelang Maastricht,"De aanbesteding betreft de herontwikkeling van het Landbouwbelang, gelegen in de gemeente Maastricht. Meer toelichting en informatie treft u aan in de bijlage 5 ""Ambitiedocument Landbouwbelang Maastricht"", bijlage 6 concept Programma van Uitganspunten (PvU) Landbouwbelang en bijlage 9 Stedenbouwkundige Randvoorwaarden Landbouwbelang.",Bevatten aanbestedingen voor gebiedsherontwikkeling gedetailleerde stedenbouwkundige kaders?,Task_3
59216,1,59216,"Maaibeheer in gebieden van ANB, TBW — regio Antwerpse Kempen, Schelde en Waas.","Maaibeheer in gebieden van ANB, TBW — regio Antwerpse Kempen, Schelde en Waas.",Welke aanbestedingen zijn er voor maaibeheer in Vlaamse natuurgebieden?,Task_1
41383,1,41383,Verrijdbare temperatuurkasten,De aanbestedende dienst nodigt u hierbij uit voor het indienen van een inschrijving voor de levering van verrijdbare temperatuurkasten. Deze kasten worden zowel binnen als buiten gebruikt om verbruiksmateriaal te conditioneren ten behoeve van het uitvoeren van proeven.,Wat zijn de toepassingen van mobiele temperatuurkasten voor materialen?,Task_2
61967,1,61967,Aansprakelijkheidsverzekering Gemeente Noordoostpolder,Het doel van de Aanbestedingsprocedure is het sluiten van de Overeenkomst met één Opdrachtnemer voor een aansprakelijkheidsverzekering voor gemeenten. De Overeenkomst heeft een looptijd van drie jaar met een optionele verlenging van twee maal twaalf maanden en zal naar verwachting ingaan per 1.1.2021. Eventuele verlenging geschiedt onder gelijkblijvende voorwaarden en condities.,Verlenging aansprakelijkheidsverzekering voor gemeenten geschiedt onder gelijkblijvende condities.,Task_3
47910,1,47910,De jaarlijkse lokale bijhouding van een Grootschalig Referentie Bestand over het grondgebied van 27 gemeenten.,De jaarlijkse lokale bijhouding van een Grootschalig Referentie Bestand over het grondgebied van 27 gemeenten.,Zoek aanbestedingen voor jaarlijks onderhoud van digitale basisdata gemeenten,Task_1
51387,1,51387,Schoonmaakonderhoud parkeergarages,"De aanbesteding schoonmaakonderhoud heeft betrekking op het dagelijks en periodiek schoonmaakonderhoud van 4 van de 7 parkeergarages welke in beheer zijn bij Spaarnelanden, met een totaal vloeroppervlak van ruim 65.000 m²",Informatie over aanbesteding dagelijks en periodiek schoonmaakonderhoud parkeergarages met groot vloeroppervlak.,Task_2
95407,1,95407,Informatiebijeenkomst hervorming 1e lijn naar brede basisteams,"Op 2.9.2019 organiseert de gemeente Nijmegen een informatiebijeenkomst voor zorgaanbieders. De bijeenkomst vindt plaats van 16:00–17:30 (inloop 15:45) in de Biezantijn (Waterstraat 146, 6541 TN Nijmegen).",Informatiebijeenkomsten georganiseerd door gemeenten voor zorgaanbieders?,Task_3
67018,1,67018,Zaaknummer 31037519: Schiphol-Amsterdam-Almere SAA A1/A6 (knooppunt Diemen - Almere Havendreef).,"Het ontwerpen, bouwen, financieren en instandhouden gedurende 25 jaar van het tracé SAA-A1/A6 (knooppunt Diemen - Almere Havendreef). Het project houdt ondermeer in:— verlegging en verbreding van de A1 van 2x3 rijstroken plus 2 wisselstroken naar 2x5 rijstroken plus 2 wisselstroken tussen de knooppunten Diemen en Muiderberg,— verbouwing van het knooppunt Diemen (A9/A1),— verbouwing van het knooppunt Muiderberg (A6/A1),— uitbreiding A6 van 2x3 plus spitsstrook naar 2x4 rijstroken plus 2 wisselstroken tussen knooppunt Muiderberg en de aansluiting Almere Stad-west,— uitbreiding A6 van 2x2 naar hoofd- en parallelbanen met 4x2 rijstroken tussen de aansluiting Almere Stad-west en de nieuw aan te leggen aansluiting Almere Havendreef,— bouw van nieuwe bruggen over het Amsterdam-Rijnkanaal en het Gooimeer en van een aquaduct onder de Vecht,— sloop van het oude gedeelte van de A1.De capaciteit van de A1 en A6 zal na openstelling van de nieuwe infrastructuur ongeveer zijn verdubbeld. Verder behoort tot de scope de elektromechanische/dynamische verkeersmanagement ""EM/DVM"" activiteiten.","Aanbestedingen voor weguitbreiding, bruggen, aquaducten en dynamisch verkeersmanagement.",Task_1
120261,1,120261,"Raamovereenkomst met 1 of meerdere leveranciers voor het leveren van de informatica diensten mbt MultiKanaalDienstVerlening – MKDV bij de stadsdiensten, OCMW, lokale politie en alle dochters van Stad Antwerpen en Stad Gent.","Digipolis zoekt meerdere partners die haar kunnen ondersteunen bij het concipiëren, ontwikkelen, implementeren, testen en onderhouden van oplossingen ter realisatie van de MultiKanaalDienstVerlening – MKDV binnen de Steden Antwerpen en Gent en hun dochters.Binnen de context van raamovereenkomsten wil Digipolis snel en flexibel kunnen inspelen op de MKDV noden van haar klanten. Hierbij dienen de toekomstige partners een technische competentie te kunnen koppelen aan een grote mate van soepelheid.De doelgroep van deze opdracht zijn de bedrijven van de steden Antwerpen en Gent en hun dochters die op eerste-, tweede- en derdelijn niveau dienstverlening verrichten naar de klanten – burgers, bedrijven en bezoekers - van de Stad.De opdracht is opgesplitst in 3 percelen in lijn met de luiken geïdentificeerd binnen MKDV:1. Perceel-1: IKMS AfhandelingIKMS (Informatievraag, Klacht, Melding, Suggestie) omvat het efficiënt afhandelen van informatievragen, klachten, meldingen en suggesties via meerdere kanalen.2. Perceel-2: e-E2E Productaanvraag Afhandeling.Heeft betrekking op het volledig end-to-end afhandelen, inclusief de aflevering van productaanvragen van de burger aan de Stad. Het snel elektronisch operationeel brengen van nieuwe productaanvragen en de flexibiliteit in afhandeling zijn hierbij cruciaal.3. Perceel-3: MijnStad.Heeft betrekking op het ontsluiten van dossier statusinformatie naar de klant, het pro-actief informeren van de burger, de participatie van de burger met de Stad en het opbouwen van klanteninzicht.Per perceel zal een raamovereenkomst afgesloten worden met 1 of meerdere leveranciers voor het leveren van de informaticadiensten bij de stadsdiensten, OCMW, lokale politie en alle dochters van Stad Antwerpen en Stad Gent.Elk raamovereenkomst heeft, binnen de context van het specifieke perceel, betrekking op het leveren van de volgende diensten:1. Het uitvoeren van een gedetailleerde analyse van de noden en behoeften.2. Het uitvoeren van de nodige aanpassingen (maatwerk) en parametrisering aan de software volgens de analyse vermeld in vorige paragraaf “Perceel-2” en in lijn met de afgesproken SLA’s inzake kwaliteit, methodiek, documentatie, prijs en oplevertermijn.3. Het leveren en installeren van de software.4. Het geven van opleiding in het Nederlands, inclusief het opleveren van het cursusmateriaal in het Nederlands.5. Het onderhoud - zowel correctief, preventief, adaptief als evolutief - van de opgeleverde applicaties.6. Het leveren van 1ste- en 2de lijnsondersteuning gebaseerd op afgesproken SLA’s.",Welke diensten omvat een raamovereenkomst voor meerkanaals dienstverlening?,Task_2
42085,1,42085,Levering bulkchemicaliën,"AEB gebruikt voor verschillende processen in de afvalverbranding en de energieopwekking diverse chemicaliën. Omdat sommige van deze chemicaliën noodzakelijk zijn voor het functioneren van het proces of voor het kunnen voldoen aan milieueisen, zijn deze chemicaliën van bijzonder belang en is de continuïteit van de primaire processen van AEB direct afhankelijk van de beschikbaarheid van deze chemicaliën. De huidige leveringscontracten van de bulkchemicaliën lopen ten einde en worden daarom opnieuw aanbesteed. Het doel van deze aanbesteding is het contracteren van één of meerdere Opdrachtnemers, die één, meerdere of alle percelen kunnen verzorgen. Er kan worden ingeschreven op één, meerdere of alle percelen.",Worden leveringscontracten voor bulkchemicaliën opnieuw aanbesteed?,Task_3
15641,1,15641,Aangaan van leningen,Aangaan van leningen.,Aanbestedingen voor het afsluiten van leningen,Task_1
135834,1,135834,Aanstellen ontwerpteam Merksemsesteenweg,"Het voorwerp van de opdracht vormt een volledige architectuuropdracht met inbegrip van alle studies inzake stabiliteit en technieken voor de nieuwbouw van appartementen en eengezinswoningen met een ondergrondse parkeergarage, en een binnengebied. 
De gebouwen worden opgericht op het terrein van Woonhaven Antwerpen gelegen aan de Merksemsesteenweg nr. 87, de Van Heystveltstraat en de Van Weselestraat te 2100 Deurne, kadastraal gekend als Antwerpen 28ste Afdeling, Sectie A, nr. 95G.","Zoek een architectuuropdracht voor nieuwbouw woningen, parkeergarage en binnengebied.",Task_2
255,1,255,Sloop en vervangende nieuwbouw Vrije School Wonnebald te Den Haag,De Vrije School Wonnebald is voornemens vervangende nieuwbouw te realiseren op haar bestaande locatie aan de westzijde van Den Haag: aan de Mozartlaan 187-189 te Den Haag. Zie voor meer informatie de tekst in Mercell.,Is vervangende nieuwbouw op bestaande onderwijslocatie gepland?,Task_3
53887,1,53887,Inhuur Flexibele Arbeidskrachten op basis van een Uitzendovereenkomst voor schoonmaakmedewerkers ten behoeve van de Rijksschoonmaakorganisatie van het ministerie van Sociale Zaken en Werkgelegenheid,"De Deelnemende aanbestedende dienst, de RSO, wenst een nieuwe Raamovereenkomst te sluiten voor de inhuur van Flexibele Arbeidskrachten op basis van een Uitzendovereenkomst.",Zoek aanbestedingen voor inhuur van flexibele uitzendkrachten.,Task_1
107408,1,107408,Beplanting Centrumplan Gilze Parkdeel,"De werkzaamheden betreffen het aanleggen van beplanting met betrekking tot het Centrumplan Gilze Parkdeel. De opdracht bestaat uit 2 fases en is exclusief de inkoop van het plantmateriaal. De uitvoeringstermijn van de fases is verschillend. Fase 1 vangt aan op 1 november 2018. De aanvang van fase 2 wordt bij opdrachtverstrekking nader bepaald, doch uiterlijk binnen 3 jaar. Echter omdat deze werkzaamheden zowel economisch als technisch aan elkaar zijn verbonden, wordt dit als 1 opdracht gezien. De werkzaamheden van deze opdracht bestaan in hoofdzaak uit de volgende onderdelen:a. Het snoeien van enkele heesters;b. Het verwijderen van stobben;c. Het uitvoeren van grondbewerking en grondverbetering;d. Het aanbrengen van bomen en heesters;e. Nazorg bomen, hagen en heesters;f. Overige bijkomende werkzaamheden.Het plantmateriaal wordt middels een aparte procedure aanbesteed.","Informatie over tweefasige aanleg beplanting, exclusief plantmateriaal, met nazorg?",Task_2
117990,1,117990,Raamovereenkomst voor het leveren van urimeters en urinezakken,Zie II.2.4) (van de oorspronkelijke publicatie).,Bevestigen aanbestedingen dat de volledige projectinformatie hierin staat?,Task_3
46349,1,46349,"Levering, plaatsing en installatie van civiele uitrusting voor ziekenhuisgebouw fase IVA.","Levering, plaatsing en installatie van civiele uitrusting voor ziekenhuisgebouw fase IVA.Wachtruimtes / ontspanningslokalen.Referentie P3230– Lot 1: Stoelen.Referentie P3231 – Lot 2: Zetels.Referentie P3232 – Lot 3: Accessoires.Referentie P3233 – Lot 4: Kindermeubilair.","Aanbestedingen voor levering van stoelen, zetels en kindermeubilair ziekenhuis wachtruimtes",Task_1
52391,1,52391,"""Inzameling GFT- en restafval gemeente Drimmelen""","De opdracht betreft een overeenkomst voor het huis-aan-huis inzamelen van restafval via minicontainers, emmers en ondergrondse (pers)containers en GFT-afval via minicontainers en emmers voor de gemeente Drimmelen voor de periode van 1 januari 2018 t/m 31 december 2020 met daarbij twee (2) opties tot verlenging van ieder één (1) jaar.",Welke methoden zijn er voor huis-aan-huis inzameling van restafval en GFT?,Task_2
44110,1,44110,Openbare procedure mbt leveringen van pipettips ten behoeve van de Universiteit Gent,Deze opdracht betreft levering van pipettips ten behoeve van UGent,Blijkt uit aanbestedingen dat universiteiten pipettips inkopen?,Task_3
11277,1,11277,EA Parkeermanagementsysteem + Parkeerapparatuur.,"Openbare Europese aanbesteding Parkeermanagementsysteem en Parkeerapparatuur: Gevraagd wordt een parkeermanagementsysteem en parkeerapparatuur (PMS/PA) dat het huidige systeem vervangt en dat kan meebewegen met de fasering van de Campus in Ontwikkeling. De Opdracht bestaat op hoofdlijnen uit de volgende onderdelen: · Het projectmatig leveren, installeren en bedrijfsklaar maken van nieuwe Apparatuur voor de Parkeervoorzieningen, inclusief de systemen, verbindingen tussen systeemonderdelen en apparatuur die nodig zijn om het beheer van alle op de Campus aanwezige parkeervoorzieningen, lokaal vanuit een Centrale Bedienpost mogelijk te maken, inclusief converters en switches voor de bekabeling. · Alle PA in de Parkeervoorzieningen dient vanuit de Centrale Bedienpost te kunnen worden aangestuurd. De intercomverbinding (spreek-, luister), de beeldverbinding van de Camera’s en de besturing van het PMS dient daarbij zonder noemenswaardige vertraging te verlopen als gevolg van de werking van het PMS. Vertragingen welke ontstaan door oorzaken buiten de invloedsfeer van de Opdrachtnemer vallen hier buiten. · Hetin stand houden en onderhouden van de Apparatuur gedurende meerdere (maximaal 10) jaren te rekenen vanaf het moment van oplevering Apparatuur.","Aanbesteding nieuw parkeermanagementsysteem en apparatuur, installatie, onderhoud en centraal beheer",Task_1
60732,1,60732,Adviesdiensten intensive care volwassenen UMCG,"De aanbesteding betreft adviesdiensten voor het ontwerp van de intensive care volwassen. UMC wenst hiertoe een overeenkomst te sluiten met een combinatie van ondernemers voor de duur van het project.Doel van de opdrachtVoor de volledige scope van dit ICV project zoekt het UMCG een ontwerpende partij. Het is de wens om één (1) partij te contracteren die alle ontwerpdisciplines kan leveren die nodig zijn in een dergelijk project. Architectuur, interieurarchitectuur, installatieadvies, bouwfysica-advies. Iedere ontwerpdiscipline levert een eigen hoofdontwerper aan het ontwerpteam waarbij ontwerpkeuzes gemaakt worden in consensus tussen alle hoofdontwerpers en het UMCG.",Zoek aanbestedingen over geïntegreerd ontwerpadvies voor intensive care afdelingen.,Task_2
114381,1,114381,Landmeetkundige dienstverlening gemeente Vught,"De raamovereenkomst bestaat uit landmeetkundige dienstverlening voor de gemeente Vught. Dit betreft het bijhouden van de basisregistratie als ook project-specifieke inzet. De raamovereenkomst wordt aangegaan voor een periode van minimaal drie en maximaal zes jaar. De ingangsdatum van de overeenkomst is 1 maart 2022 of zoveel later als gevolg van de termijnen van de aanbestedingsprocedure. De motivering is opgenomen in het aanbestedingsdocument.Maximale te behalen omzet over looptijd inclusief optionele looptijd is € 900.000,-. Uitgangspunt is het aantal geschatte uren per functie per kalenderjaar en is opgenomen in het aanbestedingsdocument. Deze waarde vertegenwoordigt geen omzetgarantie.",Aanbestedingen landmeetkundige dienstverlening zonder omzetgarantie maximale waarde?,Task_3
76732,1,76732,Levering van hydraulisch redgereedschap.,Levering van hydraulisch redgereedschap.,Waar kan ik aanbestedingen vinden voor hydraulisch reddingsmateriaal?,Task_1
5499,1,5499,Bestrijding Japanse duizendknoop,Het bestrijden van de Japanse duizendknoop op diverse plaatsen binnen de gemeente.,Aanbestedingen bestrijding Japanse duizendknoop op gemeentelijke locaties,Task_2
121755,1,121755,Vervangen Stationsbrug Franeker.,De provincie Fryslân is voornemens om de bestaande Stationsbrug te Franeker te vervangen door een nieuwe brug.De Stationsbrug te Franeker is ruim 60 jaar oud en verkeert in een zeer matige staat. Belangrijke onderdelen hebben hun technische levensduur overschreden. In de afgelopen jaren is een aantal malen onderhoud gepleegd aan een aantal cruciale onderdelen van de brug.Nu wordt de bestaande Stationsbrug vervangen. Zowel de bestaande als de nieuwe brug is een ophaalbrug voorzien van een mechanisch bewegingswerk. De belangrijke verschillen tussen de bestaande en de nieuwe brug zijn als volgt:— doorvaartbreedte van 14 meter naar 17 meter;— ophalen val van zuidelijke richting naar noordelijke richting;— aan de zuidzijde van het beweegbare deel wordt een vaste kanodoorvaart gecreëerd;— van lokale bediening naar bediening op afstand vanuit Tsjerk Hiddessluizen Harlingen (het aanleggen van het kabeltracé tussen Harlingen en Franeker maakt geen onderdeel uit van de opdracht).,Bewering: kabeltracé is onderdeel van aanbesteding vervanging ophaalbrug?,Task_3
55601,1,55601,Landelijk onderhoudscontract CBA/CVA 2017-2020.,"De Centrale Bedien Applicatie (CBA) is een applicatie die draait in alle 5 regionale verkeerscentrales (VC's). Het biedt de wegverkeersleider de mogelijkheid camera's bij spits- en plusstroken (kortweg vaak spitsstroken genoemd) zichtbaar te maken op de videowand ten einde deze rijstroken te controleren (schouwen) op aanwezigheid van voorwerpen of stilstaande voertuigen voordat ze worden opengesteld.
               De module CVA is onderdeel van het CBA en betreft de aansturing van een deel van de openbare verlichting (OV) in het bediengebied. De wegverkeersleider kan hiermee de OV aan en uitschakelen.
               Het systeem is specifiek bedoeld voor het bedienen van de camera's naar aanleiding van meldingen en triggers uit andere systemen. Vooral bij het schouwproces bij openen en vrijmaken van spitsstroken is de bediening van camera's een 'must'. Daarnaast kunnen camera's bediend worden ten behoeve van stilstand-detectie bij incidenten en pechgevallen in de vluchthavens.",Applicatie voor controle verkeerscamera's en aansturing openbare wegverlichting,Task_1
37744,1,37744,Inhuur GGZ-Psychiater met kennis van het verzekerde pakket,Het geven van medisch-inhoudelijk advies op gebied van de GGZ ten behoeve van pakketbeheer. Het mede-opstellen van CVZ-rapporten op dit gebied. Het beantwoorden van vragen op dit gebied aan interne- en externe zorgpartijen.,Uitleg medisch advies GGZ ten behoeve van zorgpakketbeheer,Task_2
50980,1,50980,Netwerkcomponenten.,Een raamovereenkomst met één (1) dienstverlener voor de levering van netwerkcomponenten inclusief aanverwante dienstverlening.,Zijn er aanbestedingen voor netwerkcomponenten met slechts één dienstverlener?,Task_3
59516,1,59516,2016-05/LOG/elektrische personen- en bestelwagens/VW-KVD-KVM.,"Afsluiten van een raamcontract voor het leveren van personenwagens en bestelwagens, elektrische aangedreven. Voor alle voertuigen wordt prijs gevraagd voor volledige lease, aankoop met batterijhuur/batterijlease en volledige aankoop.",Aanbesteding elektrische personen- en bestelwagens met diverse lease en koopopties,Task_1
6257,1,6257,Duurzame elektriciteit en gas,Hogeschool Utrecht wil overgaan tot het sluiten van een raamovereenkomst voor levering van duurzame gas en elektriciteit met Eneco. Voor dit traject wordt gebruik gemaakt van één van de specifieke procedures uit de Aanbestedingswet 2012: de onderhandelingsprocedure zonder voorafgaande bekendmaking met vrijwillige transparantie vooraf.,Welke aanbestedingsprocedure met openheid zonder voorafgaande aankondiging?,Task_2
80596,1,80596,2-252-15 Architect voor Onderwijs en Revalidatiecentrum De Hazelaar Rotterdam,"De aanbesteding heeft samengevat betrekking op de adviesdiensten voor de architect met betrekking tot de ontwikkeling van Onderwijs en Revalidatiecentrum De Hazelaar te Rotterdam. De nieuwbouw van dit multifunctionele gebouw biedt huisvesting aan Mytylschool De Brug, Tyltylschool Rotterdam en Rijndam Revalidatie. De onderhavige overeenkomst omvat de volledige ontwerpwerkzaamheden voor de architect van het schetsontwerp tot en met de esthetische begeleiding tijdens de uitvoering.",Aanbestedingen die volledige ontwerpwerkzaamheden architecten bij nieuwbouw bevestigen?,Task_3
31214,1,31214,5-W-23190-22: Aannemer voor de realisatie Nieuwbouw OSC Stadionpark,Niet-openbare Europese aanbesteding volgens de Concurrentiegerichte dialoog t.b.v. het selecteren van een aannemer voor Onderwijs- en Sportcluster Stadionpark te Rotterdam.,Aanbestedingen voor aannemers van nieuwe onderwijs- en sportfaciliteiten,Task_1
76496,1,76496,Levering van industriële gassen.,"De opdracht betreft het leveren van bulkgassen, huren van bulktanks, leveren van standaardgassen, receptuurgassen, cilinders en cilinderpakketten, huren van dewartanks en leveren van cryoservice (met uitzondering van Helium).","Aanbesteding levering industriële gassen, tanks, cilinders en cryogene diensten",Task_2
90170,1,90170,Raamcontract: volumetrische pompen voor algemeen gebruik.,Raamcontract: volumetrische pompen voor algemeen gebruik.,Zijn er aanbestedingen voor raamcontracten voor veelgebruikte pompen?,Task_3
126006,1,126006,Europese aanbesteding voor de levering van geïntegreerde vaste/mobiele telefoniediensten.,Het leveren en onderhouden van vaste- en mobieltelefoniediensten en abonnementen.,Aanbesteding voor levering en onderhoud van vaste en mobiele telefoondiensten,Task_1
135183,1,135183,Maaien van grasvelden 2025-2028,Maaien van grasvelden op het grondgebied van Diest voor de periode 2025-2028,Zoek aanbestedingen voor het maaien van grasvelden over meerdere jaren,Task_2
86664,1,86664,School- en Kantoormeubilair,"De scope van de opdracht is:
- Het ophalen, refurbishen, leveren, inhuizen en installeren (incl. instructie gebruik)  van Yuverta meubilair;
- Het leveren, inhuizen en installeren (incl. instructie gebruik) van nieuw circulair meubilair;  
- Het leveren, inhuizen en installeren (incl. instructie gebruik) van second life meubilair;
- Correctief onderhoud van het geleverde en bestaande meubilair;
- Advies bij vervangings- en inrichtingsvraagstukken.

Het betreft het volgende meubilair:
- Kantoormeubilair (zoals bureaus, bureaustoelen, vergadertafels, vergaderstoelen en kasten)
- Schoolmeubilair (zoals leerling tafels theorie, leerling stoelen, krukken) 
- Simpel maatwerk (zoals treinzitjes en wandbanken) 
- Recreatiefmeubilair binnen (meubilair voor bijvoorbeeld kantines, personeelsruimten en gangzones)

Binnen de scope valt optioneel de volgende dienstverlening:
- Inventarisatie en beoordeling van het huidige meubilair;
- Ophalen van oud meubilair dat niet meer passend is bij Yuverta (a Gebaseerd op voorgaande jaren wordt verwacht dat de opdrachtwaarde van de overeenkomst ongeveer 1,5 miljoen euro is per jaar, dit betekent 12 miljoen euro voor de totale looptijd.  

De maximale waarde van de raamovereenkomst is voor de gehele looptijd is 18 miljoen euro.",Een meubilair aanbesteding heeft een verwachte waarde van twaalf miljoen euro.,Task_3
64932,1,64932,Vaste- en mobiele telefonie en bijbehorende diensten,"Hogeschool Utrecht nodigt geïnteresseerde marktpartijen uit om deel te nemen aan de aanbesteding vaste- en mobiele telefonie en bijbehorende diensten op basis van een Europese openbare procedure, zoals is vastgelegd in de Aanbestedingswet 2012. Het doel van deze aanbesteding is het selecteren en contracteren van 1 leverancier voor het leveren van vaste- en mobiele telefonie en bijbehorende diensten. De opdracht wordt gegund aan de inschrijver die de inschrijving heeft uitgebracht met de beste prijs-kwaliteitverhouding.",Zoek aanbestedingen voor vaste en mobiele telecommunicatie diensten,Task_1
114958,1,114958,"Afeer - Europees openbare aanbesteding 'Arbodienstverlening""",Afeer is een participatiebedrijf dat nu 2 jaar bestaat en de rechtsopvolger is van werkvoorzieningsschap Synergon. Met bijna 1000 medewerkers is het de grootste werkgever van Oost-Groningen. Al een aantal jaren is het verzuim binnen Afeer hoog. Er zijn diverse modellen van verzuimbegeleiding geprobeerd waarbij toch wel duidelijk is gebleken dat Eigen Regie en medicaliseren van verzuim averechts werkt. Begin 2020 is Afeer gestart met een andere wijze van verzuimbegeleiding (zie offerteaanvraag) en deze begint nu voorzichtig zijn vruchten af te werpen. Om een vruchtbare en rechtmatige samenwerking voor langere duur te verkrijgen vindt deze aanbesteding plaats.,Welke verzuimbegeleiding methoden werken averechts bij participatiebedrijven?,Task_2
63462,1,63462,Marktconsultatie — procesoptimalisatie inwinning en registratie geo-basisgegevens (verwachte einddatum: 12.11.2020),Marktconsultatie inwinning en registratie geo-basisgegevens.,Zijn er aanbestedingen die de actualiteit van ruimtelijke gegevensverzameling bevestigen?,Task_3
93292,1,93292,"Raamovereenkomst met 1 opdrachtnemer per perceel, onder de vorm van gezamenlijke overheidsopdracht bij mededingingsprocedure met onderhandeling met Europese bekendmaking voor verzekering en aanverwante diensten","Voorwerp van deze diensten:Het afsluiten van een overeenkomst voor verzekeringen en aanverwante diensten voor Gemeente Merelbeke en Autonoom Gemeente Bedrijf Merelbeke in het vast gedeelte,en in het voorwaardelijk deel voor OCMW Merelbeke en zorgband Leie en Schelde,onder de vorm van reen gezamenlijke overheidsopdrachtToelichting: De inschrijvers zijn verplicht om enkel op volledige percelen in te schrijven. Een inschrijving per post van een perceel is niet toegestaan.Inschrijvers kunnen een korting voorstellen ingeval meerdere percelen aan hen toegewezen worden.De aanbesteder behoudt zich het recht voor de overheidsopdracht in zijn geheel of bepaalde percelen of posten niet te gunnen zonder dat dit enig recht op schadevergoeding voor de deelnemers opent.De opdracht is voor het vast gedeelte opgedeeld in volgende percelen en posten:Perceel I “Arbeidsongevallen en lichamelijke ongevallen gemeen recht”...(zie opdrachtdocumenten)",Aanbesteding verzekeringen publieke entiteiten gezamenlijke opdracht percelen korting,Task_1
96449,1,96449,Marktconsultatie aanschaf Ultra low temperature vriezers,Dit betreft een Marktconsultatie voor de aanschaf van Ultra low temperature vriezers en het onderhoud hiervan.,Informatie over aanbestedingen ultra lage temperatuur vriezers en service.,Task_2
63507,1,63507,Gegevensfabriek Oplossing (GFO),"De Belastingdienst zoekt een Gegevensfabriek Oplossing (GFO), bestaande uit Programmatuur, Onderhoud en Support, opleiding en Additionele dienstverlening, voor een model- en metadata gedreven gegevensverwerkingsengine die wordt ingebed in de setgebaseerde dienst.",Worden oplossingen voor model- en metadata gedreven gegevensverwerking aanbesteed?,Task_3
35581,1,35581,Europese aanbesteding Internationale zakenreizen en gerelateerde dienstverlening,"Onderhavige aanbesteding betreft het, door een Travel Agent, verrichten van complete dienstverlening op het gebied van de (operationele) afwikkeling van internationale zakenreizen ten behoeve van het Kadaster. Hieronder wordt ten minste, maar niet uitputtend, verstaan:",Aanbestedingen voor beheer en organisatie van internationale zakenreizen.,Task_1
19254,1,19254,"Engineer, construct en maintain Sporthal Duinwijck gemeente Haarlem.","Het Werk heeft betrekking op de nieuwbouw van een sportaccommodatie in Haarlem (NL) met 2 sporthallen en ondersteunende voorzieningen, inclusief horeca, verder genoemd „sporthal”. Naast de engineering en realisatie van het sportgebouw wordt de Buitenruimte (incl. ondergrondse infra) van deze sporthal geengineerd en gerealiseerd. Het meerjarig onderhoud van de sporthal behoort tevens tot de scope van het Werk.",Wat omvat de aanbesteding voor nieuwbouw van een sportcomplex met onderhoud?,Task_2
9766,1,9766,"Bouwkundige-, Elektrotechnische- en Werktuigkundige realisatie Nieuwbouw Noorderpoort Stadskanaal.","Bouwkundige-, Elektrotechnische- en Werktuigkundige realisatie Nieuwbouw Noorderpoort Stadskanaal.",Bevestigen aanbestedingen de behoefte aan integrale realisatie van nieuwbouw?,Task_3
8821,1,8821,Stichting LVO Aanbesteding accountancydiensten.,"Het verrichten van accountancydiensten: controle jaarrekening, controle bekostiging.",Wij zoeken accountants voor controle jaarrekening en bekostiging.,Task_1
9051,1,9051,Bewaking en bediening tunnelobjecten (tunneloperators en tunnelinspecteurs).,"Bediening en bewaking van de tunnelobjecten heeft als doel om de veiligheid van weggebruikers te waarborgen en een optimale beschikbaarheid en doorstroming te realiseren. De provincie Noord-Holland heeft met betrekking tot bediening en bewaking en de daarbij behorende overeenkomst de volgende uitgangspunten gedefinieerd:— bediening en bewaking vindt 24/7 plaats vanuit de bediencentrale van de provincie Noord-Holland door twee tunneloperators en ter plaatse door een tunnelinspecteur,— de opdracht heeft betrekking op de Waterwolftunnel, het aquaduct Amstelhoek en de Abdijtunnel.De scope van het contract bevat globaal de volgende taken/activiteiten:— bewaken en bedienen van de objecten volgens vastgestelde procedures en protocollen,— ondersteunen van zelfredzaamheid van weggebruikers en het optreden van hulpdiensten,— faciliteren en ondersteunen van onderhoud in samenwerking met de onderhoudsaannemer,— schouwen van de tunnelobjecten,— uitvoeren van inspecties ten behoeve van beheer en veiligheid,— bewaken en beveiligen van de dienstgebouwen bij de tunnelobjecten,— logging van gegevens met betrekking tot het verkeersbeeld en incidenten in en nabij de tunnel,— het bewaken en bedienen van de tunnelobjecten teneinde de veiligheid van weggebruikers te waarborgen en een optimale beschikbaarheid en doorstroming te realiseren.",Welke activiteiten omvat de exploitatie van ondergrondse infrastructuur?,Task_2
124349,1,124349,542. — DWI — ondernemersadviseur.,"Gemeente Amsterdam heeft regelmatig behoefte aan externe inhuur van diverse expertise en capaciteit. Gemeente Amsterdam nodigt geïnteresseerde ondernemers voor de vakgebieden uit om zich te registreren op het CTM platform en aan te melden voor het platform externe inhuur. Ondernemers kunnen zich aanmelden voor 1 of meerdere vakgebieden binnen. Zodra gemeente Amsterdam behoefte heeft aan externe inhuur, wordt de offerteaanvraag in het platform externe inhuur uitgezet. Ondernemers kunnen zich aanmelden voor de het platform externe inhuur conform de minimaal gestelde eisen. Aan de toelating kan geen recht op opdrachten worden ontleend.Het platform externe inhuur voor externe inhuur heeft betrekking op functies in de volgende vakgebieden (onder voorbehoud van ontwikkelingen/uitbreidingen): — arbo, — bedrijfskundig, — beleid, — (bouw) technisch, — communicatie, — facilitair, — HRM, — ICT, — inkoop, — interim management, — juridisch, — organisatie advies, — sociaal domein.",Geeft inschrijving voor raamcontracten externe expertise recht op opdrachten?,Task_3
127162,1,127162,Levering van een gele straat met open track inclusief gerelateerde dienstverlening,"Doel van deze aanbesteding is het afsluiten van een overeenkomst met een hoofdleverancier voor een periode van maximaal 10 jaren (6 jaren met een maximale verlenging van 4 jaren), betreffende:",Welke aanbestedingen betreffen een tienjarige overeenkomst met hoofdleverancier?,Task_1
39082,1,39082,Onderhoud terreinen,"De Universiteit Leiden wil voor het onderhoud van de terreinen één Opdrachtnemer contracteren. De dienstverlening voor de te onderhouden terreinen van de Universiteit Leiden wordt gezamenlijk in de markt gezet, waarvoor dezelfde condities en voorwaarden gelden.",Hoe werkt aanbesteding groenonderhoud voor meerdere locaties met één partij?,Task_2
39055,1,39055,Inhuur Niet-ICT Consultancy,De onderhavige aanbesteding heeft als doel om per 1 juni 2013 nieuwe raamovereenkomsten in te laten gaan waarbij het mogelijk is om externe specialisten uitsluitend op basis van inspanningsverplichting op tijdelijke basis te kunnen inzetten.,Inzet externe specialisten tijdelijk mogelijk op basis van inspanningsverplichting.,Task_3
110016,1,110016,Accommodatie ten behoeve van Vormingswerk,Deze tender heeft betrekking op de Europese openbare aanbestedingsprocedure inzake de accommodatie ten behoeve van Vormingswerk. De opdracht is omschreven in de leidraad en het programma van eisen.,Zoek aanbestedingen voor huisvesting ten behoeve van vormingsactiviteiten.,Task_1
99488,1,99488,Verwerking grof huishoudelijk afval,De opdracht betreft inname en scheiden van grof huishoudelijk afval (GHA) en het verwerken van de daaruit voortvloeiende deelstromen.,"Aanbesteding inname, scheiden en verwerking van grof huishoudelijk afval.",Task_2
73826,1,73826,Openbare Europese aanbesteding verhuisdiensten.,Openbare Europese aanbesteding verhuisdiensten. Er zal met 3 inschrijvers een raamovereenkomst afgesloten worden.,Stelling: aanbestedingen verhuisdiensten sluiten raamovereenkomst met drie partijen.,Task_3
11733,1,11733,"Hoogwerkers (3 stuks), kenmerk 2012-04.",Levering van 3 hoogwerkers.,Zoek aanbestedingen voor de levering van drie hoogwerkers.,Task_1
119904,1,119904,12IS203 - Meerjarige overeenkomst tegen prijslijst van diensten betreffende recurrent groenonderhoud van de militaire kwartieren. Plateau Berlaar.,Meerjarige overeenkomst tegen prijslijst van diensten betreffende recurrent groenonderhoud van de militaire kwartieren.,Aanbesteding meerjarig groenonderhoud militaire terreinen tegen prijslijst,Task_2
15225,1,15225,Raamovereenkomst: aankoop van infusiemateriaal.,Raamovereenkomst: aankoop van infusiemateriaal.,Bevestigen aanbestedingen de aankoop van medische benodigdheden via langetermijncontracten?,Task_3
104966,1,104966,Integraal onderhoud openbare ruimte,De opdracht bestaat uit het uitvoeren van de volgende werkzaamheden:— Maaien gazon— Maaien bermen— Maaien kruidenrijk grasland— Maaien oevers en watergangen— Onkruidbeheersing verharding— Veegvuilbeheersing verharding— Zwerfafval openbare ruimte— Natuurlijk afval openbare ruimte,"Zoek aanbestedingen voor groenonderhoud, verharding en afvalbeheer in de openbare ruimte.",Task_1
76774,1,76774,Administratiekantoor voor de Financiële Administratie en de Personeels- & Salarisadministratie,"Het verzorgen van de financiële administratie en in de personeels- & salarisadministratie van Attendiz. Attendiz beschikt over 32 locaties in de regio Twente, waar zowel diverse typen speciaal onderwijs (SO en VSO) als ook leerwerktrajecten worden verzorgd.",Wat zijn de vereisten voor administratieve diensten onderwijs met meerdere locaties?,Task_2
90436,1,90436,RFI het leveren en plaatsen van een tijdelijke en herbruikbare gesloten overkapping over een kunstgras sportveld.,RFI het leveren en plaatsen van een tijdelijke en herbruikbare gesloten overkapping over een kunstgras sportveld.,Zijn er aanbestedingen voor tijdelijke herbruikbare gesloten overkappingen kunstgras sportvelden?,Task_3
39430,1,39430,Bestek 954 - Dienst 2013 onderhouden van de provinciale wegen in de districten West en Oost in de provincie Utrecht.,Het onderhouden van de provinciale wegen in de districten Oost en West in de provincie Utrecht. Het werk bestaat in hoofdzaak uit:a. ter beschikking stellen van materieelb. ter beschikking stellen van werknemersc. schoonmaken van wegmeubilaird. schoonmaken (vegen en onkruid borstelen) van verhardingene. schoonmaken straat- en trottoirkolkenf. toepassen van tijdelijke afzetting met materieel van de aannemer,"Zoek aanbestedingen voor onderhoud wegen, inclusief personeel, materieel, reiniging en afzettingen.",Task_1
38530,1,38530,School- en Kantoormeubilair,Het leveren van Schoolmeubilair (perceel 1) en kantoormeubilair (perceel 2) voor de nieuwbouw locatie van Stad & Esch.,Wat omvat de aanbesteding voor meubilair bij nieuwbouw?,Task_2
28659,1,28659,Snoeibestek / Onderhoud bomen 2023-2025,"Europese aanbesteding volgens de Openbare procedure volgens hoofdstuk 2 van het ARW 2016 voor Bestek 2022-08, Raamovereenkomst snoeien bomen 2023.Het werk omvat in hoofdlijnen: - Het treffen van verkeersmaatregelen;- Activiteiten in het kader van de Flora- en faunawet;- Het snoeien van bomen;- Het vellen van bomen;- Bijkomende werkzaamheden.BUHA BV heeft het voornemen om een overeenkomst met één opdrachtnemer aan te gaan en worden gegund op basis van het gunningscriterium laagste prijs.",Aanbestedingen boomverzorging laagste prijs gunningscriterium bevestigen of weerleggen?,Task_3
115728,1,115728,"Offerteaanvraag 'Leerling Registratie Systeem', kenmerk 98 DMO 10.","De Dienst Maatschappelijke Ontwikkelingen, (hierna te noemen DMO) van de gemeente Utrecht is voornemens een overeenkomst af te sluiten met betrekking tot de aanschaf van software voor de registratie van leerlingen inclusief aanvullende dienstverlening.Naar aanleiding van onze aankondiging van de niet openbare aanbesteding van het Leerling Registratie Systeem kunt u kenbaar maken dat u mee wilt dingen naar deze opdracht. U kunt zich aanmelden door het tijdig indienen van de in deze selectieleidraad gevraagde gegevens van uw onderneming. Indien de gemeente Utrecht meer dan 5 geldige aanmeldingen ontvangt, zullen aan de hand van de ontvangen gegevens de beste vijf aanmelders worden uitgenodigd een inschrijving in te dienen.De gemeente Utrecht is in het kader van de onderhavige aanbesteding voornemens één overeenkomst af te sluiten met betrekking tot de aanschaf van software voor de registratie van leerlingen inclusief aanvullende dienstverlening. De gemeente Utrecht is voornemens om aan één leverancier de opdracht te gunnen. De opdracht wordt gegund aan de inschrijver met de economisch meest voordelige inschrijving.",Zoek aanbestedingen voor software leerlingregistratie met aanvullende dienstverlening,Task_1
121947,1,121947,"99838 – 445. – DICT – Senior ICT beheerder, specialisatie VMware.","Gemeente Amsterdam heeft regelmatig behoefte aan externe inhuur van diverse expertise en capaciteit. Gemeente Amsterdam nodigt geïnteresseerde Ondernemers voor de vakgebieden uit om zich te registreren op het CTM platform en aan te melden voor het platform Externe inhuur. Ondernemers kunnen zich aanmelden voor 1 of meerdere vakgebieden binnen. Zodra gemeente Amsterdam behoefte heeft aan externe inhuur, wordt de offerteaanvraag in het platform Externe inhuur uitgezet. Ondernemers kunnen zich aanmelden voor de het platform Externe inhuur conform de minimaal gestelde eisen. Aan de toelating kan geen recht op opdrachten worden ontleend. Het platform Externe inhuur voor externe inhuur heeft betrekking op functies in de volgende vakgebieden (onder voorbehoud van ontwikkelingen/uitbreidingen):— Arbo;— Bedrijfskundig;— Beleid;— (Bouw)technisch;— Communicatie;— Facilitair;— HRM;— ICT;— Inkoop;— Interim management;— Juridisch;— Organisatie Advies;— Sociaal Domein.",Informatie over aanmelden en vakgebieden voor gemeentelijke inhuur.,Task_2
126373,1,126373,Vervangen openbare verlichting.,Het renoveren van de bestaande OVL door het:a. vervangen van lichtpunten compleet;b. vervangen van armaturen;c. vervangen van voedingskabels;d. uitvoeren van kabelberekeningen conform NEN 1010;e. aanleveren en beheren van revisiegegevens.,Aanbestedingen voor openbare verlichting omvatten vaak vervanging van kabels en armaturen.,Task_3
91085,1,91085,"Levering van steriele chirurgische afdekmaterialen, steriele jassen en steriele custom trays.","Levering van steriele chirurgische afdekmaterialen, steriele jassen en steriele custom trays.",Waar kan ik aanbestedingen vinden voor steriele chirurgische materialen?,Task_1
103220,1,103220,VAVO Leermiddelen,De aan te besteden opdracht wordt als volgt gedefinieerd: Het leveren (via huur en koop) en distribueren en innemen van leermiddelen ten behoeve van VAVO studenten en docenten aangesloten bij mboRijnland.,Aanbesteding logistiek en beheer van lesmateriaal voortgezet volwassenenonderwijs,Task_2
18905,1,18905,Wijkonderhoud 2017-2018 perceel 5.,"Wijkonderhoud 2017-2018 wijk 5. Besteknr.: 16-2016. Het werk in deze te lezen als de dienst betreft het onderhoud van het wijkonderhoud in de gemeente Arnhem Het betreft het maaien van gazons en grasvegetaties, het knippen van hagen, onkruidbeheersing op verharding, klein herstel elementen verharding en inhuur uren ten behoeve van snoeiwerkzaamheden voor wijk 5.","Aanbestedingen voor buitenruimte omvatten vaak maaien, snoeien en onkruidbeheersing.",Task_3
87247,1,87247,1-D-34360-23 Makelaarsdiensten,"De Opdracht met kenmerk 1-D-34360-23 betreft makelaarsdiensten voor de verkoop van bedrijfsmatig vastgoed en woningen. De Opdracht is verdeeld in 2 percelen, te weten: Perceel 1 Bedrijfsmatig vastgoed en Perceel 2 Woningen.",Aanbesteding makelaarsdiensten verkoop bedrijfsmatig vastgoed en woningen,Task_1
69630,1,69630,Catering stadhuis gemeente Gorinchem.,Cateringwerkzaamheden en aanvullende werkzaamheden (o.a. vullen/reinigen combi- en koffieautomaten) op het stadhuis van de gemeente Gorinchem.,Diensten voor catering en onderhoud van koffieautomaten in een gemeentelijk pand,Task_2
114851,1,114851,Wonen in Friesland 2022 (Open-House),"Deze tender betreft de inkoopprocedure Wonen in Friesland 2022 volgens de Open House methode.Elke geïnteresseerde jeugdhulpaanbieder waarop geen uitsluitingsgronden van toepassing zijn en die aan de gestelde eisen voldoet, komt in aanmerking voor een raamovereenkomst. In het beschrijvend document is beschreven op welke wijze en waaraan de inschrijving dient te voldoen om voor een raamovereenkomst in aanmerking te komen.Naast deze opdracht worden gelijktijdig meerdere opdrachten voor de jeugdhulp in Friesland gepubliceerd op Negometrix, deze opdrachten zijn: Specialistische Jeugdhulp segment ASpecialistische Jeugdhulp segment BPleegzorg in FrieslandErnstige enkelvoudige dyslexie (EED) in Friesland.Voor instructies omtrent het digitaal aanbieden in Negometrix, wordt verwezen naar het instructiedocument Digitaal Aanbieden.",Zijn er aanbestedingen voor jeugdzorg die openstaan voor veel aanbieders?,Task_3
2129,1,2129,Aanschaf Reiniging en Desinfectie Wasstraat t.b.v. Endoscopen en Instrumentarium incl. Installatie en Onderhoud,Het UMCG is voornemens om de reiniging en desinfectie van flexibele endoscopen te centreren op één nieuw te bouwen locatie.Hiervoor is nodig de volgende apparatuur:Voorreinigingsmeubel(s)endoscopendesinfector(en)droogkast(en)registratie- en traceerbaarheidssoftwareoptioneel bakkenwasmachine (niet in deze aanbesteding opgenomen),"Aanbestedingen voor centrale faciliteit endoscoopreiniging, desinfectie en traceerbaarheid.",Task_1
7545,1,7545,Marktconsultatie Boekbestellingen,Deze publicatie betreft een Marktconsultatie voor het aandachtsgebied Boekbestellingen. Hiermee hopen wij informatie uit de markt te krijgen die ons kan helpen bij het maken van keuzes over de wijze waarop wij deze dienstverlening in de markt willen zetten. Wageningen University & Research (WUR) biedt alle potentieel geïnteresseerde partijen de gelegenheid om aan dit proces deel te nemen. De Marktconsultatie is openbaar en daartoe gepubliceerd op de platforms Mercell en TenderNed.We zijn geïnteresseerd in mogelijke oplossingen en potentiële marktpartijen betreffende dienstverlening betreffende Boekbestellingen.,Waarom wordt marktverkenning voor dienstverlening boekbestellingen gehouden?,Task_2
74166,1,74166,Inhuur senior inkoopadviseur,Inhuur senior inkoopadviseur,Bevestigen aanbestedingen de behoefte aan ervaren inkoopadviseurs?,Task_3
69113,1,69113,Onderhoud drainage.,"Het herstellen van drainage-systemen, het aanleggen van nieuwe drainage-systemen, regulier onderhoud en storingsopvolging drainage-systemen.","Aanbestedingen voor aanleg, herstel, onderhoud en afhandeling storingen drainage.",Task_1
85001,1,85001,Warmtenet Componistenbuurt,"Gemeente Zutphen ontwikkelt, in samenwerking met haar ketenpartners de lokale energiecoöperatie Zutphen Energie (ZE), Firan, Woonbedrijf ieder1 en Rijkswaterstaat, het warmteproject Componistenbuurt. In het project is de IJssel de hoofdbron voor een warmtepomp in de wijk. Met de warmtepomp wordt een MT-warmtenet gevoed dat ruim 700 flatwoningen en grondgebonden woningen van warmte zal voorzien. Ongeveer 75% van de woningen is in bezit van Woonbedrijf ieder1 – het restant is particulier bezit. Ook zes kleinere utiliteitsgebouwen zullen worden aangesloten.",Informatie over warmtepomp projecten met waterbron voor stadsverwarming,Task_2
25406,1,25406,EA Specialistische Reiniging rollend materieel.,"Het verrichten van specialistische reiniging in/aan rollend materieel in onderhoud bij NedTrain BV. Hieronder valt het in- en uitwendig verwijderen van graffiti, het reinigen na ongeval met mens en/of dier, reiniging gerelateerde werkzaamheden zoals specialistische behandeling van oppervlakken en/of materialen in/aan materieel (polijsten van beglazing, behandeling van (scheiding)wanden, et cetera).",Omvatten aanbestedingen voor reiniging van rollend materieel ook specialistische behandelingen?,Task_3
32983,1,32983,Inspectie en reiniging rioolgemalen,"De gemeente Gooise Meren voert het beheer over het riool, door dit te reinigen, inspecteren en te repareren. De levensduur van het riool wordt verlengd en de gemeente heeft zo inzicht in de staat. Groot onderhoud en herinrichtingen bovengrondse openbare ruimte kunnen aangepast worden op de levensduur van het onderliggende riool. De gemalen en pompen zijn speciale onderdelen van het riool en vergen dan ook een speciale aanpak, en gespecialiseerd beheer.Doelstelling van de aanbesteding is een opdrachtnemer te contracteren die de Opdrachtgever met zijn werkzaamheden kan ontzorgen en de hinder voor omwonenden en weggebruikers minimaliseert.",Aanbestedingen voor onderhoud riool en gemalen met aandacht voor omgeving.,Task_1
25553,1,25553,1-276-16 Staal- en constructiewerkwerkzaamheden,Raamovereenkomst met één onderneming,Uitleg nodig over raamovereenkomsten afgesloten met slechts één partij.,Task_2
70436,1,70436,"Refurbished computers, randapparatuur en recyclage/refurbishen voor onderwijsinstellingen","levering van en diensten voor refurbished computers, randapparatuur en recyclage/refurbishen voor onderwijsinstellingen",Toon aanbestedingen die duurzame IT-investeringen onderwijsinstellingen bevestigen.,Task_3
71535,1,71535,"De volledige studieopdracht voor de opmaak van een stedenbouwkundig inrichtingsplan, landschapsontwerp en de bouw van een sporthal voor de site De Bres-Leide-Slingerweg te Halle.","De stad Halle liet enkele jaren geleden een stedenbouwkundige en landschappelijke visie uittekenen onder de noemer ‘landschapspark Halle’. Hierin toont de stad duidelijk de ambitie om de Zennevallei te herwaarderen en de omgeving van de waterloop te transformeren tot een langgerekt landschapspark. Eén van de strategische plekken in deze visie is de omgeving van De Bres-Leide-Slingerweg. De zone wordt in het landschapspark aangeduid als een scharnierpunt tussen verschillende stedelijke en infrastructurele ontwikkelingen. De site ligt in het hart van de stad maar doet zich vandaag eerder voor als een stadsrandplek waar parkings en wegenis de aandacht opeisen. De stad wenst de volledige zone te transformeren tot een geïntegreerd parklandschap met ruimte voor water, sport, recreatie en natuur. Om al deze aspecten optimaal met elkaar te verweven wordt er gestreefd naar één totaalontwerp. Een van de speerpunten in de visie voor dit stadsdeel is het opnieuw openleggen van een deel van de Zenne. Om dit waar te maken gaat de stad een partnerschap aan met de Vlaamse Milieumaatschappij (VMM).",Ontwerp voor transformatie stedelijke zone naar parklandschap met openleggen rivier,Task_1
16921,1,16921,BL 4/2012 afdekmateriaal OK.,"Levering van steriel chirurgisch afdekmateriaal en sets ten behoeve van het operatiekwartier van het AZ St.-Elisabeth Herentals vzw, Nederrij 133 te 200 Herentals.",Waar vind ik uitleg over levering medisch afdekmateriaal operatiekamers?,Task_2
81788,1,81788,NU OGT - Bouwprojectmanager Schakelcollege,"Deze opdracht komt voort uit het DAS Projectmanagers en Directievoerders, en ziet op de inzet van een bouwprojectmanager tijdens de ontwerp- en realisatiefase (inclusief oplevering en nazorg) van de nieuwbouw locatie Reitse Hoevenstraat 20 te Tilburg inclusief de begeleiding van de aanbesteding voor het Engineer, Build & Maintain team.",Is er behoefte aan bouwprojectmanagers voor nieuwbouw met integrale aanbestedingsbegeleiding?,Task_3
35793,1,35793,Inburgeringsvoorzieningen,Het betreft de afbouw van de dienstverlening tbv inburgeringsvoorzieningen.,aanbestedingen voor de afbouw van inburgeringsdiensten,Task_1
77278,1,77278,"Schoonmaak, glasbewassing gym-/sportaccommodatie, 2 zwembaden en locaties Natuurcentrum Arnhem.","Schoonmaakonderhoud van gymzalen en les-en kantoorruimten (perceel 1) englasbewassing van gymzalen, les- en kantoorruimten en 2 zwembaden(perceel 2).Het doel is het aangaan van een overeenkomst per perceel met 1 partij die de door de aanbestedende dienst gewenste dagelijkse schoonmaakkwaliteit gaat leveren tegen een marktconforme prijs, gericht op blijvende kwaliteitsverbetering waarbij het uitgangspunt is dat de accommodaties schoon,veilig én functioneel moeten zijn. De huidige dienstverlener voert de schoonmaak uit totdat de nieuweovereenkomst ingaat. Het is toegestaan dat 1 marktpartij beide percelen verwerft.",Doel en omvang aanbesteding schoonmaak en glasbewassing diverse gebouwen.,Task_2
21503,1,21503,Allergie diagnostiek.,"De opdracht betreft levering van diagnostiek allergie en auto-immuun testen. Het betreffende diagnostische pakket omvat een ruim aantal bepalingen op het gebied van allergie, waarbij de bepalingen van allergenen componenten en tryptase noemenswaardig zijn gezien hun academische karakter, en op het gebied van auto-immuunziekten (met name diagnostiek naar coeliakie en antifosfolipidensyndroom). Voor al deze testen is het essentieel om kwantitatieve uitslagen te kunnen rapporteren. Vanwege efficiënt gebruik van het laboratoriumoppervlak is het zeer wenselijk om dit diagnostische pakket op 1 analyzer uit te voeren.",Aanbestedingen voor geïntegreerde allergie en auto-immuun diagnostiek op één platform.,Task_3
80705,1,80705,GA21210-2432 Regulier Onderhoud Hygiene.,Het werk bestaat in hoofdzaak uit:— verwijderen zwerfafval;— ledigen afvalbakken;— schoonmaken terreinmeubilair;— schoonmaken bebording;— schoonmaken toiletgebouwen.,Aanbestedingen voor reinigen en onderhouden van publieke buitenruimtes,Task_1
29096,1,29096,Levering en onderhoud Materieel gladheidsbestrijding Gemeente Westerkwartier,"De aan te besteden opdracht, zoals gespecificeerd in de bijgevoegde aanbestedingsstukken, betreft de Levering van gladheidbestrijdingsmaterieel inclusief bijbehorende Dienstverlening voor de gemeente Westerkwartier. Tot de werkzaamheden behoren het gebruiksklaar leveren van Materieel en Onderhoud (waaronder het uitvoeren van preventief en correctief onderhoud aan dit Materieel en het bestaande Materieel op de locaties gedurende de looptijd van het raamcontract). Tot de dienstverlening wordt ook gerekend het verzorgen van alle data en informatie rondom inzet en prestaties van ingezet Materieel. Tot het Materieel wordt gerekend sneeuwploegen, (nat)zoutstrooiers en sproeiers  zoals nader zijn beschreven in deze Aanbestedingsleidraad.",Wat omvat een aanbesteding voor winterdienst apparatuur en service?,Task_2
91276,1,91276,Raamcontract voor de levering en installatie van transportkarren ten behoeve van de zorg.,Raamcontract voor de levering en installatie van transportkarren ten behoeve van de zorg.,Bevestigen aanbestedingen de behoefte aan transportkarren in de zorg?,Task_3
74530,1,74530,"Gemeenten Giessenlanden, Leerdam en Zederik — Europese openbare aanbesteding accountant.","Op grond van artikel 213 Gemeentewet wijst de gemeenteraad 1 of meer accountants als bedoeld in artikel 393, eerste lid, van Boek 2 van het Burgerlijk Wetboek aan, belast met de controle van de jaarrekening en het daarbij aan de raad verstrekken van een accountantsverklaring en het uitbrengen van een verslag van bevindingen. De opdrachtgever is voornemens om aan 1 professionele en betrouwbare ondernemer de opdracht te gunnen.",Aanbestedingen voor accountantsdiensten: controle jaarrekening en verslag bevindingen.,Task_1
15968,1,15968,Afsluiten van een contract met betrekking tot decentrale reprografie op verschillende locaties van de Karel de Grote-Hogeschool VZW.,Afsluiten van een contract met betrekking tot decentrale reprografie op verschillende locaties van de Karel de Grote-Hogeschool VZW.,Aanbesteding print- en kopieerdiensten voor onderwijsinstelling met meerdere locaties,Task_2
126991,1,126991,Koffievoorziening/warmedrankenautomaten.,Opdrachtgever wil een overeenkomst met 1 leverancier die de koffievoorziening/warmedrankenvoorziening van de deelnemers naar een hoog kwalitatief niveau brengt en waarbij een hoge tevredenheid van de gebruikers de norm zal zijn. De leverancier is in staat om deze hoge tevredenheid te meten en actief te handhaven; de leverancier gaat hierbij pro-actief om met mogelijke veranderingen in de smaakbeleving van de gebruikers. De opdrachtnemer is verantwoordelijk voor het leveren van een goed product en een goed serviceniveau gedurende de gehele contractperiode.,Vereisen aanbestedingen meting en handhaving van hoge gebruikerstevredenheid drankvoorziening?,Task_3
61582,1,61582,31160209 Klanttevredenheidsonderzoeken,"Het implementeren van een Systeem en ondersteunende dienst (bv. advies t.b.v. inrichten klantonderzoek) voor het meten van de klanttevredenheid, -behoeften en -beleving binnen de Corporate Dienst.In paragraaf 4.2.1 is aangegeven welke documenten moeten worden ondertekend door middel van een gekwalificeerde elektronische handtekening.","Zoek aanbestedingen voor meten klanttevredenheid, behoeften en beleving.",Task_1
90452,1,90452,Groenonderhoud kalenderjaar 2015 voorbehouden aan beschutte of sociale werkplaatsen.,Groenonderhoud van de provinciale domeinen/scholen/instellingen.Groenonderhoudsdiensten aan het tuincomplex van de provinciale domeinen/scholen/instellingen van Oost-Vlaanderen voorbehouden aan beschutte of sociale werkplaatsen en initiatieven van de sociale inschakeleconomie.,Aanbestedingen voor groenonderhoud provinciale terreinen door sociale economie,Task_2
97335,1,97335,Installatietechniek en onderhoud Kampen & Overijssel,De opdracht bestaat uit Installatietechniek en onderhoud voor de gemeente Kampen en provincie Overijssel.Aanbestedende dienst voor deze aanbesteding is de gemeente Kampen en provincie Overijssel.Gemeente KampenHet uitvoeren van preventief en correctief werktuigbouwkundig onderhoud in zes gebouwen van de gemeente Kampen.Provincie OverijsselHet uitvoeren van het preventief en correctief onderhoud van de installaties en het klein bouwkundig onderhoud.,Wordt preventief en correctief installatie- en bouwkundig onderhoud uitbesteed door overheden?,Task_3
72313,1,72313,PO/CAL/2009/0210 - Raamcontract voor opmeet- en tekenwerk van stedelijke gebouwen ter voorbereiding op masterplanning en onderhoudsplanning.,Raamcontract voor opmeet- en tekenwerk van stedelijke gebouwen ter voorbereiding op masterplanning en onderhoudsplanning.,Aanbestedingen voor inmeten en tekenen stedelijke gebouwen voor lange termijn en onderhoud.,Task_1
37043,1,37043,Bedrijfskleding,"De opdracht betreft het leveren van bedrijfskleding (werkkleding, veiligheidskleding en persoonlijke beschermingsmiddelen) voor met name de buitendienstmedewerkers van de afdeling Openbare Ruimte, de havendienst en de sportaccommodaties .","Aanbesteding levering werkkleding, veiligheidskleding en beschermingsmiddelen voor publieke diensten",Task_2
57109,1,57109,Correctief onderhoud Stuwen/dammen en bijkomende werkzaamheden (DIG-7691),"Het uitvoeren van vervangend onderhoud van stuwen, dammen, inlaten en verwant kleinschalig werk (bestratings- en grondwerk) op objecten binnen het beheergebied van Rijnland.",Zijn er aanbestedingen voor onderhoud aan waterwerken inclusief grondwerk?,Task_3
21524,1,21524,EA inhuur particuliere BOA's.,De gemeente Amsterdam zoekt (in opdracht van stadsdelen en handhaving en toezicht) leveranciers voor de opdracht van inhuur van bevoegde Buitengewoon OpsporingsAmbtenaren (BOA's). Deze worden ingezet in de openbare ruimte.,Zoek aanbestedingen voor inhuur van bevoegde BOA's openbare ruimte,Task_1
44013,1,44013,Het inhuren van externe .NET medior en senior ontwikkelaars en .NET experten die het Departement Landbouw en Visserij zullen bijstaan bij het ontwikkelen van gebruikersspecifieke toepassingen.,"Deze opdracht betreft het inhuren van externe .NET medior en senior ontwikkelaars en .NET experten die het Departement Landbouw en Visserij zullen bijstaan bij het ontwikkelen van gebruikersspecifieke toepassingen.De technische en functionele bepalingen waaraan deze implementatie moet voldoen, staan opgesomd in deel III van dit bestek.",Aanbesteding inhuren .NET ontwikkelaars overheid voor gebruikersspecifieke toepassingen,Task_2
52194,1,52194,OM 10600037317 Projectleider.,OM wenst een Projectleider in te huren.,Zijn er aanbestedingen voor het inhuren van een projectleider?,Task_3
12934,1,12934,Loopbaanbegeleiders Mobiliteitscentrum Jeugdzorg Limburg,Begeleiding van boventalllige jeugdzorgwerknemers zoveel mogelijk van werk naar werk.,Aanbestedingen voor outplacement van overtollig personeel in de zorg,Task_1
42244,1,42244,"Zaaknr. 31084307: het leveren van scheepsbrandstof voor vaartuigen van de Rijksrederij en de Nationale Politie, lokale afname.",Het leveren van scheepsbrandstof aan vaartuigen van de Rijksrederij en Nationale Politie.,Informatie over aanbesteding levering brandstof voor overheids- en politiediensten,Task_2
112819,1,112819,Restafval gemeente Voorschoten,Verwerking van restafval van de gemeente Voorschoten in 2023.,Bevestigen aanbestedingen dat gemeenten restafvalverwerking uitbesteden?,Task_3
116697,1,116697,Europese aanbesteding bedrijfsverhuizingen ten behoeve van het Ministerie van Defensie.,"Het doel van de aanbesteding is:het sluiten van één (1) Raamovereenkomst met één (1) Opdrachtnemer voor het uitvoeren van bedrijfsverhuizingen inclusief het herinrichten, plaatsen en monteren van werkplekken en voorzieningen.",Zoek aanbestedingen voor bedrijfsverhuizingen inclusief inrichting en montage werkplekken.,Task_1
80832,1,80832,Europese aanbesteding LAS/LVS systeem.,Levering van leerlingen administratie-/leerlingen volg systeem aan onderwijsstichting MOVARE.,Aanbesteding systeem leerlingenadministratie en volgsysteem onderwijs.,Task_2
41482,1,41482,"Bestek 2013-31 ""Hasselterweg 2e fase"" en Bestek 2013-31A ""Hasselterweg 2e fase geluidswal"" te Zwolle",a. Het werk bestaat in hoofdzaak uit:,Deze aanbesteding introduceert de voornaamste projectonderdelen.,Task_3
5309,1,5309,Projectmanagementdiensten,"De gemeente Heerenveen is voornemens om een projectmanagementorganisatie te selecteren om een nieuwbouwproject voor het nieuwe gemeentekantoor te gaan begeleiden. De beoogde nieuwbouwlocatie is de huidige plek van het gemeentekantoor. Sloop van de bestaande opstallen maakt dan ook onderdeel uit van de opgave, evenals projectmanagement van de renovatie van het monumentale stadhuis - Crackstate genaamd - dat aan de nieuwbouw geschakeld zal worden.",Projectmanagement nieuwbouw kantoorgebouw met sloop en monumentale renovatie gezocht.,Task_1
50180,1,50180,150620 — 1930 IV — Bedrijfsvoering Privacy Officer.,"Gemeente Amsterdam heeft regelmatig behoefte aan externe inhuur van diverse expertise en capaciteit. Gemeente Amsterdam nodigt geïnteresseerde ondernemers voor de vakgebieden uit om zich te registreren op het CTM platform en aan te melden voor het platform Externe inhuur. Ondernemers kunnen zich aanmelden voor 1 of meerdere vakgebieden binnen. Zodra gemeente Amsterdam behoefte heeft aan externe inhuur, wordt de offerteaanvraag in het platform Externe inhuur uitgezet. Ondernemers kunnen zich aanmelden voor de het platform Externe inhuur conform de minimaal gestelde eisen. Aan de toelating kan geen recht op opdrachten worden ontleend.Het platform Externe inhuur voor externe inhuur heeft betrekking op functies in de volgende vakgebieden (onder voorbehoud van ontwikkelingen/uitbreidingen): — Arbo – (Bouw) technisch — Communicatie — Facilitair — Financieel — Personeel en Organisatie — ICT — Inkoop — Interim management en Advies — Juridisch — Grondzaken en gebiedsontwikkeling — Sport.",Welke vakgebieden zijn nodig voor externe expertise bij overheidsprojecten?,Task_2
17852,1,17852,Europese openbare aanbestedingsprocedure Eendaags busvervoer Atlas College.,Deze aanbesteding betreft het busvervoer van leerlingen tijdens eendaagse reizen (dagritten). Opdrachtgever kan naast het vervoer tevens aanvullende diensten vragen.,Leerlingenvervoer per bus voor dagreizen bevat opties voor aanvullende diensten.,Task_3
95561,1,95561,Kantoorpost,"Deze aanbesteding 'Kantoorpost' heeft betrekking op de verzending van ‘losse’ binnenlandse en buitenlandse post van de aanbestedende dienst, wat niet direct wordt aangemerkt als partij of bulk. Het gaat voor 80 % om poststukken met een gewicht van max. 20 gram. Het betreft post die machinaal aangebrachte adressering bevat. De post is gericht aan zowel postbussen als ook straatadressen en wordt verzonden vanuit het kantoor van BsGW te Roermond.Verdere informatie omtrent de opdracht is te vinden in de aanbestedingsleidraad en bijlagen, die te vinden zijn onder 'documenten'. Alle ondernemers die aan de eisen voldoen worden uitgenodigd een inschrijving in te dienen, zelfstandig, als samenwerkingsverband en/of door een beroep te doen op derden.",Opdracht voor verzending van machinaal geadresseerde post tot twintig gram?,Task_1
37710,1,37710,"Verwerking van (grof) restafval, gft-afval en grof tuinafval van gemeente Lansingerland en gemeente Zoetermeer","Verwerking van (grof) restafval, gft-afval en grof tuinafval van gemeente Lansingerland en gemeente Zoetermeer","Uitleg over afvalverwerking van restafval, gft en tuinafval door gemeenten",Task_2
4616,1,4616,Kantoormeubilair en aanverwante producten KVK,Kantoormeubilair en aanverwante producten,Welke aanbestedingen bevestigen investeringen in moderne kantoorinrichting en uitrusting?,Task_3
131119,1,131119,Raamovereenkomst voor schoonmaak van diverse stadslocaties en eventueel andere entiteiten tegen resultaatsverbintenis.,Raamovereenkomst voor schoonmaak van diverse stadslocaties en eventueel andere entiteiten tegen resultaatsverbintenis.,Aanbestedingen voor schoonmaak van diverse publieke locaties op basis van resultaat.,Task_1
127852,1,127852,W-(infra) installaties energie centrale + leidingentunnel.,"Het azM is voornemens om de werktuigbouwkundige infrastructuur t.b.v. de revitalisatie van de energiecentrale alsmede de leidingtunnel naar het Verheylaan 10 gebouw in de markt te zetten.De aanbesteding geschiedt volgens de openbare procedure (de openbare procedure is een aanbestedingsprocedure met maar één ronde, waarop iedere ondernemer mag inschrijven) conform de Europese richtlijn voor overheidsopdrachten 2004/18/EG en de daaruit voortvloeiende “Aanbestedingswet 2012” van 1.11.2012.Gunning vindt plaats op basis van gunningscriterium 'economisch meest voordelige inschrijving'.",Wat houdt de openbare aanbestedingsprocedure met één ronde in?,Task_2
89390,1,89390,Adviseringsdiensten voor planschade en nadeelscompensatie,Middels deze Europese openbare aanbestedingsprocedure wenst de Rijksdienst voor Ondernemend Nederland met maximaal drie (3) onafhankelijk deskundige bureau's raamovereenkomsten te sluiten voor de uitvoering van adviseringsdiensten voor ingediende schadeclaims op het gebied van Planschade en Nadeelcompensatie voor Rijksenergieprojecten. Vooraf niet bekend.,De overheid vraagt extern advies over schadeclaims bij energieprojecten.,Task_3
71146,1,71146,Dienstverlening voor langdurige zuurstoftherapie bij de patiënt thuis.,"Het uitbesteden, aan een medico-technische dienstverlener, van toestellen/vloeibarezuurstof aan huis in het kader van de langdurige zuurstoftherapie thuis, alsook een all in servicegedurende de termijn van 3 jaar en 3 keer verlengbaar met 1 jaar.Dit omvat onder meer het volgende:- het ter beschikking stellen van alle nodige toestellen- het ter beschikking stellen van alle voor de therapie benodigd medisch materiaal- installatie/onderhoud/herstel van de ter beschikking gestelde toestellen, indien nodig bij de patient thuisMomenteel zijn er ongeveer 52000 behandeldagen per jaar, verdeeld over de 2 campussen.",Aanbesteding medische apparatuur en zuurstofvoorziening thuis met volledige service,Task_1
128012,1,128012,Herontwikkeling Seeligkazerne te Breda – Ontwerpopdracht.,Scholengemeenschap De Rooi Pannen is voornemen de Seeligkazerne te Breda te herontwikkelen tot een onderwijsgebouw voor de onderwijsafdelingen MBO Horeca en MBO Toerisme/Recreatie. In de selectiefase wordt beoogd tot een selectie van vijf geschikte architectenbureaus (gegadigden) te komen in het kader van de integrale ontwerpopdracht voor de herontwikkeling van de Seeligkazerne te Breda. In de gunningsfase wordt aan de geselecteerde architectenbureaus gevraagd een ontwerpteam samen te stellen.,Criteria selectie architectenbureaus herontwikkeling onderwijsgebouw MBO opleidingen,Task_2
123885,1,123885,Europese aanbesteding catering - gemeente Bronckhorst,Europese Aanbesteding cateringdiensten gemeente Bronckhorst,Europese aanbestedingen voor cateringdiensten door gemeenten bestaan.,Task_3
56144,1,56144,"Raamovereenkomst: Houten Beschoeiingschotten en beschoeiingpalen t.b.v. Grond, Weg en Waterbouw","Het op afroep en naar behoefte leveren van houten beschoeiingsschotten en beschoeiingspalen t.b.v. de Grond, Weg en Waterbouw.",Aanbestedingen houten materialen voor oeverbescherming GWW op afroep,Task_1
7619,1,7619,Leer- en ontwikkelplatform,"Meerinzicht wil, namens de gemeenten Ermelo, Harderwijk en Zeewolde en de GR Meerinzicht, onderzoek doen naar de mogelijkheden van een leer- en ontwikkelplatform binnen de deelnemende organisaties.Het doel van de marktconsultatie is informatie-uitwisseling met marktpartijen voor een mogelijke aanbesteding.Dit is dus geen aanbesteding van een overheidsopdracht.Door middel van deze marktconsultatie wensen we inzicht te krijgen in de (on)mogelijkheden van de markt ter voorbereiding op een mogelijke aanbesteding.",Informatiebehoefte over marktconsultatie leer- en ontwikkelplatform gemeentelijke organisaties,Task_2
80091,1,80091,Europees openbare aanbesteding Wmo Hulpmiddelen,Raamovereenkomst met één onderneming,Welke aanbestedingen bevestigen raamcontracten met een enkele leverancier?,Task_3
31988,1,31988,Diensten Ruimtelijke Ordening,"De OWO-gemeenten hebben het voornemen om meerdere leveranciers te contracteren middels raamovereenkomsten voor ingenieursdiensten voor beleidsplannen met betrekking tot de fysieke leefomgeving, onderdeel: Planologie in verschillende disciplines.In algemene termen omvat deze raamovereenkomst producten welke een bijdrage leveren aan de ruimtelijke kwaliteit van de OWO-gemeenten en die hun basis vinden in de Wet Ruimtelijke Ordening (Wro) tot 1-1-2023 en de Omgevingswet (Ow) die naar verwachting gaat gelden op 1-1-2023. De overgangsperiode Wro en Omgevingswet maakt deel uit van deze raamovereenkomst.",Aanbestedingen voor planologisch advies ruimtelijke kwaliteit en omgevingsvraagstukken,Task_1
3473,1,3473,Europese aanbesteding beheerorganisatie RVKO,"De Rotterdamse Vereniging voor Katholiek Onderwijs (hierna RVKO) is voornemens de organisatie van de beheeractiviteiten ten behoeve van het onderhoud van haar vastgoedportefeuille aan te besteden. Het voornaamste doel van deze aanbesteding is om op een objectieve, transparante wijze één beheerorganisatie te selecteren, welke primair invulling geeft aan de tactische en operationele werkzaamheden ten aanzien van het beheer en onderhoud en secundair een bijdrage levert aan de verwezenlijking van de ambities van de RVKO. Het betreft een overeenkomst van 3 jaar met 2 maal de mogelijkheid om met 1 jaar te verlengen.

De portefeuille bestaat uit 105 schoolgebouwen gelegen in Rotterdam en 9 randgemeenten. De schoolgebouwen hebben een omvang van circa 150.000 m2 bruto vloeroppervlak en huisvesten in totaal ruim 22.000 leerlingen. Het juridisch eigendom van de schoolgebouwen ligt voor ongeveer twee derde van de objecten bij de RVKO en voor een derde bij derden, voornamelijk gemeenten. Zie selectieleidraad.",Aanbesteding beheeronderhoud schoolvastgoed: selectie criteria en omvang portfolio.,Task_2
43776,1,43776,Aankoop van ICT security producten en oplossingen,UZ Leuven wenst een contract met meerdere leveranciers af te sluiten om ahv. mini-competities specifieke opdrachten en contracten ivm. ICT security te kunnen gunnen.,Aanbestedingen voor ICT beveiliging via raamovereenkomsten met mini-competities zijn actueel.,Task_3
86513,1,86513,Levering ijzer(tri)chloride (FeCl3),"Inschrijver dient minimaal het volgende product te kunnen leveren gedurende de looptijd van de overeenkomst: 
ijzer(tri)chloride oplossing (40%), 
gehalte ijzer(tri)chloride: 39%-41% (w/w)
ijzergehalte 13,4%-14,2% (w/w)
ABM-classificatie B of C. 230 ton Fe/jaar","Aanbestedingen voor ijzeroplossing met ijzergehalte 13,4-14,2% en classificatie B of C.",Task_1
73724,1,73724,Europese aanbesteding onderwijsmeubilair,Het doel van deze aanbesteding is het contracteren van een Inschrijver voor de levering van,Welk doel dient het contracteren van een inschrijver bij leveringen?,Task_2
85633,1,85633,Besloten Taxivervoer perceel 1 Besloten Landelijk Taxivervoer,"Let op: deze aanbesteding bestaat uit 2 percelen: Perceel 1 Besloten Landelijk Taxivervoer en perceel 2: Besloten Landelijk VIP taxivervoer. Dit betreft de afmelding van perceel 1. Afmelding van perceel 2 volgt later afzonderlijk.
De aankondiging van deze aanbestding is in september 2023 gepubliceerd via Negometrix onder nummer 224802. Vanwege het sluiten van Negometrix is afmelding via Negometrix niet meer mogelijk.",Is afmelding van alle percelen voor vervoer reeds voltooid?,Task_3
39696,1,39696,Bureaustoelen t.b.v. het College voor zorgverzekeringen,Het College voor zorgverzekeringen verzoekt u een offerte uit te brengen voor de levering van 100 bureaustoelen in 2013 en 100 bureaustoelen in 2014.,Welke aanbestedingen vragen om jaarlijkse levering van honderd bureaustoelen?,Task_1
114645,1,114645,Open House — jeugdbescherming en jeugdreclassering en activiteiten in het preventief justieel kader regio Haaglanden 2020-2024,"Let op: vanwege geen beschikbaarheid kopersprofiel formulier op tenderned is dit formulier gekozen voor een bestaande open house.Elektronische toegang tot de inkoopdocumenten zijn rechtstreeks en gratis beschikbaar op: https://sbjh.nlVerzoek tot deelneming aan deze open house, informatie over herzieningen: hetzelfde webadres als hierboven genoemd.Dit betreft een doorlopende procedure. Er is geen mogelijkheid tot het stellen van vragen in het kader van de nota van inlichtingen. Vragen bij onduidelijkheden kunt u stellen via contractbeheer@h10inkoop.nl onder vermelding van ""Open House Jeugdbescherming en Jeugdreclassering en activiteiten in het preventief justieel kader""In tegenstelling tot de informatie op TenderNed betreft deze procedure geen Openbare aanbestedingsprocedure, maar een Open House model.In tegenstelling tot de informatie op TenderNed vind er geen ranking van de aanmeldingen plaats op basis van prijs e/o kwaliteitscriteria.",Hoe verschilt een open house model van een openbare aanbesteding?,Task_2
134721,1,134721,Competentieversterkende Finaliteitsopleidingen (CVFO) ICT Brussel,Nederlandstalige ICT opleidingen voor werkzoekenden in het Brussels Hoofdstedelijk Gewest,Er bestaan aanbestedingen voor Nederlandstalige ICT-cursussen voor werkzoekenden in Brussel.,Task_3
135893,1,135893,Impact Factory - Fase 2: Instandhoudingswerken dak,"Tweede fase van binnenstedelijk renovatie- en uitbreidingsproject ‘Impact Factory’.

Voorlopige dichting van het bestaande dak en vervanging van de daklichten van het oud industrieel pand 'de Potterij' en vervanging van het daklicht van het kantoorgebouw 'de Studio'.",Aanbestedingen voor dakrenovatie en vervanging daklichten van gebouwen tweede fase.,Task_1
97437,1,97437,"Openbare prijsvraag ""Invulling Mauritshuis als bezoekerscentrum""","Het Mauritshuis wordt in de periode 2019-2021 volledig ingericht als bezoekerscentrum voor de Stelling van Willemstad, onderdeel van de Zuiderwaterlinie. Het doel is om het Mauritshuis in te richten met eigentijdse, interactieve tentoonstellingen die de verhalen van de Stelling van Willemstad, de Zuiderwaterlinie, Willemstad en natuurlijk het Mauritshuis zelf beleefbaar maken. Hiermee krijgt het Mauritshuis een belangrijke toeristische functie die naar verwachting meer bezoekers naar het Mauritshuis trekt en bezoekers verleidt om de rest van de Stelling van Willemstad en de Zuidwaterlinie te bezoeken.Het doel van deze Openbare prijsvraag is om ondernemers uit te dagen met een creatieve oplossing te komen voor de invulling van het Mauritshuis als multifunctioneel bezoekerscentrum. De concept plannen en ontwerpen die als de drie (3) beste oplossingen worden beoordeeld door de jury, gaan door naar de volgende fase; de onderhandelingsprocedure zonder aankondiging.",Creatieve invulling historisch gebouw als interactief bezoekerscentrum voor erfgoedverhalen?,Task_2
80394,1,80394,045-2015 Integraal Groenbestek wijk 08 en 10,Raamovereenkomst met één onderneming,Is een raamcontract met slechts één leverancier toegestaan?,Task_3
82429,1,82429,EA Honden ge- en verbruiksartikelen,"Deze opdracht betreft de levering van Honden ge- en
verbruiksartikelen en maatwerk/modificaties op artikelen ten behoeve
van de militaire werkhond. Voor deze Europese aanbesteding wordt het deel bijtpakken niet
meegenomen, dit in verband met de lage prognose. 

Het MWH-bestand omvat ca. 250 honden. Een deel van dit bestand
voert taken uit in (wereldwijde) uitzendgebieden. De levering van de
Artikelen strekt zich alleen uit voor locaties binnen Nederland,
exclusief de Waddeneilanden. In de komende jaren verwacht Defensie
een uitbreiding van het totale MWH-bestand naar ca. 300.",Aanbesteding hondenartikelen en maatwerk voor militaire werkhonden Nederland,Task_1
58950,1,58950,Raamovereenkomst: aankoop van materiaal voor regionale anesthesie.,Raamovereenkomst: aankoop van materiaal voor regionale anesthesie.,Informatie over aanbestedingen voor regionale anesthesie materialen,Task_2
12345,1,12345,EG.126038/SMI - EA Schoonmaakdienstverlening en glasbewassing ten behoeve van SintLucas.,"De wens van de Opdrachtgever is om voor de schoonmaakwerkzaamheden, glasbewassing en overige benoemde diensten te kiezen voor ??n (1) Opdrachtnemer met als doel het op de economisch meest voordelige wijze laten plaatsvinden van de schoonmaak- en glazenwasserswerkzaamheden op de locaties.",Bevestigen aanbestedingen voordelen van één leverancier voor schoonmaak en glasbewassing?,Task_3
117784,1,117784,"Zagersweg, Koolkerke",Nieuwbouw van 49 sociale woningen.,Zoek aanbestedingen voor realisatie nieuwe sociale woningen,Task_1
88090,1,88090,Projectleider Duurzaamheid in Gebiedsontwikkeling - cluster SO,"Jij bent van groene groei voor Rotterdam. Als projectleider draag jij bij aan een duurzame ontwikkeling van Rotterdam. Met hart voor de stad en de mensen die er komen, wonen en werken. Met jouw ervaring en hands-on mentaliteit draag jij bij aan het behalen van de visie, missie en doelstellingen van het project.",Hoe draagt een projectleider bij aan duurzame stedelijke groei?,Task_2
70934,1,70934,Raamovereenkomst voor diensten voor de vertegenwoordiging van Toerisme Vlaanderen in Scandinavië,"Deze opdracht heeft betrekking op een raamovereenkomst voor diensten voor de vertegenwoordiging van Toerisme Vlaanderen in Scandinavië, meer bepaald in Zweden, Denemarken en Noorwegen. De opdracht beoogt marketingactiviteiten in Scandinavië voor Toerisme Vlaanderen, gebaseerd op de Marketingstrategie van Toerisme Vlaanderen.  De opdrachtnemer zal de vraag naar reizen naar Vlaanderen en Brussel stimuleren door de reisbestemmingen Vlaanderen en Brussel te promoten bij de pers, bij de lokale travel trade en in mindere mate bij de consument. De opdrachtnemer zal door middel van persreizen, blogreizen, persconferenties en persberichten free publicity voor de reisbestemming genereren in de Scandinavische media. De opdrachtnemer zal het aanbod van reizen naar Vlaanderen en Brussel stimuleren door een plaats te verwerven voor Vlaanderen en Brussel in de reisaanbiedingen van touroperators. Dat doet de opdrachtnemer onder andere via informatieverstrekking, co-promoties, beurzen en B2B workshops. De opdrachtnemer onderhoudt relaties met belangrijke stakeholders als touroperators, reisbureaus en de pers.De opdracht wordt verder omschreven in deel III ‘Technische voorschriften’ van het bestek.",Toeristische marketing in Noord-Europa richt zich op pers en reisbranche.,Task_3
39575,1,39575,"Verwerking van (grof) restafval, gft-afval en grof tuinafval van gemeente Lansingerland en gemeente Zoetermeer.","Verwerking van (grof) restafval, gft-afval en grof tuinafval van gemeente Lansingerland en gemeente Zoetermeer.","Aanbestedingen voor verwerking grof restafval, gft en tuinafval",Task_1
35108,1,35108,Maaien Bermen en Gazons gemeente Gouda.,Het maaien van Bermen en Gazons in de gemeente Gouda.,Aanbestedingen voor maaien van bermen en gazons,Task_2
75824,1,75824,Renovatie hoofdlocatie Alliander NV.,"De opdracht bestaat uit het realiseren van de renovatie van het hoofdlocatie van Alliander NV.De werkzaamheden, voor zover vastgesteld op dit moment, bestaan uit:— bouwkundig- en constructieve werkzaamheden;— sloopwerkzaamheden, met behoud van grondstoffen;— installatietechnische werkzaamheden;— werkzaamheden aan tuin, terrein en dakterras;— afbouwwerkzaamheden (o.a. vloeren, plafonds, statisch meubilair, etc.).",Welke werkzaamheden omvat een complete renovatie van een hoofdkantoor?,Task_3
69043,1,69043,"Europese aanbesteding van het leerlingenvervoer, zwemvervoer en gymvervoer van de gemeente Maasgouw.",De opdracht bestaat uit het uitvoeren van leerlingenvervoer van de gemeente Maasgouw evenals het leerlingenvervoer gymnastiekonderwijs en schoolzwemmen van de gemeente Maasgouw.,Gemeentelijke aanbesteding voor vervoer van scholieren naar sport en zwemles.,Task_1
70576,1,70576,Raamovereenkomst voor het organiseren van dienstreizen,Raamovereenkomst voor het organiseren van dienstreizen,Informatie over aanbestedingen voor zakelijke reisarrangementen,Task_2
105944,1,105944,AV middelen - gemeente Zuidplas,Deze tender betreft de Europese aanbesteding voor de AV middelen voor het nieuw te bouwen gemeentehuis van de gemeente Zuidplas.De scope van de opdracht omvat het leveren en installeren en onderhouden van audio-visuele apparatuur.Doelstelling van deze aanbesteding is een overeenkomst te sluiten met een betrokken en deskundige partij die de levering en implementatie van de AV-middelen tegen zo gunstig mogelijke condities kan verzorgen.NegometrixDeze aanbestedingsprocedure verloopt volledig in Negometrix. De volgende instructies bevatten informatie over het digitaal aanbieden in Negometrix:- Instructie registreren op Negometrix- Instructie digitaal aanbieden,Zijn er aanbestedingen voor audiovisuele apparatuur in nieuwe overheidsgebouwen?,Task_3
39768,1,39768,ROC Midden Nederland EA Brandverzekering 2014,"ROC Midden Nederland (hierna Aanbestedende dienst) is voornemens om middels deze openbare aanbestedingsprocedure een overeenkomst aan te gaan voor een brandverzekering (CPV-code 6651000, 66515100, 66515200). De brandverzekering zal worden behandeld met tussenkomst van assurantiemakelaar Marsh Nederland.",Welke aanbestedingen zijn er voor een brandverzekeringsovereenkomst?,Task_1
102577,1,102577,Marktconsultatie Onderhoud op Automatische Externe Defibrillatoren (AED’s),De Politie overweegt om een Europese aanbesteding te publiceren voor het periodieke onderhoud op AED’s. Doel van deze aanbesteding is het afsluiten van een onderhoudscontract met 1 leverancier voor de AED’s welke circa 10 jaar oud zijn. Het uitvoeren van onderhoud op nieuwe AED’s en AED’s jonger dan 10 jaar valt buiten de scope van deze opdracht.Het betreft het uitvoeren van periodiek onderhoud op circa 2 800 AED’s die reeds in het bezit zijn van de Politie (type Lifepak 1000).Het genoemde aantal AED’s is gebaseerd op een contractduur van 2 jaar. De AED’s zijn ongeveer 10 jaar oud en bevinden zich op verschillende locaties verspreid in het land.,"Onderhoudscontract voor duizenden oudere defibrillatoren, verspreid over het land.",Task_2
82673,1,82673,Levering van Containervoertuigen,"Raamovereenkomst voor de levering van containervoertuigen. Hierbij zijn de containervoertuigen onderverdeeld in de volgende types: 
1. Containervoertuigen haakarm 8x2
2. Containervoertuigen kraanhaak 4x2
3. Containervoertuigen kraanhaak 6x2
4. Containervoertuigen kraanhaak 8x2
5. Containervoertuigen portaal 4x2
6. Containervoertuigen portaal 6x2",Zijn er verschillende soorten containervoertuigen beschikbaar via aanbestedingen?,Task_3
122039,1,122039,Gerechtsdeurwaardersdiensten.,"Jaarlijks draagt de gemeente Eindhoven tussen de 200 en 300 zaken over aan een gerechtsdeurwaarder. Deze zaken zijn verschillend van aard.Soort vorderingen.Bijstandsvorderingen.Deze vorderingen worden onderverdeeld in de volgende subcategorieën:a. te veel verstrekte periodieke bijstand voor levensonderhoud op grond van de Wet werk en bijstand (Wwb), Wet investeren in jongeren (WIJ), Besluit bijstandsverlening zelfstandigen (Bbz), Wet inkomensvoorziening oudere en gedeeltelijk arbeidsongeschikte werkloze werknemers (Ioaw), Wet inkomensvoorziening Wet inkomensvoorziening oudere en gedeeltelijk arbeidsongeschikte gewezen zelfstandigen (Ioaz) en Algemene bijstandswet (Abw);b. verstrekte bijstand in de vorm van een geldlening;c. opgelegde verhaalsbijdragen;d. bestuurlijke boetes (o.a. boete Wet kinderopvang en kwaliteitseisen peuterspeelzalen, boete Wet inburgering, boete Wwb).Voor al deze bijstandsvorderingen is een executoriale titel voorhanden, dus incassodiensten ter verkrijging van een executoriale titel maken geen deel uit van de opdracht. Opdrachtgever legt, daar waar mogelijk, vereenvoudigd derdenbeslag. De opdracht zal met name bestaan uit diensten, waarvoor inschakeling van een gerechtsdeurwaarder wettelijk vereist is (zoals beslaglegging op goederen), dan wel in de individuele zaak noodzakelijk is (bijvoorbeeld bij wanbetaling door een zelfstandige ondernemer).Overige publiekrechtelijke vorderingen:a. subsidies;b. bestuurlijke boetes;c. dwangsommen;d. kosten van bestuursdwang.Voor al deze vorderingen is een executoriale titel voorhanden. Betekening van het dwangbevel door de gerechtsdeurwaarder maakt deel uit van de opdracht.Privaatrechtelijke vorderingen.Deze vorderingen worden onderverdeeld in de volgende subcategorieën:a. Verhuur grond, onroerende en roerende zaken;b. Verkoop grond, onroerende en roerende zaken;c. Erfpachten;d. Schadeclaims;e. Kredieten verstrekt op grond van het Bankreglement Eindhoven (saneringskredieten, persoonlijke leningen en doorlopende kredieten);f. Overige privaatrechtelijke vorderingen.Voor deze vorderingen geldt dat het gehele incassotraject, inclusief de gerechtelijke procedure ter vaststelling van de vordering, vanaf de aanmaningsprocedure, deel uitmaakt van de opdracht.",Wat omvat de opdracht voor gerechtsdeurwaarders bij gemeentelijke vorderingen?,Task_1
88125,1,88125,DBME IKC Nunspeet Oost,"De gemeente Nunspeet en het schoolbestuur CNS willen een nieuwbouw IKC realiseren waar CNS en samenwerkingspartners kinderopvang SKN en peuterspeelzaal SPCP gebruik van gaan maken. De nieuwe locatie voor het IKC is in Nunspeet Oost. De opdracht betreft het ontwerp, de realisatie, het onderhoud en een energievolume garantie (DBME). De omvang is circa 3.346 m2 BVO",informatie over aanbesteding nieuwbouw multifunctioneel kindcentrum met energiegarantie,Task_2
10144,1,10144,De opdracht betreft een concessie voor dienstverlening.,"De opdracht betreft een concessie voor dienstverlening. De Concessiehouder krijgt het recht de WKO-voorziening te exploiteren ten behoeve van de (toekomstige) gebruiker(s) van het schoolgebouw. Dit recht moet worden gezien als tegenprestatie voor het ontwer-pen, realiseren, leveren (inclusief de financiering hiervan), onderhouden en beheren van de WKO-voorziening. Het exploitatierisico ligt bij Concessiehouder. Het onderhouden en beheren van de WKO-voorziening (ten behoeve van de exploitatie) vormen het hoofd-voorwerp van de opdracht.","Aanbestedingen onderhoud energievoorziening, inclusief financiering en exploitatie risico?",Task_3
80847,1,80847,Archeologie bedrijventerrein Harselaar Zuid 1a gemeente Barneveld.,Het doel van de aanbesteding is het sluiten van een raamovereenkomst door de gemeente Barneveld met één dienstverlener/partner voor het verrichten van archeologisch onderzoek op de locatie Harselaar Zuid fase 1a in de komende drie jaar.,Welke aanbestedingen zijn er voor meerjarig archeologisch onderzoek?,Task_1
131411,1,131411,"Levering, plaatsing en opstart van compacte Individuele Behandelingen Afvalwater (IBA's) in het Vlaamse Gewest.","Levering, plaatsing en opstart van compacte Individuele Behandelingen Afvalwater (IBA's) in het Vlaamse Gewest.","Compacte individuele afvalwaterzuivering: levering, plaatsing en opstart.",Task_2
114236,1,114236,Assessments en Selectie Rijkstraineeprogramma's,"De opdracht is het professioneel ondersteunen van de selectie van Rijkstrainees uit een grote groep kandidaten. Deze ondersteuning bestaat beknopt uit:a) get inventariseren van de wensen bij de ministeries (onder andere opleidingswensen, waar moet op gelet worden in de voorselectie);b) het verwerken van de aanmeldingen;c) het maken van een voorselectie en het voordragen van kandidaten aan ministeries;d) het begeleiden en adviseren van de ministeries bij selectiegesprekken;e) de (eind)evaluatie: na afronding van het selectietraject wordt aan hand van evaluatie (iedere selectiestap) met Opdrachtnemer gekeken wat kan er anders/ beter;f) gevraagd en ongevraagd adviseren over het selectieproces.",Overheidsinstanties besteden de selectie van trainees zelden uit.,Task_3
18432,1,18432,Omgevingsdienst regio Utrecht — dynamisch aankoopsysteem Flextender.,"De omgevingsdienst regio Utrecht realiseert inhuuropdrachten middels het platform www.flextender.nl Als gevolg van de nieuwe richtlijnen van de Aanbestedingswet 2012 zal het platform www.flextender.nl migreren naar een dynamisch aankoopsysteem (DAS).In deze DAS zullen inhuuropdrachten worden gepubliceerd in de volgende categorieën.— Administratief/secretarieel.— Automatisering/ICT.— Bestuurlijk.— Binnendienst/algemene dienst.— Bouwkunde/ civiele techniek.— Brandweer.— Buitendienst/groenvoorziening.— Burger-/ publiekszaken.— Dienstverlening/facilitair.— Financieel/economisch.— Gezondheidszorg.— Griffier.— Juridisch.— Onderwijs/wetenschap/cultuur.— Openbare orde en veiligheid.— Personeel/organisatie.— Ruimtelijke ordening/milieu.— Sociale zaken/Werkgelegenheid.— Sport/recreatie.— Verkeer/vervoer/nautisch.— Verkoop/ inkoop.— Voorlichting/communicatie.— Welzijn.De organisatie behoudt zich het recht voor om op een later moment een categorie toe te voegen of te wijzigen. De organisatie behoudt zich het recht voor om inhuuropdrachten binnen een bepaalde categorie op een andere wijze aan te besteden dan door middel van het DAS. Toevoegingen en/of wijzigingen zullen worden gepubliceerd op www.flextender.nl en zullen door middel van een rectificatie kenbaar worden gemaakt op TenderNed.Het DAS wordt ingesteld voor een periode van 4 jaar, ingaand op de datum van publicatie. Het is mogelijk dat extra aanbestedende diensten gebruik maken van het DAS. Indien dit het geval is zal dit door middel van een aankondiging voor het instellen van een DAS kenbaar worden gemaakt op TenderNed. Reeds toegelaten deelnemers tot het DAS van het platform www.flextender.nl hoeven zich in dat geval niet opnieuw te registreren, en komen automatisch eveneens in aanmerking voor inhuuropdrachten van de aanbestedende diensten die zich later aansluiten bij het DAS in de categorie waarvoor zij zijn toegelaten.Hoe kom ik in aanmerking voor nieuwe inhuuropdrachten?Indien u in aanmerking wenst te komen voor nieuwe inhuuropdrachten dan dient u toegelaten te worden tot het dynamisch aankoopsysteem. De aangesloten organisaties hebben in samenwerking met Flextender getracht de toetreding tot het DAS zo eenvoudig mogelijk te maken. Zie nader www.flextender.nl Dit geldt zowel voor dienstverleners die al geregistreerd zijn op flextender.nl, als voor dienstverleners die hier nog niet geregistreerd zijn.",Welke soorten tijdelijke opdrachten zijn beschikbaar via een nieuw aankoopsysteem?,Task_1
78271,1,78271,EA HBO haalbaarheidsscan.,Voor meer informatie zie www.tenderned.nl alwaar de documenten vrijelijk gedownload kunnen worden.Opdrachtgever is op zoek naar 1 of 2 leveranciers voor HBO haalbaarheidsscan. De opdracht is verdeeld over 2 percelen.,Aanbesteding zoeken voor haalbaarheidsonderzoek hoger beroepsonderwijs,Task_2
9081,1,9081,Vervanging van de productieomgeving video bij RTV rijmond.,De opdracht betreft de vervanging van de productieomgeving video bij RTV Rijnmond. Deze productieomgeving moet voor 1 juni 2013 zijn vervangen. De opdracht omvat tevens het beheer van de te leveren hardware en software voor een periode van maximaal drie jaar met de mogelijkheid om het beheer daarna twee (2) keer met één (1) jaar te verlengen.,Betreft aanbesteding vervanging video infrastructuur inclusief langdurig onderhoud?,Task_3
106081,1,106081,Wmo Begeleiding - gemeenten Westerveld en Zwartewaterland,"Vanuit de Wmo 2015 hebben gemeenten een verantwoordelijkheid om inwoners die niet op eigen kracht zelfredzaam zijn te ondersteunen. Onderdeel hiervan is het bieden van begeleiding, ofwel activiteiten gericht op het bevorderen van zelfredzaamheid en participatie van de cliënt opdat deze zo lang mogelijk in zijn/haar eigen leefomgeving kan blijven. Voor deze begeleiding (zorg in natura) hebben de gemeenten Westerveld en Zwartewaterland overeenkomsten gesloten welke lopen tot en met 31.12.2018. De overeenkomsten bevatten geen mogelijkheid tot verlenging meer. De gemeenten doorlopen daarom een contracteringsprocedure, zodat er nieuwe overeenkomsten zijn voor het uitvoeren van de diensten per 1.1.2019. Meer informatie is te lezen in de contracteringsdocumenten.",Nieuwe aanbestedingen voor Wmo begeleiding en zelfredzaamheid inwoners,Task_1
82765,1,82765,Onkruidbeheersing op verhardingen en verwijderen natuurlijk afval in de gemeente Krimpenerwaard,"- verwijderen van onkruid op verhardingen
- verwijderen van natuurlijk afval op verharding en gazon
- verwijderen van veegvuil op verhardingen
- maaien van grasparkeervakken Hoeveelheid n.t.b.","Welke werkzaamheden omvatten onkruidbeheer, afvalverwijdering en gras maaien?",Task_2
135596,1,135596,Raamovereenkomst i.v.m. het leveren van diverse (cloud) software voor het provinciebestuur Vlaams-Brabant,De opdracht omvat het verwerven van diverse software voor het provinciebestuur. Dit omvat de aankoop of huur van standaard software inclusief eventuele software maintenance en aanverwante dienstverlening. Daarnaast wenst het bestuur diverse cloud software en cloud diensten te kunnen afnemen,Zoek aanbestedingen die bevestigen: provinciebesturen kopen standaard en cloud software?,Task_3
61258,1,61258,Vervangen en aanbrengen van beschoeiing op de zandeilanden en legakkers op de Vinkeveense Plassen,"De uitvoeringswerkzaamheden bestaan hoofdzakelijk uit:— inrichten en opruimen van het opslag- en overslagterrein,— verwijderen van aanwezige begroeiing,— verwijderen van bestaande damwand,— lokaal verwijderen van restanten oude damwand,— verwijderen bestaande ankerstangen,— aanbrengen combi-damplanken incl. gordingen,— aanbrengen van gereviseerde damwand incl. nieuwe gordingen,— aanbrengen van nieuwe ankerstangen,— verwijderen van houten plankieren,— aanbrengen van kunststof plankieren,— aanbrengen van twee duiksteigers en één duiktrap,— grondwerk (ontgraven, aanvullen en ophogen),— cultuurtechnische werkzaamheden,— het uitvoeren van bijbehorende en bijkomende werkzaamheden.",Welke werkzaamheden omvat een project met oeverbeschoeiing en aanleg van steigers?,Task_1
34201,1,34201,Flexibele arbeidskrachten,"De gemeente Delft en gemeente Rijswijk zijn op zoek naar één dienstverlener, welke voor de diverse organisatieonderdelen Flexibele Arbeidskrachten kan leveren.",Aanbestedingen voor het leveren van flexibele arbeidskrachten aan gemeenten.,Task_2
96430,1,96430,OCW Nieuwsapp,Opdrachtgever wenst na het doorlopen van de Selectiefase en de Gunningsfase te komen tot een overeenkomst met één leverancier voor het ombouwen en het beheer van de OCW Nieuwsapp naar een progressieve web app. Deze leverancier dient tevens het bijbehorende Content Management Systeem (hierna CMS) te leveren. Hierbij is het randvoorwaardelijk dat deze integraal samenwerkt met de te bouwen OCW Nieuwsapp.,Aanbestedingen: één leverancier voor PWA conversie en geïntegreerd CMS?,Task_3
106057,1,106057,"Marktconsultatie - De concessie allesvergisting groen gas en warmte, locatie Eindhoven",Het doel van deze marktconsultatie is om informatie te vergaren die kan worden gebruikt bij de opzet van de aanbestedingsprocedure. Daarbij is het doel uiteraard om goede uitgangspunten te formuleren die voor zowel de concessiehouder als voor Cure werkbaar zijn.,Waarom informatie vergaren voor opzet aanbestedingen en concessiehouders?,Task_1
85287,1,85287,Uitvoering Doorstroompunt 2025-2026 in de subregio Rijnmond Zuidoost,"De dienstverlening betreft de uitvoering van de Doorstroomactiviteiten binnen de subregio Rijnmond Zuidoost. In deze subregio nemen, naast de gemeente Capelle aan den IJssel, tevens deel de gemeenten Albrandswaard, Barendrecht, Krimpen aan den IJssel, Lansingerland en Ridderkerk. De gemeente Capelle aan den IJssel is in deze de kerngemeente en is daarmee de opdrachtgever mede namens de overige gemeenten die deel uitmaken van deze subregio. 475000",Welke gemeente is hoofdopdrachtgever van regionale dienstverlening voor gemeenten?,Task_2
62936,1,62936,Monitoringskader overhevelingen,Bij de overhevelingen van geneesmiddelen van het extramurale kader naar het intramurale kader is als randvoorwaarde gesteld dat de effecten gemonitord worden. Per 1.1.2021 worden deimmunoglobulinen en Gaucher geneesmiddelen overgeheveld en per 1.1.2022 de CSF-middelen en epoëtines. In 2020 moet een nulmeting plaatsvinden voor de immunoglobulinen. De effectmeting vindt plaats in 2021/2022. Voor de epoëtines en CSF-middelen dient in de offerte de optie meegenomen worden voor een nulmeting in 2021 en een effectmeting in 2022/2023. Van iedere meting verwacht de opdrachtgever een rapportage.NB: De Gaucher geneesmiddelen worden wel overgeheveld maar de monitoring hiervan valt niet binnen deze opdracht.In de prijsopgave vragen wij om een modulaire opbouw per geneesmiddelgroep.,Welke geneesmiddelen vallen niet onder de monitoring van deze opdracht?,Task_3
81627,1,81627,WFRL-11-31008 Beveiligingsdienstverlening,"De aanbestede Opdracht omvat:
1. Objectbeveiliging en mobiele surveillances;
2. Alarmopvolging;
3. Meldkamerdiensten
 4. Aanvullende dienstverlening op afroep.

De af te sluiten raamovereenkomst heeft als ingangsdatum 01-08-2024. De gewenste looptijd is drie (3) jaar met een optie tot verlenging onder dezelfde condities en voorwaarden van maximaal één (1) x 1 jaar.
Indien de verlengingsoptie door Opdrachtgever wordt uitgeoefend, eindigt deze Raamovereenkomst van rechtswege op 31-07-2028.","Aanbestedingen voor objectbeveiliging, mobiele surveillance, alarmopvolging en meldkamerdiensten",Task_1
94215,1,94215,Transportdiensten geconditioneerd tbv DJI productiebedrijf,De scope van de Opdracht betreft:Transport (geconditioneerd) van winkelartikelen van de In-Made winkels naar DJI locaties binnen geheel Nederland op basis van de in de aanbesteding meegegeven rittenschema.Naast bovengenoemd 'Dedicated' transport maken Incidenteel transport (geconditioneerd) en Spoed transport (geconditioneerd) van winkelartikelen ook onderdeel uit van onderhavige Opdracht.,Wat omvat geconditioneerd transport van winkelartikelen in Nederland?,Task_2
92110,1,92110,Nieuwbouw crisisafdeling incl. HIC en annex medium tot low security afdeling - perceel CVVS,Nieuwbouw crisisafdeling incl. HIC en annex medium tot low security afdeling - perceel CVVS,Aanbesteding gevraagd voor nieuwbouw van een beveiligde psychiatrische zorgomgeving.,Task_3
107200,1,107200,Aanbesteding Fitness de Resident,Wij zoeken een dienstverlener die zoveel mogelijk medewerkers van de Resident met plezier laat sporten op een manier die bij hen past.Ben jij die leverancier die deze ambtenaren in Den Haag minimaal de komende 5 jaar stimuleert en helpt om te sporten en die hen laat werken aan hun gezondheid en herstel?,Aanbesteding voor plezierig sporten en gezondheid overheidsmedewerkers langdurig.,Task_1
125748,1,125748,DAB+ aanbesteding allotment 7A,"Met deze aanbesteding, uitgevoerd door Stichting ROOS, wordt een Netwerkoperator geselecteerd voor het leveren van DAB+ dienstverlening in allotment 7A. Na afronding van deze aanbesteding, dus op het moment dat winnende inschrijving bekend is geworden, houdt de rol van ROOS als aanbestedende entiteit op en zullen er overeenkomsten gesloten worden tussen de huidige individuele vergunninghouders in allotment 7A en de Netwerkoperator die deze aanbesteding voor allotment 7A heeft gewonnen.",Wat houdt de selectie van een netwerkoperator voor DAB+ in?,Task_2
133785,1,133785,Opdracht voor drukwerkdiensten voor marketing- en reclamedoeleinden,Opdracht voor drukwerkdiensten voor marketing- en reclamedoeleinden,Ondersteunen aanbestedingen het uitbesteden van marketing- en reclamedrukwerk?,Task_3
34776,1,34776,Uitrukkleding VRHM 'Onderhandelingsprocedure zonder aankondiging',"Met deze verwerving wil de VRHM een leverancier contracteren die in staat is tot het leveren van Uitrukkleding. Het betreft de levering van circa 1.900 sets Uitrukkleding. Deze uitrukkleding wordt gedragen tijdens brandweertaken zoals brandbestrijding, technische hulpverlening, incidenten met gevaarlijke stoffen en assistentie bij waterongevallen.Bij toepassing van de openbare procedure zijn geen geschikte inschrijvingen ingediend. Daardoor is de aanbestedingsprocedure met kenmerk TN 326608 afgebroken.Gezien het gestelde in de aanbestedingswet onder § 2.2.1.7. (dit betreft de ‘Onderhandelingsprocedure zonder aankondiging’) is overgaan tot het volgen van de daar genoemde procedure.Alle inschrijvers van de openbare procedure TN 326608 zijn in de vervolgprocedure 'Onderhandelingsprocedure zonder aankondiging' betrokken. De procedure is volledig doorlopen en afgerond.",Zoek aanbestedingen voor levering brandweerkleding noodsituaties.,Task_1
11053,1,11053,Overeenkomst Mobliteitsmanagement.,"Een aanbesteding voor het uitvoeren van regionale aanpak van mobiliteitsmanagement in 2 percelen:— het perceel 1 met de regio's Alphen aan den Rijn en Leiden,— het perceel 2 met de regio's Drechtsteden en Gouda.De aanpak is gericht op vraagbeinvloeding van mobiliteit. Dit betekent dat in samenwerking met partners(privaat en politiek) inzet gepleegd moeten worden op een (breed) pakket aan maatregelen van mobiliteitsmanagement om te komen tot structurele reductie van (solistisch) autogebruik om zo een bijdrage te leveren aan een betere bereikbaarheid en een beter milieu. Concrete mobiliteitsdiensten maken onderdeel uit van de aanpak.De aanpak mobiliteitsmanagement is gericht op spreiding van autoverkeer over de dag, anders reizen (andere modaliteiten dan de auto), of niet en minder reizen (flexibel werken). Dit gaat over woon-/werkverkeer, maar bijvoorbeeld ook over recreatieve vervoerstromen en logistieke processen, wanneer daarmee bijgedragen kan worden aan de doelstellingen.Van de Opdrachtnemer wordt onder meer verwacht dat hij de betreffende maatregelen die uit deze potentieonderzoeken zijn voortgekomen uitvoert of laat uitvoeren en dat genoemde partners en stakeholders bij de aanpak betrokken worden. Daarnaast onderzoekt Opdrachtnemer in overleg met betrokkenen in de regio en Opdrachtgever ook andere maatregelen die na goedkeuring door de Opdrachtgever moeten worden uitgevoerd. De Opdrachtnemer moet de maatregelen die wenselijk zijn in samenwerking met betrokken werkgevers en andere stakeholders in de betreffende regio uitvoeren. Met samenwerking wordt bedoeld dat maatregelen worden bepaald, uitgevoerd en medegefinancierd samen met het betrokken bedrijfsleven en andere partijen.De aanpak mobiliteitsmanagement gebeurt in het kader van rijksprogramma Beter Benutten en het Actieprogramma Luchtkwaliteit van de Provincie Zuid-Holland.",Werkwijze voor vermindering van autogebruik in regio's?,Task_2
84536,1,84536,Interieurbouwer,"De aanleiding voor deze opdracht is de behoefte aan een professionele en ervaren interieurbouwer voor het uitvoeren van timmerwerkzaamheden in het nieuwe Dulon College.  
 
Het onderwerp van de opdracht is het: produceren en installeren van het interieur in het collegegebouw, ontwerpen is in deze niet aan de orde. De uitstraling, het ontwerp en definitieve tekeningen zijn reeds vastgesteld en beschikbaar gesteld door de architect – deze zijn als aparte bijlagen meegezonden en onderdeel van deze aanbesteding. De opdracht betreft de inrichting van het openbaar gebied, inclusief gangen, ontvangst- en ontmoetingsruimtes. zie de leidraad voor meer informatie.",Aanbestedingen voor interieurinrichting vereisen geen nieuw ontwerp.,Task_3
47407,1,47407,Het aangaan van leningen tot financiering van buitengewone uitgaven van de in het budget 2012 voorziene kredieten voor het gemeentebestuur van Tessenderlo,Het aangaan van leningen tot financiering van buitengewone uitgaven van de in het budget 2012 voorziene kredieten voor het gemeentebestuur van Tessenderlo.,Hoe financiert een gemeente buitengewone uitgaven met leningen?,Task_1
40261,1,40261,Levering verkeersvoorzieningen.,"Levering Verkeersvoorzieningen. Voor de gemeenten Delft, Leidschendam-Voorburg, Pijnacker-Nootdoorp, Rijswijk, Werkorganisatie Duivenvoorde (gemeenten Voorschoten-Wassenaar), Westland en Zoetermeer.",Welke gemeenten zoeken leveranciers voor verkeersmaterialen en benodigdheden?,Task_2
100386,1,100386,DAS kantoormeubilair,"Welkom op het DAS voor de levering van Kantoormeubilair voor LOGOS, Stichting voor Protestants Christelijk Onderwijs te Leerdam. Via dit DAS worden op rechtmatige wijze diverse producten ingekocht op het gebied van Kantoormeubilair. Hiermee wordt beoogd een diversiteit aan aanbieders aan te spreken en de vraag en aanbod op zo'n goed mogelijke wijze bij elkaar te brengen.Dit DAS wordt gepubliceerd op grond van de aanbestedingswet 2012, en valt hiermee onder de Europese richtlijn 2014/24/EU.",Bevestigen aanbestedingen kantoormeubilair een diversiteit aan aanbieders?,Task_3
102443,1,102443,SPOU - Openbare EU aanbesteding werktuigbouwkundige installaties,Openbare EU aanbesteding voor het onderhoud aan de werktuigbouwkundige installaties bij SPO Utrecht.,Welke aanbestedingen zijn er voor onderhoud aan werktuigbouwkundige installaties?,Task_1
53997,1,53997,Hoogspecialistische Jeugdhulp Friesland.,"Hoogspecialistische Jeugdhulp betreft zeer complexe, intensieve specialistische jeugdhulp waarbij al dan niet gedwongen een klinische achtervang (Jeugdzorg Plus) setting, een driemilieuvoorziening (of vergelijkbare intramurale voorziening), noodzakelijk is. Kenmerkend voor de Hoogspecialistische Jeugdhulp is dat jeugdigen een ernstige meervoudige hulpvraag hebben.
               De aanbesteding wordt doorlopen middels een openbare aanbesteding. Binnen de Aw 2012 is in de artikelen 2.38-2.39 een bijzondere, lichte procedure opgenomen voor sociale diensten die onder de reikwijdte van bijlage XIV van  Richtlijn 2014/24/EU van het Europees Parlement de Raad vallen. De aanbestedende dienst maakt voor deze aanbesteding gebruik van deze vereenvoudigde procedure.",Definitie van complexe jeugdzorg en specifieke aanbestedingsprocedure sociale diensten.,Task_2
87718,1,87718,Europese openbare aanbesteding Vaartuigen t.b.v. Marine Etablissement Amsterdam (MEA),De opdracht betreft de levering van twee elektrisch aangedreven vaartuigen t.b.v. Marine Etablissement Amsterdam (MEA).,Bevestigen aanbestedingen de levering van elektrisch aangedreven vaartuigen voor havens?,Task_3
127003,1,127003,Raamovereenkomst beveiligde distributie.,"— deze aankondiging betreft een rectificatie van de eerdere aankondiging met ted-kenmerk: 2014/S 011-015285;— een raamovereenkomst waaronder nadere opdrachten voor beveiligde distributie van zendingen waardedocumenten en/of waardevolle producten kunnen worden verstrekt. Onder „beveiligde distributie” wordt hier verstaan: het ophalen, distribueren en bezorgen op het afleveradres van zendingen met een beperkt volume en een hoge geldwaarde waarbij met het oog op die hoge geldwaarde gebruik wordt gemaakt van speciale beveiligingsmaatregelen ten aanzien van de gebruikte voertuigen, gebouwen, processen en personeel, zoals het gebruik van voertuigen en gebouwen met diverse fysieke veiligheidsschillen, veiligheidsprocedures, screening van personeel, gericht op het voorkomen van gelegenheids-- en professionele diefstal.",Aanbestedingen voor beveiligd transport van waardevolle zendingen,Task_1
64491,1,64491,Schoonmaak- en glasbewassingsdiensten,"Het doel van de Aanbestedende dienst is het selecteren en contracteren van een Gegadigden voor de dienstverlening van schoonmaak en glasbewassing gedurende een initiële periode van vier (4) jaar. Aanbestedende dienst heeft een éénzijdige, optionele verlengingsmogelijkheid van zes keer één (1) jaar. Aanbestedende dienst kiest voor zes percelen.Elke Inschrijver mag slechts inschrijven op twee percelen, en kan dus maximaal twee percelen winnen. Inschrijvers moeten zorgvuldig bekijken welk perceel, het beste bij hen past.",Hoeveel percelen mag een inschrijver maximaal winnen bij schoonmaak aanbesteding?,Task_2
73180,1,73180,Zinnige gebruik bij dure oncolytica — inzet van dure oncolytica bij het gemetastaseerde niercel carcinoom.,"Voor het Programma Zinnige Zorg wordt een offertetraject gevoerd ter verwerving van een onderzoeksbureau/-groep dat inzicht zal genereren in de inzet van dure oncolytica bij de behandeling van het gemetastaseerde niercelcarcinoom.In 2011/2012 werd een evaluatie van de richtlijnimplementatie (richtlijn 2010) verricht waarbij bleek dat in de praktijk in ongeveer de helft van de patiënten met gemetastaseerde ziekte een van de richtlijn afwijkend advies werd gegeven. We willen de analyse actualiseren.Dit offertetraject beslaat twee delen. Het eerste deel betreft een onderzoeksopdracht voor actualisatie van de in 2011/2012 verrichte evaluatie en een kwantitatieve analyse naar de inzet van de in de richtlijn aanbevolen 1e lijnsbehandeling bij het gemetastaseerde niercelcarcinoom. Denk hierbij aan een kwantitatieve analyse met declaratie-/administratieve data. In het tweede deel willen we het beeld dat uit deze analyses rijst bespreken om aanvullende analyses (kwantitatief dan wel kwalitatief) te formuleren en uit te laten voeren zodat inzicht mogelijk is in de achtergronden van het verkregen beeld. Het is voor ons cruciaal dat de inschrijvende partij, naast toegang tot de data die kwantitatieve analyse mogelijk maakt, ook medisch inhoudelijke betekenis kan geven aan de kwantitatieve analyse. Dit kan eventueel ook in samenwerkingsverband.De bovenstaande onderzoeksopdrachten zijn in samenspraak met partijen geselecteerd: afgevaardigden van de patiëntenvereniging, de relevante beroepsgroepen/wetenschappelijke verenigingen, en zorgverzekeraars.",Onderzoek naar afwijkingen in behandeling gemetastaseerde niercelkanker ten opzichte van richtlijnen.,Task_3
41026,1,41026,Ophoging 80208151901,Ophoging 80208151901.,Welke aanbestedingen zijn er voor het ophogen van terreinen?,Task_1
91050,1,91050,Raamcontract voor het leveren en plaatsen van kantoormeubilair voor diverse diensten van het OCMW.,Raamcontract voor het leveren en plaatsen van kantoormeubilair voor diverse diensten van het OCMW.,Aanbesteding leveren en plaatsen kantoormeubilair voor publieke welzijnsdiensten,Task_2
51346,1,51346,"IJzerwaren, Gereedschappen en Werkplaatsinrichting","Het Summa College wil een raamovereenkomst sluiten met een of meerdere partijen. Aanbesteding bestaat uit drie (3) percelen. Het Summa College wil specialistische, professionele bedrijven als inschrijver vanwege de zeer uiteenlopende vraag naar materialen en gereedschappen die de vele technische MBO-opleidingen gebruiken.",Bevestigen aanbestedingen dat technische MBO-opleidingen specialistische leveranciers nodig hebben?,Task_3
18687,1,18687,MVO scannen notarieel archief,"Het archief zal gedigitaliseerd worden in verschillende projecten, ingedeeld op notaris. .",Zoek aanbestedingen voor archiefdigitalisatie projecten ingedeeld op notaris,Task_1
80754,1,80754,117324 — 787 — ICT — project architect ICT infrastructuur.,"Gemeente Amsterdam heeft regelmatig behoefte aan externe inhuur van diverse expertise en capaciteit. Gemeente Amsterdam nodigt geïnteresseerde Ondernemers voor de vakgebieden uit om zich te registreren op het CTM platform en aan te melden voor het platform Externe inhuur. Ondernemers kunnen zich aanmelden voor 1 of meerdere vakgebieden binnen. Zodra gemeente Amsterdam behoefte heeft aan externe inhuur, wordt de offerteaanvraag in het platform Externe inhuur uitgezet. Ondernemers kunnen zich aanmelden voor de het platform Externe inhuur conform de minimaal gestelde eisen. Aan de toelating kan geen recht op opdrachten worden ontleend.Het platform Externe inhuur voor externe inhuur heeft betrekking op functies in de volgende vakgebieden (onder voorbehoud van ontwikkelingen/uitbreidingen): — arbo, — (bouw) technisch, — communicatie, — facilitair, — financieel, — personeel en organisatie, — ICT, — inkoop, — interim management en advies, — juridisch.",Overzicht benodigde expertise voor externe inhuur bij overheden?,Task_2
116884,1,116884,"Oproep tot aanvraag tot deelneming – brouwer evenementen Mechelen Feest inclusief technische ondersteuning, facilitering van materialen, herbruikbare bekers, meubilair, service, investeringen en financiële sponsoring","Brouwer evenementen Mechelen Feest inclusief technische ondersteuning, facilitering van materialen, herbruikbare bekers, meubilair, service, investeringen en financiële sponsoring.Mechelen Feest vzw (verder genoemd als MF) is in de kunst- en cultuurstad Mechelen actief als coördinator, facilitator, organisator en promotor van culturele en multidisciplinaire stadsfeesten en stadsevenementen.De opdracht is opgedeeld in volgende percelen:— Perceel 1: 'Bieren'. Toelichting: MF is op zoek naar een drankenleverancier 'bieren' voor al zijn activiteiten, welke ook instaat voor de technische ondersteuning, facilitering van materialen, herbruikbare bekers, meubilair, service, investeringen en financiële sponsoring. De overeenkomst geldt voor levering tijdens de activiteiten van Mechelen houdt je warm, De zomer is van Mechelen en alle andere door ons ondersteunde activiteiten;— Perceel 2: 'Soft drinks/water – Wijn/cava'. Toe[...] (zie opdrachtdocumenten).",Leveren drankleveranciers naast dranken ook technische ondersteuning en meubilair?,Task_3
133561,1,133561,"Raamovereenkomst voor de implementatiebegeleiding van een cliëntvolgsysteem voor de CAW Groep, periode 2025-2028",CAW Groep is op zoek naar een dienstverlener met het oog op de begeleiding van de implementatie van een cliëntvolgsysteem en de begeleiding van het onderhoud van dit systeem tijdens de opstartfase. Deze opdracht vormt een flankerende opdracht bij de implementatie van het cliëntvolgsysteem die het voorwerp uitmaakt van een afzonderlijke opdracht,Zoek dienstverlener voor begeleiding implementatie en onderhoud cliëntvolgsysteem,Task_1
21988,1,21988,133428 - 1160 - Verkeer en Openbare Ruimte - Functioneel Beheerder Assets Openbare Verlichting,"Gemeente Amsterdam heeft regelmatig behoefte aan externe inhuur van diverse expertise en capaciteit. Gemeente Amsterdam nodigt geïnteresseerde Ondernemers voor de vakgebieden uit om zich te registreren op het CTM platform en aan te melden voor het platform Externe inhuur. Ondernemers kunnen zich aanmelden voor één of meerdere vakgebieden binnen. Zodra gemeente Amsterdam behoefte heeft aan externe inhuur, wordt de offerteaanvraag in het platform Externe inhuur uitgezet. Ondernemers kunnen zich aanmelden voor de het platform Externe inhuur conform de minimaal gestelde eisen. Aan de toelating kan geen recht op opdrachten worden ontleend.Het platform Externe inhuur voor externe inhuur heeft betrekking op functies in de volgende vakgebieden (onder voorbehoud van ontwikkelingen/uitbreidingen): - Arbo –(Bouw) technisch – Communicatie – Facilitair – Financieel – Personeel & Organisatie - ICT – Inkoop – Interim management en Advies – Juridisch.",Welke expertisegebieden zijn beschikbaar voor externe inhuur via een platform?,Task_2
4271,1,4271,Marktconsultatie - Inzameling en verwerking van het huishoudelijk oud papier en karton gemeente Altena (verwachte einddatum: 28-07-2023).,Deze marktconsultatie heeft tot doel mogelijkheden te verkennen en op basis daarvan een succesvolleaanbesteding voor te bereiden dan wel te onderzoeken in welke mate de markt biedt wat de gemeente Altena wenselijk acht. De marktconsultatie maakt uitdrukkelijk géén onderdeel uit van één of meerdere aanbestedingsprocedures.,Bevestigen aanbestedingen dat marktconsultaties geen deel zijn van procedures?,Task_3
31318,1,31318,Netwerkcomponenten,"De universiteit heeft behoefte aan één leverancier die de universiteit voorziet van netwerkcomponenten. De Opdracht bestaat uit: het leveren van netwerkcomponenten.het leveren van onderhoud op bestaande netwerkcomponentenhet leveren van hoogwaardig advies op het onderhavige werkterreinhet leveren van hoogwaardige dienstverlening, advies en innovatiehet verzorgen van inruil van netwerkcomponenten","Aanbesteding gevraagd: levering, onderhoud, advies en innovatie netwerkcomponenten voor instellingen.",Task_1
34072,1,34072,Marktconsultatie - Realisatie Huis van Stad en Regio (verwachte einddatum: 30-09-2022).,Bouw van het Huis van Stad en Regio (bouw resp. installatietechniek),Uitleg over aanbestedingen die bouw en installatietechniek omvatten,Task_2
4207,1,4207,Inhuur onderwijzend personeel - Detachering,"Inhuur onderwijzend personeel Raming 360.000 euro per jaar voor de inzet van onderwijzend personeel via detachering.
Raming 200.000 euro per jaar voor de inzet van onderwijzend personeel via andere opleidings- en onderwijsinstellingen.",Bevestigen aanbestedingen dat detachering onderwijspersoneel duurder is?,Task_3
21509,1,21509,Geautomatiseerd opslagsysteem (-20C) voor DNA monsters en Oligonucleotides.,Aanschaf van een geautomatiseerd opslagsysteem (-20C) voor DNA monsters en Oligonucleotides.,Oplossingen voor geautomatiseerd koelsysteem opslag laboratorium monsters,Task_1
76806,1,76806,"Gemeente IJsselstein, Gemeente Montfoort en Gemeenschappelijke regeling UW samenwerking - Europese aanbesteding 1 Accountant","Het contract met de huidige accountant binnen de gemeenten Montfoort en IJsselstein loopt af, vandaar de noodzaak deze dienst opnieuw aan te besteden. Daarnaast is er in 2014 een gemeenschappelijke regeling (Utrechtse Waarden samenwerking) opgestart die ook een accountant nodig heeft.",Redenen voor aanbesteding accountantsdiensten bij aflopend contract en samenwerking?,Task_2
101360,1,101360,Leveren en plaatsen van vuurvast materiaal in de diverse deelinstallaties van de afvalenergiecentrale van IVAGO gedurende een periode van 3 jaar,De opdracht omvat het aanbrengen van nieuwe vuurvaste materialen en of het uitvoeren van herstellingen op bestaande vuurvaste materialen in hierna vermelde zones van afvalenergiecentrale:O de vuurhaardzoneO de naverbrandingskamerO de rookgaskanalenO de stoomketels,Opdrachten voor reparatie van vuurvaste materialen in verbrandingsinstallaties beschikbaar?,Task_3
96278,1,96278,9-D-02132-19: Glasverzekering PO en VO scholen voor de gemeente Rotterdam,Een glasverzekering voor PO- en VO-scholen onder Rotterdams beheer die zorg draagt voor vlot en gedegen herstel van glasschade.,Aanbesteding glasverzekering voor basisscholen en middelbare scholen snel herstel,Task_1
44865,1,44865,"Volledige studieopdracht voor de opmaak van een masterplan, de bouw van 34 sociale woongelegenheden voor senioren en de aanleg van een park te Borgloon","WOONZO cvba is een Zuid-Limburgse sociale bouwmaatschappij met zo’n 1.200 sociale huurwooneenheden in het werkgebied Tongeren, Heers, Borgloon, Riemst en Voeren. Gedurende de looptijd van dit project zal WOONZO opgaan in de Limburgse fusiemaatschappij WIL – Wonen in Limburg.De site ‘Begijnhof’ ligt tegen de stadskern van Borgloon, op wandelafstand van het stadhuis, de Markt, het Speelhof en de kerk. Borgloon is een historische stad gelegen op een helling, hetgeen ook sterk de site karakteriseert. Momenteel staan op de site 34 geschakelde sociale bungalowwoningen voor senioren van Woonzo, een woonzorgcentrum, de rusthuis- en begijnhofkapel en de assistentiewoningen Avondrood. De kleine ‘paviljoenen’ van Woonzo zijn erg verouderd, energetisch weinig performant en ze beantwoorden met hun ene bouwlaag niet meer aan de huidige vraag naar compactheid en duurzaamheid.In dit stedelijk kerngebied stellen zich heel wat nieuwe uitdagingen. In 2021 werd al een visie opgemaakt voor de ontwikkeling van een belevingscentrum voor het deel woonzorgcentrum en de beschermde rusthuis- en begijnhofkapel. Woonzo wenst nu op deze site nieuwe sociale woongelegenheden voor senioren en private ontwikkelingen te realiseren in nauwe samenhang met een nieuwe, groene publieke ruimte. Een nieuwe bezetting van de site met kwaliteitsvolle en duurzame woningen voor senioren biedt immers de mogelijkheid om hier ook een park aan te leggen.In eerste instantie wil Woonzo het groene karakter van de site bewaren en een masterplan laten opmaken voor dit gebied. Het masterplan moet de stedenbouwkundige structuur bepalen en de gewenste beeldkwaliteit aangeven van de bebouwing en de groene, publieke ruimte. Bij de opmaak moet bijzondere aandacht uitgaan naar de relatie met de directe omgeving en de doorwaadbaarheid van de site. Het RUP Centrum Borgloon, goedgekeurd in juni 2014, belemmert momenteel een nieuwe invulling. Het is de bedoeling om aan de hand van deze ontwerpopdracht dit deel van het RUP Centrum kwaliteitsvol en verantwoord te herzien.Woonzo geeft het ontwerpteam de opdracht voor de realisatie van 34 nieuwe, kwalitatieve sociale woongelegenheden voor senioren. Ook de aanleg van het park maakt deel uit van deze opdracht. Het aantal private woongelegenheden dat stedenbouwkundig gepast is op de site zal worden bepaald in het masterplan.De opdracht omvat de volledige studieopdracht voor- de opmaak van een masterplan en ontwikkelingsstrategie voor de gehele site ‘Begijnhof’ te Borgloon (de herziening van het RUP is geen onderdeel van deze opdracht)- de bouw van 34 sociale huurwoningen voor senioren- de aanleg van een park en infrastructuur",Zoekopdracht masterplan voor duurzame sociale seniorenwoningen met parkaanleg,Task_2
88105,1,88105,Ruw maaien incl. schouw gemeente Stede Broec & Drechterland,"Het werk bestaat in hoofdzaak uit:
- Het onderhouden van: ruw gras, kruidenbermen en watergangen;
- Het verrichten van bijkomende werkzaamheden. Zie aanbestedingsdocumenten.",Aanbestedingen voor groenbeheer omvatten vaak ook watergangonderhoud.,Task_3
109890,1,109890,Warmtesysteem Beursgebied,"In de gemeente Utrecht wordt al jaren gewerkt aan een nieuw stationsgebied. In het westelijke deel van het stationsgebied, het Beursgebied, wordt in de aankomende jaren veel nieuwbouw gerealiseerd.De Gemeente Utrecht heeft hoge duurzaamheidsambities. Vanuit deze duurzaamheidsambities streeft de Gemeente Utrecht naar zo duurzaam mogelijke energieoplossingen voor deze nieuwbouw.Het collectieve warmtesysteem in het Beursgebied (BeursNet) is een warmtesysteem wat moet voorzien in een duurzame warmtevoorziening van de geplande nieuwbouw. Het systeem maakt optimaal gebruik van hernieuwbare energie uit lokaal aanwezige bronnen. Voor dit collectieve warmtesysteem wil de Gemeente een Concessieovereenkomst afsluiten.",Aanbestedingen voor duurzame energieoplossingen bij nieuwbouw via concessieovereenkomst,Task_1
131005,1,131005,Juridische bijstand en vertegenwoordiging voor rechtbanken en andere instanties van geschillenbeslechting m.b.t. het beleidsdomein Ruimtelijke Ordening in de provincie Limburg.,Juridische bijstand en vertegenwoordiging voor rechtbanken en andere instanties van geschillenbeslechting m.b.t. het beleidsdomein Ruimtelijke Ordening in de provincie Limburg.,Informatie over juridische bijstand geschillenbeslechting ruimtelijke ordening Limburg.,Task_2
126589,1,126589,Inhuur medewerker ICT voor Markten,Inhuur medewerker ICT voor Markten,Wordt tijdelijke ICT-ondersteuning ingehuurd voor commerciële bedrijfsonderdelen?,Task_3
105266,1,105266,Openbare Europese aanbesteding ademluchtduik- en communicatieapparatuur,Openbare Europese aanbesteding ademluchtduik- en communicatieapparatuur,Tenders gezocht voor benodigdheden onderwaterwerk inclusief communicatie.,Task_1
83364,1,83364,SZW EA M&E subsidieregeling financiële educatie,"Met een meerjarige monitor en evaluatie willen we inzicht krijgen in de mate waarin de verstrekte subsidie heeft bijgedragen aan het bereiken van het SZW-beleidsdoel (doeltreffendheid) en de doelmatigheid daarbij. Naast een verantwoordingsinstrument zijn de monitor en evaluatie bedoeld als leer- en ontwikkelinstrument; wat kunnen wij, scholen en andere belanghebbenden van de uitkomsten leren met het oog op de verdere beleidsontwikkeling? Het onderzoek dient de mate van succes van de regeling als instrument in zijn totaliteit te bezien, maar dient ook inzichtelijk te maken hoe de regeling is vorm gegeven binnen de diverse scholen en wat hierin werkzaam is en wat het oplevert. Verschillen en inzichten tussen de verschillende onderwijs sectoren dienen voor beide onderdelen inzichtelijk te worden gemaakt.  Via deze Aanbesteding willen we een Opdrachtnemer selecteren om een Overeenkomst af te sluiten voor de uitvoering van de monitors en evaluatie. Het onderzoek dient zich te richten op verschillende niveaus, dat van directie, docenten, leerlingen/studenten en ouders. We vragen aan u als Potentiële inschrijver om een verdere uitwerking te maken van onderstaande onderzoeksvragen en deze te specificeren naar onderzoeksgroep, zie Subgunningscriterium 1.  Het onderzoek bestaat uit twee onderdelen, namelijk: A. Monitor regeling B. Evaluatie subsidieregeling Onderdeel A dient in jaarlijkse tussenrapportages terug te komen en onderdeel B in de eindrapportage (na afloop van tijdvak 3). In beide onderdelen moet er onderscheid gemaakt worden tussen de verschillende onderwijssectoren (po, vo en mbo).","Inzicht in werking van onderwijssubsidies: monitor, evaluatie en beleidsontwikkeling.",Task_2
81622,1,81622,Europese aanbesteding voor een roosterpakket,"Het uitgangspunt van deze Europese aanbesteding is om met één geschikte Opdrachtnemer één overeenkomst aan te gaan met één licentie (gebruikersrecht) voor gebruikers van Fierder Onderwijs. Deze overeenkomst kan voorzien in de behoefte van aanbestedende dienst naar gebruikersrecht van een online roosterpakket, de implementatie daarvan, het leveren en inrichten van best practice (*) workflows en onderhoud van de roosterpakket applicatie. De raming van de totale opdracht bedraagt circa € 530.000,- exclusief BTW, dit is gebaseerd op de huidige kosten op basis van het prijspeil 2023.",Bevestigen aanbestedingen onderwijs online roosterpakket omvangrijke scope en kosten?,Task_3
12747,1,12747,Regio Randstad Noord - Engineering BBV 2014 L-004600 ORS 523061.,"De aankondiging is gepubliceerd op www.aanbesteden.prorail.nl. De op TenderNed gepubliceerde aankondiging is informatief van aard. Hier kunnen geen rechten aan worden ontleend.Werkzaamheden:Ten behoeve van het project Bovenbouwvernieuwing Randstad Noord 2014 uitvoeren van engineeringswerkzaamheden ter voorbereiding op een UAV-GC-contract (uitvoering) waaronder:Het inventariseren van basisgegevens, uitvoeren obstakel-, ballast-, grond- en K&L-onderzoek, ondersteunen bij aanbesteding.De fysieke werkzaamheden vinden plaats verspreid over de provincie Noord-Holland en Utrecht, onder andere groot Amsterdam, groot Utrecht en de baanvakken Zaandam – Den Helder, Zaandam – Hoorn, Amsterdam – Amersfoort en Utrecht – Woerden.",Zoek ingenieurs voor onderzoek en voorbereiding spoorwegprojecten,Task_1
96174,1,96174,Begraafplaatsbeheer- en onderhoud 2019–2023,"De opdracht bestaat uit het uitvoeren van de volgende werkzaamheden: netheid- en verzorgend onderhoud:— netheidonderhoud conform CROW KOR 2013 beeldkwaliteit B,— technische onderhoud conform CROW KOR 2013 beeldkwaliteit B,— er dient extra aandacht te zijn voor de beeldkwaliteit rond 4-5 mei en rondom allerheiligen.Taken begraafplaatsbeheerder:— jaarlijkse controle op graven,— toezicht op steenhouwers,— grafdelven en ondersteunen asbestemming,— contact met exploitant aula en afdeling dienstverlening.",Beschrijf de gevraagde werkzaamheden voor begraafplaatsbeheer en -onderhoud inclusief controles.,Task_2
71734,1,71734,Tervuren Koninklijk Museum Midden Afrika Onderhoud van de Franse tuin en het Park van Tervuren met inbegrip van aanplantingswerken voor twee jaar (twee x verlengbaar voor telkens een jaar),Tervuren Koninklijk Museum Midden Afrika Onderhoud van de Franse tuin en het Park van Tervuren met inbegrip van aanplantingswerken voor twee jaar (twee x verlengbaar voor telkens een jaar).,Weerleggen aanbestedingen de stelling van korte contracten voor tuinonderhoud?,Task_3
22024,1,22024,Dynamisch aankoopsysteem voor de levering afwateringsgoten (aan Rotterdam).,De levering van afwateringsgoten aan Rotterdam.,Zoek aanbestedingen voor inkoop van afwateringsgoten door gemeenten.,Task_1
44122,1,44122,Levering en installatie van laboratorium toestellen voor de inrichting van een AAV gentherapie platform,Levering en installatie van laboratorium toestellen voor de inrichting van een AAV gentherapie platform,Aanbesteding voor inrichting laboratorium met apparatuur voor gentherapie doeleinden.,Task_2
87810,1,87810,WMO hulpmiddelen,"Het doel van deze Europese aanbesteding is om te komen tot een Raamovereenkomst met twee Opdrachtnemers, die in opdracht van de Gemeente Delft de zorg op zich nemen voor het selecteren, leveren, aanmeten en onderhouden van Wmo hulpmiddelen, inclusief nazorg.",Gemeenten sluiten raamovereenkomsten voor hulpmiddelen met twee leveranciers.,Task_3
1019,1,1019,Marktconsultatie model- kaken en tanden,Deze marktconsultatie heeft betrekking op de voorbereiding van het aanbestedingstraject voor de aanschaf en levering van model- kaken en tanden en wordt uitgevoerd ten behoeve van Centrum voor Tandheelkunde en Mondzorgkunde.,Aanbestedingen aanschaf model kaken en tanden voor tandheelkunde?,Task_1
81047,1,81047,Interim Projectmanagement Financieel,Tijdelijke inhuur Interim Projectmanagement F&A,Aanbestedingen voor tijdelijke projectleiders met expertise in financiële en administratieve processen.,Task_2
35816,1,35816,Beleidsmedewerker maatschappelijk vastgoed.,"Het betreft hier geen dynamisch aankoopsysteem conform art. 33 Bao, aangezien het inhuur van 2b-diensten betreft. In plaats van een DAS is een e-cartotheek ingesteld, waarvoor u zich doorlopend kunt aanmelden. Zie www.ctmsolution.nl/leveranciers.In het kader van de de e-cartotheek is binnen de markplaats bouw en techniek arbeidsbemiddeling voor de volgende functie gevraagd: 1. Beleidsmedewerker maatschappelijk vastgoed.",Aanbestedingen die een e-cartotheek gebruiken in plaats van een dynamisch aankoopsysteem.,Task_3
124581,1,124581,Blauwbestek PZH 2015-2018.,"Het werk dient uitgevoerd te worden op de provinciale vaarwegen in Zuid-Holland.Voor een beschrijving hiervan, zie artikel 1.03 van het bestek en de bij het bestek gevoegde tekening.Het werk bestaat in hoofdzaak uit:a. verwijderen van begroeiing van glooiing;b. borstelen van gordingen;c. behandelen van bolders;d. schoonmaken steigers en bruggen;e. schoonmaken paalkoppen;f. schoonmaken verharding;g. reparatie oeverbekleding;h. herzetten basaltglooiing;i. schoonmaken kanaalborden;j. schoonmaken en onderhoud vaarwegmeubilair;k. werken van algemene aard;l. bijkomende werkzaamheden.","Aanbestedingen voor onderhoud, reiniging en herstel aan provinciale vaarwegen.",Task_1
108000,1,108000,10100026851 - BD/DC - Sr. Functioneel Ontwerper,Het BD wenst een Sr. Functioneel Ontwerper in te huren.,Informatie over aanbestedingen voor een senior functioneel ontwerper.,Task_2
22339,1,22339,Accountantsdiensten.,"De aan te besteden opdracht wordt als volgt gedefinieerd:
— Het als onafhankelijke deskundige uitvoeren van de accountantscontrole en het geven van een oordeel op grond van dit onderzoek als bedoeld in het onderwijscontrole protocol OCW/EL&I en vigerende wetgeving;
— Het uitvoeren van een controle op de jaarrekeningen van de rechtspersonen behorende tot de Stichting ROC West-Brabant, zie financiële structuur in bijlage I;
— Het uitvoeren van de bekostigingscontrole ten behoeve van de rijksbijdrage;
— Het uitvoeren van een nader te bepalen aantal afzonderlijke controles waarvoor ROC West-Brabant aan de rijksoverheid (ministeries) en overige subsidieverstrekkers een goedkeurende verklaring ter beschikking dient te stellen;
— Het gevraagd en ongevraagd verstrekken van adviezen, voortvloeiend uit de natuurlijke adviesfunctie.",Aanbestedingen onafhankelijke controle jaarrekeningen en bekostiging publieke onderwijssector.,Task_3
53870,1,53870,EU aanbesteding levering hardware (werkplek gerelateerde IT),Zie selectieleidraad.,Aanbestedingen met richtlijnen voor de selectie van deelnemers,Task_1
117251,1,117251,"Levering van persen, perscontainers en containers","Levering en plaatsen persen, perscontainers en containers op diverse recyclageparken in het werkingsgebied IVVO.",Details over aanbestedingen voor levering en plaatsing van afvalpersen op recyclageparken.,Task_2
9104,1,9104,Provincie Limburg: Afdeling Provinciale Wegen. Bestek 1153-2013 - Incidenteel Onderhoud Provinciale Wegen Noord.,"Het te verrichten werk bestaat in hoofdzaak uit:— opruimingswerkzaamheden,— reinigingswerkzaamheden,— grondwerken,— drainage en rioleringen,— wegverhardingen,— markeringen en wegbebakeningen,— bijbehorende werkzaamheden.",Aanbestedingen voor wegenbouw omvatten vaak zowel grondwerk als riolering?,Task_3
134379,1,134379,2023/HFB/OP/110497 - Raamovereenkomst voor een Managed Service Provider (MSP) voor ondersteuning bij opdrachten door bouwtechnische en bouwkundige profielen.,Raamovereenkomst voor een Managed Service Provider (MSP) voor ondersteuning bij opdrachten door bouwtechnische en bouwkundige profielen.,Zoek aanbestedingen voor bouwtechnische en bouwkundige ondersteuning door externe experts.,Task_1
91284,1,91284,Raamcontract voor het leveren van bouwmaterialen en toebehoren.,Raamcontract voor het leveren van bouwmaterialen en toebehoren.,Informatie over aanbestedingen voor bouwbenodigdheden en hulpgoederen.,Task_2
81321,1,81321,Straatstewards gemeente Eindhoven,"Aanbestedende dienst wenst met onderhavige opdracht een partij te selecteren die de komende jaren (2025 en 2026) straatstewards kan leveren voor zowel doordeweekse- als weekenddagen. Inzet in aandachtsgebieden waar meer dan incidenteel sprake is van (sociale) overlast en onveiligheidsgevoelens, maar bijvoorbeeld ook tijdens risicovolle voetbalwedstrijden, grootschalige (binnen)stedelijke evenementen en bij onvoorziene onveiligheidssituaties zoals manifestaties of calamiteiten. De inzet van straatstewards is gericht op het vroegtijdig signaleren en de-escaleren van conflicten en incidenten, het reduceren van overlast en verbetering van de veiligheidsbeleving. De inzet van de straatstewards vormt daarmee een aanvulling op het reeds beschikbare instrumentarium voor professionals als politie, handhaving en outreachende hulpverlening  en verschillende private partijen (waaronder horecaondernemers, winkeliers en organisatoren van evenementen). 2.000.000",Bevestigen aanbestedingen de inzet van straatstewards tegen overlast en onveiligheid?,Task_3
98464,1,98464,Ingenieursdiensten t.b.v. civieltechnische werkzaamheden voor de gemeente Urk,"Het doel van deze aanbesteding is om te komen tot een raamovereenkomst met 1 partij voor ingenieursdiensten in de civiele techniek, de werkzaamheden hebben vooral betrekking op de ontwikkeling van ‘Schokkerhoek en het Bedrijventerrein’.",Zoek aanbestedingen voor civiele ingenieursdiensten bij gebiedsontwikkeling.,Task_1
93090,1,93090,Leveringen van bakkerijproducten op afroep,"Deze opdracht betreft het leveren van bakkerijproducten op afroep, ten behoeve van de Directie Studentenvoorzieningen, Afdeling Maaltijdvoorzieningen van de Universiteit Gent, en van Hogeschool Gent.",Uitleg aanbesteding levering bakkerijproducten op afroep maaltijdvoorzieningen,Task_2
68190,1,68190,Europese aanbesteding voor de levering en onderhouden van (kleuren)multifunctionals (kopieermachines en printers) en repromachines.,"Doelstelling van dit project is de behoefte aan printen/kopiëren/scannen binnen aanbesteder optimaal in te vullen. Voor Het Wartburg College is het doel een overeenkomst af te sluiten voor een periode van 48 maanden, met een mogelijkheid tot verlenging met twee maal 12 maanden. Voor De Gomarus Scholengemeenschap is het doel een overeenkomst af te sluiten voor een periode van 36 maanden, met een mogelijkheid tot verlenging met twee maal 12 maanden. De ingangsdatum voor Gomarus ligt 12 maanden verder in de tijd.",Hebben aanbestedingen voor printservices altijd dezelfde contractduur en ingangsdatum?,Task_3
117766,1,117766,"Flexibele endoscopen met toebehoren, lichtbronnen, processoren en onderhoudscontract","Flexibele endoscopen met toebehoren, lichtbronnen, processoren en onderhoudscontract.",Waar vind ik aanbestedingen voor flexibele endoscopie apparatuur en service?,Task_1
114262,1,114262,Bedrijfskleding en Schoeisel,"Ergon wenst in het kader van de inkoop van Bedrijfskleding & Schoeisel, door middel van deze aanbesteding, per perceel één Inschrijver te selecteren voor de levering van Bedrijfskleding & Schoeisel.",Aanbesteding voor selectie leverancier bedrijfskleding en schoeisel per perceel,Task_2
32013,1,32013,Onderhandelingsprocedure Mondzorg 2022 (1),"De scope van deze inkoopprocedure bestaat uit de volgende dienstverlening:1) Justitiële mondzorg: Het verlenen van mondzorg aan Justitiabelen conform het Vademecum. De te leveren mondzorg vindt plaats in de JI, tijdens Kantooruren en op een vooraf afgesproken tijdstip. Mondzorg omvat tevens deelname van de Tandarts aan diverse vormen van overleg in de JI, ter ondersteuning van de kwaliteit van de gezondheidszorg in de JI’en. Verder betreft Mondzorg deskundigheidsbevordering, zowel van de Tandartsen zelf als van andere zorgverleners in de JI’en.2) Spoedmondzorg: De niet-uitstelbare spoedeisende mondzorg in het kader van de uitvoering van de in eis 8 van het Programma van Eisen beschreven spoeddienstregeling, die niet in afgesproken uren kan plaatsvinden.Ondersteuning justitiële mondzorg zal niet bij elk perceel worden afgenomen. Dit varieert per Justitiële Inrichting.",Wordt mondzorg voor justitiabelen enkel tijdens kantooruren geleverd?,Task_3
92510,1,92510,Aankoop op afroep over een periode van 4 jaar van signalisatiematerialen en hulpmaterialen,Aankoop op afroep over een periode van 4 jaar van signalisatiematerialen en hulpmaterialen.,"Zoek aanbestedingen voor signalisatie en hulpmiddelen op afroep, vierjarig contract.",Task_1
107552,1,107552,"Inzameling van huishoudelijk afval, uitvoeren van het containermanagement en het beheer van de milieustraat in gemeente Nijkerk","De huidige inzamelcontracten voor het gft-, PD- en restafval, glasverpakkingen en kca lopen ten einde. Ook het huidige contract voor het uitvoeren van het containermanagement en voor de exploitatie en beheer van de gemeentelijke milieustraat loopt af. De gemeente wenst voor het uitvoeren van deze werkzaamheden één opdrachtnemer. Redenen hiervoor zijn de onderlinge verwevenheid van de diverse onderdelen van deze opdracht en de te verwachten efficiencyvoordelen bij het bundelen van de diverse onderdelen in 1 opdracht.
               Gezien de omvang van de opdracht, dient een Europees aanbestedingstraject doorlopen te worden.",Waarom worden afvalinzameling en milieustraatbeheer gebundeld in één aanbesteding?,Task_2
113256,1,113256,Interieurbeplanting,"Her-aanbesteding na intrekken tender 154321 Interieurbeplanting voor het leveren en onderhouden van natuurlijke en niet-natuurlijke interieurbeplanting, inclusief aanverwante dienstverlening in de verschillende kantoorpanden.",Zijn er her-aanbestedingen voor natuurlijke en kunstmatige kantoorbeplanting?,Task_3
88155,1,88155,Raamovereenkomst bodemonderzoeken en bodemadvies,"Raamovereenkomst voor bodemonderzoeken en bodemadvies civiele projecten voor de domeinen Beheer openbare ruimte en Ruimtelijke ontwikkeling voor de gemeenten Bergen, Uitgeest, Castricum en Heiloo Raamovereenkomst met intiële looptijd van 2 jaar en twee verleningingsopties van 12 maanden",Zoek aanbestedingen bodemonderzoek en advies voor openbare ruimte en ruimtelijke ontwikkeling.,Task_1
122322,1,122322,Landelijk — beheerde netwerken beheer en advies en ontwerp.,"De scope van de aanbesteding omvat het beheer van de ProRail beheerde netwerken. Deze netwerken bestaan uit het Fides netwerk, aan Fides gekoppelde randnetwerken en andere losstaande netwerken. De belangrijkste netwerken zijn:— Fides – MPLS netwerk;— SpoorLAN – Ethernet/LAN netwerk;— Datacenter LAN;— GTN – Generieke toegangsnetwerk ProRail;— Onderpost Commmunicatie Netwerken (OCN);— Functionele netwerken (niet in de figuur opgenomen).",Uitleg over de scope van netwerkbeheer en de typen netwerken?,Task_2
130416,1,130416,Onderhoud bermen 2025-2029,"De werkzaamheden bestaan in hoofdzaak uit: 
- controleren van bermsloten; 
- maaien van bermen (inclusief bijmaaien); 
- bijmaaien van gietranden, banken / picknicksets; 
- uitmaaien bermsloten; 
- het toepassen van verkeersmaatregelen;
- het inzetten van werknemers en materieel. Jaren 2025-2029",Aanbestedingen voor bermbeheer omvatten vaak verkeersmaatregelen en slootonderhoud.,Task_3
121761,1,121761,OMOP Amsterdamse Tunnels.,Een OMOP contract t.b.v. het onderhoud aan mechanisch elektrische installaties van diverse Amsterdamse tunnels.,Zoek aanbestedingen voor onderhoud van mechanisch elektrische installaties in tunnels,Task_1
53500,1,53500,Robotchirurgiesysteem.,"Chirurgische robot: voorziening, levering, installatie, inwerkingstelling, incl. raamcontract voor toebehoren en onderhoud.","Uitleg over aanbestedingen voor chirurgische robots, inclusief installatie en onderhoudscontract.",Task_2
104959,1,104959,Marktconsultatie monitoring sociaal domein - gemeente Rheden,"De gemeente wil een integraal monitoringssysteem ontwikkelen. De monitor wordt opgehangen aan de global goals. Per global goal worden één of meerdere streefwaarde(n) opgesteld; die geven aan wat de gemeente Rheden wil bereiken met het beleid. De streefwaarden zijn meetbaar. De prestatie-indicatoren geven aan welke acties de gemeente onderneemt om de streefwaarden te behalen. De prestaties zijn ook meetbaar. Aan elke prestatie hangt een budget. Zowel de streefwaarden als prestaties worden overzichtelijk en visueel aantrekkelijk weergegeven in het systeem. In één oogopslag kan iedere beleidsmedewerker zien of beleid en budget in balans zijn; dus of de streefwaarden worden behaald binnen het budget zoals begroot.
               Deze marktconsultatie zal gebruikt worden om meer informatie te verkrijgen van de markt.",Monitoringssystemen meten streefwaarden voor global goals en prestatie-indicatoren,Task_3
107709,1,107709,Europese aanbesteding voor het huren en onderhouden van MFP’s en een repromachine en het leveren van beheersoftware en supplies,"De doelstelling van deze aanbesteding is de behoefte aan printen, kopiëren en scannen (via de MFP’s en een repromachine) van de aanbestedende dienst optimaal in te vullen. De aanbestedende dienst wenst dit doel te realiseren door middel van een Europese aanbesteding voor het huren en onderhouden van MFP’s en een repromachine (optioneel) en het leveren van software en supplies volgens een openbare procedure. Deze aanbesteding zal moeten leiden tot uniforme dienstverlening, prijsstelling, expiratiedatum en voorwaarden voor de aanbestedende dienst.","Zoek aanbestedingen voor print-, kopieer- en scanoplossingen inclusief onderhoud en supplies.",Task_1
118229,1,118229,Onderzoek naar de aanwezigheid van stikstofverbindingen in het freatische grondwater - regio Mechelen-StTruiden-Houthalen - campagne 2021,"De opdracht bestaat erin om van ca. 275 putten (724 putfilters) van het freatische grondwatermeetnet (beheer VMM) op basis van twee meetcampagnes binnen eenzelfde kalenderjaar grondwaterstalen te nemen, waarbij de eerste meetcampagne alle putfilters omvat en de twee zich beperkt tot de bovenste twee filterniveaus. De grondwaterstalen worden geanalyseerd op een reeks parameters, met name de anorganische hoofdkationen en hoofdanionen met inbegrip van de stikstofcomponenten, enkele zware metaal- en zoutionen, een uitgebreid aantal pesticiden, VOCL’s en de fysico-chemische parameters. Voor het merendeel van de genomen waterstalen dienen ionenbalansen te worden opgesteld. Bijkomend zijn peil- en dieptemetingen uit te voeren voor alle putfilters. De eerste meetcampagne wordt tijdens het voorjaar uitgevoerd, de tweede tijdens het najaar.",Opdracht voor analyse grondwaterstalen op diverse parameters en meetcampagnes,Task_2
97716,1,97716,Aanbesteding telefonische bereikbaarheidsoplossing tbv Lentiz onderwijsgroep,Aanbesteding telefonische bereikbaarheidsoplossing ten behoeve van de Lentiz onderwijsgroep,Zijn er aanbestedingen voor telefonische bereikbaarheid voor onderwijsinstellingen?,Task_3
44598,1,44598,Bereiding en levering van maaltijden aan WZC Keienhof - Bedeling van maaltijden aan huis,"Voorliggende opdracht betreft de inrichting en exploitatie van de keuken van het Woonzorgcentrum Keienhof (WZC) van OCMW Tienen en de bereiding en distributie van maaltijden aan zowel het WZC als aan derden. Wat de bereiding en distributie van maaltijden voor het WZC  betreft, wordt er uitgegaan van een basisofferte en een toegestane variante: • De basisofferte waarin koude maaltijden in bulk aangeleverd worden, verder bereid in de eigen afwerkingskeuken en op de afdelingen geproportioneerd worden door personeel van het WZC. • Een toegestane variante waarin warme maaltijden in de eigen keuken bereid worden en op de afdelingen geproportioneerd worden door personeel van het WZC. Daarnaast is er nood aan bedeling van diep gekoelde maaltijden ten huize van particulieren.",Aanbesteding voor keukenuitbating zorginstelling en maaltijdbezorging aan derden.,Task_1
129079,1,129079,Inhuur Office Management Medewerker Markten,Inhuur Office Management medewerker Markten,Aanbestedingen voor externe inhuur van office management medewerkers,Task_2
103413,1,103413,Marktverkenning zilte landbouw en aquacultuur Eemsdollard,Marktverkenning en informatie voor ondernemers die een gebied bij de eemsdollard regio willen exploiteren op gebied van zilte landbouw en aquacultuur.,Zijn er aanbestedingen die de haalbaarheid van zilte landbouw en aquacultuur bevestigen?,Task_3
72320,1,72320,"Kogel, schuif en vlinderafsluiters.","Het leveren van kogel, schuif en vlinderafsluiters.",Aanbesteding gevraagd voor de levering van verschillende soorten afsluiters.,Task_1
24663,1,24663,Abonnementen NHTV.,NHTV is voornemens een overeenkomst te sluiten voor de levering abonnementen inclusief de bijbehorende dienstverlening.,Informatie over aanbestedingen voor levering van abonnementen met diensten,Task_2
100393,1,100393,Europese aanbesteding onderhoud e-installaties,"Preventief, correctief, modificatief en planmatig onderhoud aan elektrotechnische installaties.",Is planmatig onderhoud aan elektrotechnische installaties onderdeel van aanbestedingen?,Task_3
34888,1,34888,Euregio: Ruimtelijke economische structuurversterking,"Het doel van deze openbare europese aanbesteding is opdrachtverlening door EUREGIO aan één opdrachtnemer voor het opstellen van een ruimtelijk economisch profiel van de corridor Zwolle-Twente-Münster.De EUREGIO is daarvoor op zoek naar een adviesbureau met kennis van netwerken op het gebied van interregionale ruimtelijk-economische ontwikkeling, affiniteit met de ruimtelijke economische kenmerken en uitdagingen van de corridor en met bijzondere aandacht voor spoormobiliteit.De opleverdatum van het in kaart brengen van netwerken en initiatieven, de tijdlijn, het ruimtelijke economisch profiel, en de aanbeveling voor ontwikkelkansen voor een toekomstvisie is uiterlijk 31 augustus 2022.",Zoek adviesbureau voor ruimtelijk economisch profiel met focus spoormobiliteit.,Task_1
38147,1,38147,Europese aanbesteding mobiele telefonie en mobiele data.,Mobiele Data- en Telefoondiensten op basis van SIM-only,Informatie over de werking van SIM-only mobiele communicatie,Task_2
21923,1,21923,SEM Universiteit Twente.,Aanschaf van een SEM.,Aanbestedingen die bevestigen dat specifieke apparatuur wordt aangeschaft.,Task_3
133625,1,133625,Design & build - herinrichting site oud ziekenhuis naar parkzone,Onderhavige opdracht is een overheidsopdracht voor werken en heeft als voorwerp het aanstellen van een ontwerper én aannemer die de volledige herinrichting van de site voor zijn rekening neemt na de saneringswerken op de site met als doel deze locatie een nieuwe invulling te geven in lijn met het reeds uitgewerkte streefbeeld.,Opdracht voor herontwikkeling gebied na bodemsanering met ontwerper en uitvoerder?,Task_1
49098,1,49098,Meldsysteem werkzaamheden en evenementen.,"De opdracht betreft de realisatie van een meldsysteem voor medewerkers van provinciale en gemeentelijke wegbeheerders om werkzaamheden en evenementen vast te leggen, onderling af te stemmen en te publiceren.",Systeem nodig voor registratie en coördinatie activiteiten provinciale gemeentelijke wegbeheerders.,Task_2
35131,1,35131,13-EA248 Multimedia voorzieningen t.b.v. CBC & IOC.,"Het UMC Utrecht realiseert de nieuwbouw van het Chirurgisch Behandel Centrum en het Innovatieve Operatie Centrum. De 21 operatiekamers zijn geschikt voor vele verschillende medische disciplines.Het UMC Utrecht wenst in haar operatiekamers en meekijkruimte een innovatieve en toekomstbestendige Multimediavoorziening voor interne video routering met koppeling aan medische beeldopslagsystemen.Uitsluitend gegadigden die aan de minimale geschiktheidseis kunnen voldoen, komen in aanmerking voor eventuele gunning.",Nieuwe ziekenhuiscentra vereisen moderne multimediavoorzieningen in operatiekamers.,Task_3
108823,1,108823,31146484: Renovatie Prinses Marijkesluis,"Het doel van de renovatie is levensduur verlengend onderhoud door het uitvoeren van diverse maatregelen die resulteren in het borgen van de functies en het blijven functioneren van het sluizencomplex. De scope is multidisciplinair en bevat maatregelen op het gebied van IA, E&W en civiele techniek. Deze inkoop is onderdeel van de V&R opgave.",Aanbestedingen voor multidisciplinaire renovatie en onderhoud waterwerken.,Task_1
62653,1,62653,Marktconsultatie - EA Eindejaarsgeschenken,Levering eindejaarsgeschenken.,Richtlijnen voor de inkoop van jaarlijkse relatiegeschenken?,Task_2
43393,1,43393,Onder en bovengronds opmeten van rioolwaterzuiveringsinfrastructuur voor As-Built plannen,"De opdracht heeft betrekking op een contract op afroep voor de levering van diensten m.b.t. het boven- en ondergronds opmeten van nieuwbouw rioleringsprojecten. De rioleurs meten ondergrondse rioleringsinfrastructuur (inclusief hydraulische constructies) op en zijn bijgevolg gekwalificeerd voor het betreden van begrensde ruimtes onder veilige omstandigheden.De landmeters (topografen) meten de locatiebepaling op van de toegangen tot de infrastructuur en detailopmetingen bovengrond, hetzij met Totaal Station of waterpas.Ook een bovengrondse opmeting van het projecttracé conform GRB-skeletbestekken (GRB basis, GRB-skeletaanvulling detail en GRB-skeletoptie water- en rioolbeheer) wordt gevraagd. Alle deksels van de infrastructuur worden geografisch gelokaliseerd (x, y en maaiveldpeil in mTAW) met Totaal Station of waterpas. Occasioneel zal gevraagd worden om een databank (bestaande rioleringsinfrastructuur) of een 5% kwaliteitscontrole van een project op te meten. Deze worden in een apart hoofdstuk (9.7) met hun aparte bepalingen opgenomen.Dit houdt volgende zaken in:- het aanleveren van digitale-fiches in .csv-formaat en pdf-formaat;- het aanleveren van een digitaal grondplan in .DXF en .DWG-formaat;- Het aanleveren van detailschetsen in .DWG-formaat voor hydraulische structuren.Na de levering van de meetgegevens door de dienstverlener kan door Aquafin een steekproef op de gerapporteerde gegevens gevraagd worden, waarbij belangrijke gegevens onder supervisie van Aquafin opnieuw worden opgemeten. Deze steekproef moet uitsluitsel geven over de kwaliteit van de aangeleverde gegevens. De inschrijver zal het nodige personeel inzetten, evenals de benodigde materialen, uitrusting, dataverwerkende apparatuur en transportmiddelen aanwenden.Meer bepaald zal de inschrijver onderlegd personeel inzetten voor de uitvoering van de opdracht, rekening houdend met de veiligheidsvoorschriften.Aquafin heeft het recht om, wanneer daartoe een gegronde reden bestaat, de vervanging van een personeelslid van de inschrijver te eisen. Meldingen: Bij de boven- en ondergrondse opmetingen zullen mogelijk door de dienstverlener op het terrein onregelmatigheden, gebreken of calamiteiten vastgesteld worden aan de rioleringsinfrastructuur. Deze vaststellingen dienen door de dienstverlener gemeld te worden aan Aquafin. Indien dit om ernstige gebreken gaat die dringend opgelost moeten worden, moet Aquafin diezelfde dag van de vaststelling nog op de hoogte gebracht worden.Per perceel waarvoor de dienstverlener inschrijft, dient hij over minstens 1 opmetingsploeg, bestaande uit 3 medewerkers + 1 meetwagen te beschikken. Aquafin zal ieder perceel afzonderlijk toewijzen, en maximaal 1 perceel per inschrijver  gunnen. Tevens houdt Aquafin zich het recht voor één of meerdere percelen niet toe te wijzen en die op te nemen in 1 of meer nieuwe opdrachten, die op een andere wijze gegund zullen worden.Onderstaande tabel toont de gemiddelde grootte van de opdracht: Een overstort (OS) en pompstation (PS) bestaan gemiddeld uit 2 tot 3 kamers. Een bergingsbekken bestaat gemiddeld uit 6 kamers.",Wordt voor rioleringsopmetingen zowel boven- als ondergrondse expertise gevraagd?,Task_3
42691,1,42691,VLAM zoekt software ontwikkelaar voor ontwikkeling matchmaking webplatform,"Ontwikkelen van een geavanceerd webplatform waar voedingsprofessionals elkaar vinden, inspireren en connecteren. Het Local Matchmaking platform moet een geavanceerd B2B-tool worden waar voedingsprofessionals elkaar kunnen vinden, connecteren en inspireren zodat kruisbestuivende samenwerkingsverbanden kunnen geïnitieerd worden.Naast de ontwikkeling van de tool, moet ook het hosten en het onderhoud er van voorzien worden voor 1 jaar vanaf oplevering.",Vraag naar ontwikkeling online platform voedingsprofessionals voor onderlinge verbinding en inspiratie,Task_1
99341,1,99341,Beleidsdoorlichting artikel 11 uitvoering en evaluatie Wet SUWI 2015-2020,Het betreft een aanbesteding voor de beleidsdoorlichting en evaluatie van SUWI stelsel.,aanbestedingen voor beleidsdoorlichting en evaluatie sociaal beleid,Task_2
103149,1,103149,Inhuur consulenten sociaal domein,"De aanbesteder, gemeente Heerlen en gemeente Maastricht, rechtsgeldig vertegenwoordigd door het SSC-ZL, heeft momenteel voor de inhuur van uitzendkrachten tot en met schaal 9 een overeenkomst met Start People BV.De aanbesteder wil per 1 juni met vijf (5) partijen een raamovereenkomst afsluiten voor de inhuur van medewerkers binnen het Sociale Domein die niet binnen de huidige overeenkomst met Start People BV geleverd kunnen worden.",Aanbestedingen voor medewerkers sociaal domein buiten bestaande contracten,Task_3
94581,1,94581,Integraal Groenonderhoudscontract,"De aanbesteding heeft tot doel opdrachtnemers te contracteren voor het uitvoeren van onderhoudswerkzaamheden. Deze opdracht wordt gegund aan de inschrijvers die de economisch meest-voordelige inschrijving (EMVI) vaststelt op basis van de laagste prijs per perceel (5).Deze inschrijvingsleidraad is bedoeld om geïnteresseerde ondernemingen de mogelijkheid te bieden om op een goede en juiste wijze mee te dingen naar de gunning van de opdracht voor het project Integraal Groenonderhoudcontract 2019 - 2022 met kenmerk Neg.113764Het uit te voeren werk is gelegen binnen de gemeentegrenzen, verspreid over de gehele gemeente Sittard-Geleen.","Aanbestedingen onderhoud gemeentelijk gebied, gunning op laagste prijs per perceel.",Task_1
61042,1,61042,Kantoorartikelen,Het doel van deze openbare Europese aanbesteding Kantoorartikelen is het afsluiten van een raamovereenkomst met een leverancier voor de levering van kantoorartikelen in de breedste zin van het woord.,Waarom wordt een raamovereenkomst voor kantoorbenodigdheden afgesloten?,Task_2
100095,1,100095,31122289: Verwijderen Boogbrug over de Lek bij Vianen,"Het resultaat van het project bij aanvang van de gebruiksfase (eindfase) is een verwijderde brug (en pijlers) met herstelde oevers, hoofdpijlers met kazematten en landhoofden volgens de daarvoor opgestelde eisen in de realisatie en gebruiksfase. Tevens is de scheepvaartbebording aangepast aan de nieuwe situatie.Voor meer informatie zie de aanbestedingsleidraad.","Verifieer aanbestedingen over brugsloop, oeverherstel en aangepaste scheepvaartbebording.",Task_3
136152,1,136152,GROEPSAANKOOP RAAMOVEREENKOMST VOOR HET AANSTELLEN VAN EEN EXTERNE DIENST MEDISCHE CONTROLES,"Groepsaankoop raamovereenkomst voor het aanstellen van een externe dienst medische controles. Deze groepsaankoop betreft het sluiten van een raamovereenkomst met één opdrachtnemer voor de looptijd van 48 maanden, aan de besturen die lid zijn van de intergemeentelijke aankoopdienst van IOK",Zoek aanbestedingen voor een raamovereenkomst externe medische controles.,Task_1
135592,1,135592,"Project F.A.S.T. Incidentafhandeling op de autosnelwegen in Provincie West-Vlaanderen (Deel Noord), op autosnelweg A10, A11, A17, A18 en N31. Takelen en afvoeren van voertuigen met Maximaal Toegelaten Massa (MTM) < 3,5 ton. 2 Percelen Perceel 1: A10, A11, A17 en N31 Perceel 2: A18, A10","Het voorwerp van de opdracht is: Project F.A.S.T. = Files Aanpakken door Snelle Tussenkomst - Incidentafhandeling op de autosnelwegen A10, A11, A17, A18 en N31 in de provincie West- Vlaanderen. Het betreft het vrijmaken van de weg langs bovengenoemde autosnelwegen en ringwegen van voertuigen met een Maximaal Toegelaten Massa (MTM) < 3.5t. binnen het in art. 58 Wet 2016 beschreven actiegebied.",incidentafhandeling snelwegen vrijmaken weg lichte voertuigen bepaalde regio,Task_2
29561,1,29561,Ademluchtapparatuur en duikuitrustingen,"De aard van de opdracht betreft een levering van een integraal / verenigbaar OLV duiksysteem. Dat wil zeggen een SCUBA duiktoestel (inclusief bijbehorend volgelaatsduikmasker en ademluchtcilinders), oppervlakte bedieningsunit, hogedrukcilindersvoor ademgasvoorziening, verbindingsslangen tussen de cilinders en bedieningsunit en een hogedruk umbilical. Dit duiksysteem dient te voldoen aan de eisen zoals gesteld.",Worden integraal duiksysteem aanbestedingen geleverd met alle benodigde componenten?,Task_3
70940,1,70940,"Uitnodiging voor een marktconsultatie ""Digitale Lerarenkaart” (online) op dinsdag 28 september van 13:00 tot 17:00 (CEST)","In het project “Digitale Lerarenkaart” willen we samen met Klasse, de verantwoordelijke organisatie binnen het departement Onderwijs en Vorming, de huidige fysieke Lerarenkaart digitaliseren door een smartphone-applicatie te laten ontwikkelen met bijhorend achterliggend platform.Hiervoor nodigen we ondernemingen uit om deel te nemen aan een marktconsultatie onder begeleiding van Addestino Innovation Management.We richten ons in de eerste plaats op full stack applicatiebouwers en softwarepartners met loyaliteitsplatformen, aangevuld met software integratoren.Doel projectElke onderwijsprofessional in Vlaanderen heeft recht op een Lerarenkaart die op dit moment bestaat in de vorm van een fysieke pvc-kaart. Met die kaart kunnen ze zich legitimeren en van voordelen genieten bij een ruim aanbod van educatieve, culturele, en commerciële partners-voordeelaanbieders.Klasse wil de Lerarenkaart digitaliseren en daarmee een oplossing bekomen op drie vlakken:— legitimatie: onderwijsprofessionals kunnen zich gemakkelijk legitimeren bij voordeelaanbieders, zowel online als offline, om er een voordeel te kunnen genieten,— communicatie: klasse kan onderwijsprofessionals (gepersonaliseerd) informeren over het aanbod van educatieve, culturele, en commerciële partners,— gegevensstroom: klasse en zijn partners-voordeelaanbieders verwerven gegevens en inzichten over het gebruik van de Lerarenkaart.Tegelijkertijd beoogt klasse met deze digitalisering: het gebruik van de Lerarenkaart te stimuleren en ervoor te zorgen dat meer onderwijsprofessionals er gebruik van maken (bv. door een hoger gebruiksgemak te garanderen) en de intensiteit van het gebruik zelf verhoogt (bv. door het aanbod relevanter en sneller te ontsluiten).Zijn ecologische voetafdruk te verkleinen door de productie van de fysieke pvc-kaart af te bouwen.Doel marktconsultatieTijdens de marktconsultatie willen we de behoeften van Klasse als uitgever van de Lerarenkaart, de onderwijsprofessionals en de partners-voordeelaanbieders 'matchen' met (deel-)oplossingen beschikbaar op de markt. Het is de bedoeling om na te gaan in hoeverre ondernemingen oplossingen kunnen aanreiken voor hun wensen en noden, en hoe innovatief, haalbaar (qua tijd, budget, ontwikkelingstraject, enz.) en schaalbaar deze oplossingen zijn.Er wordt geen voorbereiding (in de vorm van presentaties, pitches of dergelijke) verwacht van de deelnemende bedrijven. Addestino Innovation Management zal de discussie interactief aanpakken en modereren.Voor een vlotte discussie en goed resultaat is het wel aangewezen om uw bedrijf te laten vertegenwoordigen door een medewerker met technologische expertise (eerder dan door een sales- of PR-medewerker). Zij kunnen doorgaans beter en sneller inschatten wat de technologische oplossingen kunnen zijn voor elke behoefte of gewenste functionaliteit.De uitkomst van de marktconsultatie moet Klasse in staat stellen om een geschikte (innovatieve) oplossing voor de gestelde behoefte te laten ontwikkelen en/of aan te kopen via een overheidsopdracht.Waar en wanneer?De marktconsultatie gaat door op dinsdag 28 september 2021, 13:00 tot 17:00.De marktconsultatie zal volledig online plaatsvinden. Na inschrijving hieronder, zal u de link voor deelname, inclusief agenda, ten laatste op maandag 27 september via e-mail ontvangen.De marktconsultatie zal ingeval er niet-Nederlandstalige deelnemers zijn, in het Engels verlopen.De resultaten van de marktconsultatie zullen publiek beschikbaar gesteld worden via deze website. Om op de hoogte te blijven, kan u zich best abonneren op de PIO-nieuwsbrief.InschrijvenDeelname is uiteraard gratis, maar inschrijving is verplicht. U kan dit doen door het inschrijvingsformulier onderaan deze pagina in te vullen op: https://www.innovatieveoverheidsopdrachten.be/evenementen/marktconsultatie-digitale-lerarenkaart tot en met vrijdag 24.9.2021.",Vraag naar software voor digitale onderwijspas inclusief communicatie en data.,Task_1
58835,1,58835,Bepaling nitraatresidu van landbouwpercelen 2016.,"De opdracht omvat het verrichten van ongeveer 8 360 nitraatresidubepalingen (bemonstering, analyseren op nitraat, het nitraatresidu berekenen en rapporteren). De opdracht bestaat uit 26 afzonderlijk toe te wijzen loten. Het aantal nitraatresidubepalingen van landbouwpercelen of delen ervan is variabel per lot. De opdracht kadert in de controle van het nitraatresidu van landbouwpercelen.","Details over nitraatcontrole van landbouwpercelen, inclusief bemonstering en lotenindeling.",Task_2
134604,1,134604,Raamovereenkomst verbandmateriaal en verbandsets,Raamovereenkomst verbandmateriaal en verbandsets,Aanbestedingen die stabiele vraag naar medische verbandmiddelen bevestigen?,Task_3
74652,1,74652,128010 — 999 — Ingenieursbureau — Adviseur Sloop.,"Gemeente Amsterdam heeft regelmatig behoefte aan externe inhuur van diverse expertise en capaciteit. Gemeente Amsterdam nodigt geïnteresseerde Ondernemers voor de vakgebieden uit om zich te registreren op het CTM platform en aan te melden voor het platform Externe inhuur. Ondernemers kunnen zich aanmelden voor één of meerdere vakgebieden binnen. Zodra gemeente Amsterdam behoefte heeft aan externe inhuur, wordt de offerteaanvraag in het platform Externe inhuur uitgezet. Ondernemers kunnen zich aanmelden voor de het platform Externe inhuur conform de minimaal gestelde eisen. Aan de toelating kan geen recht op opdrachten worden ontleend.Het platform Externe inhuur voor externe inhuur heeft betrekking op functies in de volgende vakgebieden (onder voorbehoud van ontwikkelingen/uitbreidingen): — Arbo –(Bouw) technisch — Communicatie — Facilitair — Financieel — Personeel & Organisatie — ICT — Inkoop — Interim management en Advies — Juridisch.",Welke vakgebieden zoekt een gemeente voor externe inhuur van expertise?,Task_1
90241,1,90241,"Raamovereenkomst voor het aanstellen van een dienstverlener voor het beheer en de optimalisatie van technische installaties: deel HVAC, elektriciteit en sanitair.","De onderhavige opdracht betreft het beheer en de optimalisatie van de HVAC, elektrische en sanitaire installaties van verschillende infrastructuren in diverse regio's:— Perceel 1 - Regio West-Vlaanderen;— Perceel 2 - Regio Oost-Vlaanderen (centrum);— Perceel 3 - Regio Oost-Vlaanderen (zuid) en Henegouwen;— Perceel 4 - Regio Vlaams-Brabant.De inschrijver is verplicht zich ter plaatse te vergewissen van de bestaande toestand en dient hiertoe voor het plaatsbezoek contact op te nemen met dhr. Paul Van Belleghem (tel. + 32 92425744).Er zal een informatiesessie gehouden worden ten behoeve van de kandidaat-inschrijvers op dinsdag 27.5.2014 om 10:00 uur in de kantoren van TMVW, Stropstraat 1 te 900 Gent.",Details aanbesteding beheer optimalisatie technische installaties diverse locaties,Task_2
64686,1,64686,Leerplatform Provincie Limburg,"Deze aanbesteding is opgestart naar aanleiding van de introductie van het Persoonlijk Ontwikkel Budget (POB) in de Cao Provincies. Met het vrijkomen van gelden voor de ontwikkeling van provinciale medewerkers wil de Provincie haar medewerkers op een laagdrempelige manier toegang verlenen tot relevante in-company en externe opleidingen en cursussen, om zo deze medewerkers (verder) te stimuleren tot (bij)scholing en ontwikkeling. Deze opdracht betreft de levering, implementatie en onderhoud van een Leerplatform. Het Leerplatform betreft een systeem waarin medewerkers kunnen zoeken naar in-company en extern leeraanbod. De pricing wordt gebaseerd op 1 250 gebruikers van het platform.",worden leeromgevingen voor circa 1250 gebruikers aanbesteed?,Task_3
82125,1,82125,Inrichting Opvanglocaties,"Het gaat in deze aanbesteding om het leveren van meubels en witgoed ten behoeve van opvanglocaties voor ontheemden in de gemeente Den Haag, in twee percelen (perceel 1: meubels, perceel 2: witgoed).",Levering meubilair en huishoudelijke apparaten voor noodopvanglocaties,Task_1
55611,1,55611,Vooraankondiging overeenkomst onderhoud trapliften.,"De regio Gooi en Vechtstreek is voornemens om, middels een enkelvoudig gegunde opdracht met terugwerkende kracht een overeenkomst met Otto Ooms BV af te sluiten voor het onderhoud van trapliften voor de initiële periode 1.11.2016 tot en met 31.1.2020. Tevens wordt opdrachtgever in de gelegenheid gesteld om deze overeenkomst 5 maal met 2 jaar eenzijdig te verlengen. De geschatte omzet is 17 850 EUR op jaarbasis. De geschatte waarde van de opdracht bedraagt over de hierboven voorgestelde periode minder dan 209 000 EUR. Hierdoor valt de opdracht onder het drempelbedrag voor Europese aanbestedingen.",Details enkelvoudige aanbesteding onderhoud trapliften onder drempelwaarde,Task_2
68587,1,68587,Aanbesteding Individuele Hulpmiddelen Sociale Zaken en Werkgelegenheid.,De afdeling Individuele Voorzieningen (hierna te noemen IV) van Sociale Zaken en Werkgelegenheid (hierna te noemen SoZaWe) besteedt bij deze de passing en levering van hulpmiddelen aan. Dit om de huidige contracten op het verstrekken van gehandicaptenhulpmiddelen te kunnen vervangen.,Bestaande overeenkomsten voor hulpmiddelen worden via een nieuwe aanbesteding vervangen.,Task_3
16120,1,16120,LLVV/02/13 - Oost-Vlaanderen,Bijzondere vormen van geregeld vervoer voor het ophalen van leerlingen: 19 ritten leerlingenvervoer.,Zoek aanbestedingen voor bijzonder leerlingenvervoer met 19 ritten.,Task_1
107239,1,107239,Verwerking grof huishoudelijk restafval afkomstig van gemeente Weert,De opdracht omvat de verwerking van grof huishoudelijk restafval afkomstig van de milieustraat in Weert. Gemeente Weert verzorgt het transport van het grof huishoudelijk restafval en levert het afval aan op de door opdrachtnemer aangewezen locatie binnen 25 kilometer van de milieustraat in Weert. Grof huishoudelijk restafval is afval dat overblijft bij particuliere huishoudens nadat deelstromen gescheiden zijn aangeboden op de milieustraat.,Wat is groot huishoudelijk afval en hoe wordt het verwerkt?,Task_2
49168,1,49168,"Afmelding gunningen dynamisch aankoopsysteem DCMR, tender 57427 dynamisch aankoopsysteem DCMR m.b.t. inhuur ondersteunende processen.","De DCMR heeft met de publicatie van tender 57427 in april 2017 een dynamisch aankoopsysteem ingesteld voor inhuur. Na de instellingsfase van 30 dagen zijn de eerste nadere uitvragen vanuit de DAS uitgezet onder de toegelaten inschrijvers. Het bijgesloten bestand bij deze tender bevat een overzicht van alle gunningen t/m 30.9.2017. De DCMR zal alle definitieve gunningen vanuit de DAS, tender 57427 periodiek afmelden.
               Een gunning is definitief nadat een aanbieder na voorlopige gunning de gevraagde documenten (o.a. VOG) heeft aangeleverd.",Wanneer wordt een voorlopige gunning van inhuur definitief verklaard?,Task_3
14567,1,14567,Oproep tot aanvraag tot deelneming - Raamovereenkomst low latency coder,"Raamovereenkomst (2022-2027) voor het leveren van een oplossing om omzetting te doen tussen SDI en ST2110/ST2022 stromen met uncompressed en compressed (JPEG-XS) video.VRT wil voor zijn videoworkflows de grootst mogelijke flexibiliteit. Om dit te faciliteren, wordt er overgestapt van hardware gebaseerde video productie oplossingen naar meer en meer software gebaseerde oplossingen. De videostromen zullen dan niet meer over SDI verlopen, maar over IP. Tijdens de overgangsfase, hebben we nood aan coders die de realtime video stromen omzetten van de oude technologie (SDI) naar IP. In het geval dat er beperkte bandbreedte beschikbaar is, moeten de coders de stromen kunnen comprimeren en decomprimeren via JPEG-XS. In de conversie stap, moet het mogelijk zijn om bepaalde functies uit te voeren, waaronder audio shuffling, conversie tussen Progressive en Interlaced, frame storing, audio delay toevoegen, video delay toevoegen, en zo voort....(zie opdrachtdocumenten)",Oplossing gezocht voor real-time video conversie naar IP met compressie.,Task_1
54259,1,54259,Marktconsultatie — marktconsultatie community tool (DPC158) (verwachte einddatum: 13.9.2017).,Ter voorbereiding op een (mogelijke) Europese aanbesteding voor een nieuwe overeenkomst voor community tool houdt de Dienst Publiek en Communicatie een marktconsultatie om inzicht te verkrijgen in de mogelijkheden aangaande community tooling.,Verkenning van opties voor community tooling via marktconsultatie,Task_2
64432,1,64432,Marktconsultatie — marktconsultatie klantgeleiding systeem Venlo 2020 (verwachte einddatum: 4.9.2020),"Om de klantstromen naar de Publiekshal in de stadswinkel van het stadskantoor in goede banen te leiden (klantgericht, effectief en efficiënt) wordt hardware en software gebruikt ten behoeve van de klantgeleiding (het oproepen van klanten voor balies), het online reserveren van balieafspraken, het doen van cash- en pinbetalingen en het plannen/roosteren van personeel op balieafspraken.Daartoe voert gemeente Venlo een marktconsultatie uit om meer informatie uit de markt te halen met betrekking tot dit onderwerp ter voorbereiding op een aanbesteding.",Is er vraag naar geïntegreerde oplossingen voor klantgeleiding en afspraakbeheer?,Task_3
27917,1,27917,"Architectuuropdracht incl. stabiliteit, technieken en EPB-verslaggeving, ventilatienota voor vervangbouw door ongeveer 21 sociale woningen te Sint-Michiels Brugge.","Architectuuropdracht incl. stabiliteit, technieken en EPB-verslaggeving, ventilatienota voor vervangbouw door ongeveer 21 woningen te Sint-Michiels.",Zoek architect voor ontwerp en technische studies twintig woningen.,Task_1
103137,1,103137,Inhuur Junior Adviseur Innovatie,"Geachte heer of mevrouw,
               Graag nodigen wij u uit om een offerte uit te brengen voor de inhuur van een Junior Adviseur Innovatie.
               Deze aanvraag wordt, conform de leidraad van d.d. 18 juli 2016 en bijbehorende Nota van Inlichtingen d.d. 12 oktober 2016 betreffende het instellen van een DAS voor de inhuur van ICT personeel, verstuurd naar alle gekwalificeerde leveranciers.",Hoe wordt een offerteaanvraag voor innovatieadviseurs verstuurd aan leveranciers?,Task_2
97460,1,97460,Publieke oplaadinfrastructuur voor elektrische voertuigen – MRA-e,"Binnen het project MRA-Elektrisch werken overheden in Flevoland, Noord-Holland en Utrecht samen om elektrische vervoer te stimuleren en een dekkend toekomstbestendig netwerk van publieke laadinfrastructuur te realiseren. Door middel van deze aanbesteding wordt een raamovereenkomst gesloten voor het leveren, plaatsen, installeren, beheren en exploiteren van laadinfrastructuur in gemeenten die zijn aangesloten bij de MRA-e.",Bevestigen aanbestedingen samenwerking tussen overheden voor elektrische laadinfrastructuur?,Task_3
71229,1,71229,Leveren van PMD-zakken,Leveren van PMD-zakken.,aanbestedingen voor de levering van gescheiden afvalzakken,Task_1
85629,1,85629,Arbodienstverlening,"Waterschap Scheldestromen wenst met 1 inschrijver een nieuwe raamovereenkomst af te sluiten voor arbodienstverlening. Binnen het nieuw te sluiten contract wenst waterschap Scheldestromen diensten op het gebied van preventie, verzuimbegeleiding en re-integratie voor haar medewerkers af te nemen.","Uitleg over aanbestedingen arbodienstverlening voor preventie, verzuimbegeleiding en re-integratie",Task_2
134053,1,134053,Raamcontract Draadloze Netwerkapparatuur,"De uit te voeren levering betreft:  onderhoud, upgrade en uitbreiding van de bestaande draadloze netwerkinfrastructuur.","Zoek aanbestedingen over onderhoud, upgrade en uitbreiding draadloze netwerkinfrastructuur.",Task_3
2738,1,2738,Openbare Verlichtingsinstallatie Vervangingsplan 2023,Het werk bestaat in hoofdzaak uit:- het leveren en vervangen van armaturen;- het rechtzetten van stalen lichtmasten;- het geheel bedrijfsklaar opleveren;- het ontwerpen en toepassen van verkeersmaatregelen.- het aanleveren van revisiegegevens.De beschrijving van de opdracht is conform de algemene beschrijving uit het RAW-bestek 4380015 te vinden in bijlage 1.,Zoek aanbestedingen voor het vervangen van buitenverlichting en verkeersregeling.,Task_1
33232,1,33232,Onderhoud en Support Callcenter LCC,onderhoud en support van LCC,Informatie gezocht over aanbestedingen voor onderhoud en support van systemen.,Task_2
124629,1,124629,Gemeente Onderbanken „Reconstructie Bouwbergstraat e.o.” (2014-OND086-J-02).,"— gemeente Onderbanken „Reconstructie Bouwbergstraat e.o.” (selectieleidraad 2014-OND086-J-02);— de projectomschrijving is niet uitputtend en heeft enkel tot doel een beeld te vormen van aard en omvang van het project;— de plangrenzen van het werk zijn aangegeven op de tekening die is toegevoegd in de bijlage van deze selectieleidraad;— op deze tekening zijn een aantal NAP-hoogten opgenomen van de bestaande situatie, waarmee wordt aangegeven dat het werk in een hellend gebied is gelegen;— binnen het project wordt onder andere het bestaande rioolvervangen door een infiltratieriool (infiltratiekratten), regenwaterriool en een nieuw vuilwaterriool;— als gevolg van het hellende gebied zal het krattensysteem (1 á 2 kratten breed) gecompartimenteerd aangelegd moeten worden;— door de rioolvervanging zal tevens de bovengrondse infrastructuur van de Bouwbergstraat en de Emmastraat heringericht worden. In de Groesweg zal een rioolverzwaring worden uitgevoerd (sleufherstel).",Aanbestedingen rioolvervanging hellende gebieden vereisen gecompartimenteerd infiltratiesysteem?,Task_3
132275,1,132275,Concessie voor openbare werken voor de bouw en exploitatie van een stedelijk zwembad te Oudenaarde.,"De concessie voor openbare werken voor de bouw en exploitatie van een stedelijk zwembad te Oudenaarde.Het nieuwe zwembadcomplex heeft een capaciteit van minstens 200 000 zwemmers per jaar en omvat minstens de volgende infrastructuur:— een 25 m wedstrijdbad met minstens 8 banen en met, over een oppervlakte van minstens 10 m x 10 m, een diepte tot 4 m, te gebruiken door de duikclub;— een van het wedstrijdbad afgescheiden recreatiebad met glijbaan;— een instructiebad met een oppervlakte van ongeveer 150 m² en een diepte van 40 cm tot 80 cm (desgevallend door middel van beweegbare elementen af te bakenen in het wedstrijdbad);— een peuterbad met speeltuigen;— een compressorruimte met buitenvulstation;— een volledig uitgeruste les- en vergaderruimte van minstens 100 m²;— droogtrainlokalen;— voldoende kleedkamers;— een cafetaria.","Welke aanbestedingen beschrijven een zwembad met duikfaciliteit, glijbaan en vergaderruimte?",Task_1
16111,1,16111,Open meerjarige overeenkomst voor hardware ICT-materiaal over de periode van 4 jaar.,"OCMW Lokeren treedt op als opdrachtencentrale (volgens art. 2.4 wet 15.6.2006) voor Stad en politie Lokeren, Stad en OCMW Sint-Niklaas, OCMW Zele, gemeente en OCMW Zwijndrecht, OCMW St-Gillis-Waas en OCMW Stekene voor de levering van personal computers, grafische werkstations, schermen, laptops, tablet pc's, smartphones en beamers gedurende 4 jaar (evenwel jaarlijks opzegbaar). Het betreft een open meerjarige overeenkomst waarbij de deelnemende besturen zich engageren op afroep de goederen aan te kopen bij de economisch meest voordelige aanbieder, tegen een vastgesteld kortingspercentage dat geldig is op de volledige catalogus. Zo kan ingespeeld worden op nieuwe informatiseringsnoden en oude apparatuur kan vervangen worden terwijl er toch een coherent informaticapark blijft behouden.",Hoe werkt een gezamenlijke aanbesteding voor informaticamateriaal?,Task_2
96733,1,96733,Leveren en ontsluiten zorgdeclaratie informatie,De opdracht wordt onderhands aanbesteed omdat Vektis de enige partij is die de opdracht kan uitvoeren.,Aanbestedingen die onderhands gaan vanwege een unieke uitvoerende partij.,Task_3
130595,1,130595,Projectleider Zuid-Holland,Projectleider Zuid-Holland,Zoek aanbestedingen voor de functie van projectleider.,Task_1
93068,1,93068,"Aanleveren, onderhouden en ondersteunen van een common data environment","Deze Opdracht voor Diensten betreft aanleveren, onderhouden en ondersteunen van een Common Data Environment, een gemeenschappelijke plaats waar online de data van BAM projecten wordt ondergebracht.",Informatie over aanbestedingen voor gemeenschappelijke online projectdata omgevingen.,Task_2
21851,1,21851,Vaste Dataverbindingen,De opdracht betreft het leveren van nieuwe vaste dataverbindingen voor de duur van 48 maanden met de mogelijkheid tot verlenging met 2x 24 maanden,Aanbestedingen voor vaste dataverbindingen omvatten vaak tweejarige verlengingsopties.,Task_3
38251,1,38251,Speelvoorzieningen 2013,Het leveren en plaatsen van Speelvoorzieningen,Aanbestedingen voor de levering en installatie van speelplaatsinrichting,Task_1
100105,1,100105,Adviseursselectie E- en W installaties Campus Rachelsmolen 2e fase (Eindhoven),"De totale opgave van Nieuwbouw 2e fase Campus Rachelsmolen (Eindhoven) wordt gerealiseerd in meerdere projecten. Vanuit de wens om stedenbouwkundige samenhang te creëren, alsook vanuit de opgestelde Campusvisie “de toekomst van campus Rachelsmolen ‘a sense of belonging’'', is het wenselijk dat het ontwerp van het totale programma integraal wordt vormgegeven. De ontwerpopgave behelst op hoofdlijnen:(a) het stedenbouwkundig ontwerp;(b) ontwerp van nieuwbouw incl. interieur;(c) landschappelijk ontwerp.Deze Europese aanbesteding heeft betrekking op de ""Adviseursselectie elektrotechnisch en werktuigbouwkundig ontwerp"" Nieuwbouw 2e fase Campus Rachelsmolen (Eindhoven). Hierbij is de adviseur verantwoordelijk voor de installatietechnische aspecten van het ontwerp en de technische bouwbegeleiding gedurende de bouw.",Informatie over integrale ontwerpaanpak campusuitbreiding met installatietechnische advisering.,Task_2
121185,1,121185,Algemene offerteaanvraag voor een opdracht van aanneming van diensten m.b.t. de organisatie van reizen voor rekening van de Vlaamse interuniversitaire Raad – Universitaire Ontwikkelingssamenwerking.,Algemene offertevraag voor een opdracht van aanneming van diensten m.b.t. de organisatie van reizen voor rekening van de Vlaamse interuniversitaire Raad - Universitaire Ontwikkelingssamenwerking.,Aanbestedingen voor dienstverlening reisorganisatie ten behoeve van universitaire ontwikkelingsprojecten,Task_3
62646,1,62646,Inhuur personeel Ambulancezorg,Inhuur personeel Ambulancezorg.,Aanbestedingen voor externe medewerkers in de prehospitale zorg,Task_1
130251,1,130251,Parkeerautomaten,"De opdracht gaat over het verwijderen en vervangen van huidige parkeerautomaten, leveren en plaatsen van nieuwe parkeerautomaten en het sluiten van een onderhoudscontract. Vervanging - 61 stuks
Uitbereiding - 50 stuks
Optionele uitbereiding - 199 stuks (* herzieningsclausule)
Onderhoud van de parkeerautomaten","Informatie over vervanging, levering, plaatsing, uitbreiding en onderhoud parkeerautomaten",Task_2
134951,1,134951,"HERNIEUWING, AANKOOP VAN LICENTIES VOOR DE JIRA ATLASSIAN SUITE, EN TERBESCHIKKINGSTELLING VAN BIJBEHORENDE PROFESSIONELE DIENSTEN","Verlenging van onze bestaande Atlassian en Apps (Marketplace) licenties, verwerving van nieuwe Atlassian en Apps (Marketplace) licenties en levering van bijbehorende professionele diensten",Aanbestedingen voor licenties en diensten voor samenwerkingssoftware zijn beschikbaar.,Task_3
15649,1,15649,Onderhoud groenobjecten sector Dendermonde 2014.,Onderhoud groenobjecten sector Dendermonde 2014.,Waar vind ik aanbestedingen voor onderhoud van groen in een regio?,Task_1
275,1,275,Bosrevitalisatie Brabantse Wal,Bosrevitalisatie Brabantse Wal,Aanbestedingen voor bosherstelprojecten inclusief analyse en implementatiestrategieën,Task_2
58282,1,58282,QOO16-486 Raamovereenkomst voor levering van tijdschriften en abonnementsdiensten.,Raamovereenkomst voor levering van tijdschriften en abonnementsdiensten.,Zijn er aanbestedingen voor inkoop van periodieke publicaties?,Task_3
85601,1,85601,AV-middelen,"Het doel van deze Aanbesteding is het aangaan van een Raamovereenkomst met één (1) leverancier voor de levering van AV-middelen in de vorm van digiborden (hierna: AV-middelen) voor een periode van zes (6) jaren met een verlengingsperiode van 2 keer 1 jaar.
De opdracht betreft het leveren en installeren van AV-middelen op de verschillende locaties van PCBO. De Aanbestedende dienst is voornemens om gedurende de looptijd van de overeenkomst ongeveer 175 digiborden aan te schaffen. schatting van € 541.322,- excl. BTW",Zoek aanbesteding langdurige levering en installatie audiovisuele middelen,Task_1
34938,1,34938,Europese Aanbesteding Brandverzekering Gemeente Hof van Twente,"De verzekering van de gemeentelijke opstallen en inventarissen tegen de risico's van schade door brand en de verzekering van gebouwen, bedrijfsuitrusting/inventaris, goederen en alle andere objecten behorende bij onderwijsinstellingen voor het primair onderwijs en het voortgezet onderwijs tegen de risico's van schade door brand.","Informatie over brandverzekering voor overheidsgebouwen, inventaris en onderwijsinstellingen.",Task_2
70987,1,70987,Groen- en netheidsonderhoud op de autosnelwegen in het district 311 - Brugge,"- Het uitvoeren van beheers- en onderhoudswerkzaamheden aan de bestaande grasbermen en beplanting (maaien van bermen, scheren van hagen, onderhoud van plantvakken, …).- Het oprapen en verwijderen van zwerfvuil.- Het uitvoeren van netheidsonderhoudswerkzaamheden van de verhardingen van wegen (vegen van verhardingen, reinigen van vluchtheuvels en verhoogde verharde inrichtingen, greppels, kantstroken,…).- Het reinigen van straatkolken, straatkolkroosters, aquadrains, afvoerbuizen en onderzoeksputten.- Het ledigen van afvalbakken.- Het ruimen van sloten.- Het profileren van bermen door afgraving.- Het herstellen van schadegevallen aan het groenpatrimonium (na ongevallen) en inzake netheidsonderhoud (sluikstortingen e.d.).- Het uitvoeren van regiewerken (vb. na stormschade, …) voor zover deze werken niet kunnen worden vergoed volgens de overige posten van het borderel en geen aannemingslast zijn.- Het plaatsen, instandhouden en verwijderen van alle reglementaire werfsignalisatie die nodig is voor de uitvoering van alle voormelde werken.- Het verwijderen van alle afval dat afkomstig is van de uitgevoerde werkzaamheden volgens de bepalingen van dit bestek.",Omvat standaard groenonderhoud ook schadeherstel na ongevallen en stormschade?,Task_3
64423,1,64423,MINVWS Corona – levering diverse coronamiddelen Rijksoverheid,Leveren van diverse coronamiddelen Rijksoverheid: testmaterialen voor de Nederlandse testlaboratoria.,Aanbesteding levering coronamiddelen voor Nederlandse testlaboratoria,Task_1
76509,1,76509,Inhuur capaciteit motoronderhoud F-100.,Inhuur 9 personen t.b.v. motoronderhoud F-100 i.h.k.v. de verlenging van de transitiefase van de PPS-100 en het daarmee uitstellen van de operationele fase tot onbepallde tijd.,Redenen voor extra personeel bij onderhoud door projectfaseverlenging?,Task_2
61313,1,61313,Dagelijks onderhoud civiele kunstwerken,"De provincie Overijssel is voornemens een opdracht te verstrekken voor WK-2020-06, RAW raamovereenkomst voor het uitvoeren van dagelijks onderhoud aan vaste kunstwerken. De werkzaamheden bestaan in hoofdzaak uit: — het reinigen van kunstwerken, — het reinigen van voegovergangen, — het verwijderen van graffiti, — het repareren van betonoppervlakken, — het repareren van metselwerkoppervlakken, — het vervangen van voegen,— het vervangen/herstraten van elementenverharding, — het herstellen van schijnvoegen,— het herstellen van scheuren in asfalt, — het herstellen van slijtlagen, — het uitvoeren van grondwerk,— het herstellen van kolken en leidingen, — het beschikbaar stellen van personeel, — het beschikbaar stellen van materieel.",Dagelijks onderhoud van kunstwerken omvat ook het verwijderen van graffiti.,Task_3
99897,1,99897,Levensduur verlenging kaart verkoop automaat E2000,NS maakt momenteel gebruik van E2000 Xerox kaartverkoopautomaten.NS is voornemens om de E2000 kaartverkoopautomaat op zowel hardware als software niveau een upgrade toe te passen zodat deze de komende jaren kunnen blijven functioneren.Onderdeel van de overeenkomst is dat de leverancier verantwoordelijk en aansprakelijk zal zijn voor het functioneren van de kaartverkoopautomaat(systeem verantwoordelijkheid).,Zoek aanbieders voor modernisering en beheer van selfservice ticketautomaten.,Task_1
92754,1,92754,Openbare procedure voor de levering van ldpe huisvuilzakken voor rekening van verko,De onderhavige opdracht betreft de levering van LDPE huisvuilzakken.,Aanbestedingen voor levering van huisvuilzakken met specifieke materiaalvereisten,Task_2
53246,1,53246,EU aanbesteding werknemersvervoer Senzer.,Werknemersvervoer Senzer: vervoer vanaf een woonadres naar de werklocatie en vice versa (geroosterd vervoer) en overig vervoer (niet geroosterd vervoer).,Bevestigen aanbestedingen vaak zowel gepland als ongepland werknemersvervoer?,Task_3
127701,1,127701,Incasso- en deurwaarderdiensten.,"Levering van incasso- en deurwaarderdiensten, hoofdzakelijk bestaande uit: het betekenen en ten uitvoer leggen van hernieuwde bevelen tot betaling en beslagopdrachten en het innen van buitenlandse parkeerboetes (naheffingsaanslagen) in het buitenland.",Hoe buitenlandse parkeerboetes en betalingsbevelen internationaal te innen en af te dwingen?,Task_1
131750,1,131750,Algemene offerteaanvraag voor de aanneming van diensten in het kader van het vastgoedbeleid van W&Z NV.,Algemene offerteaanvraag voor de aanneming van diensten in het kader van het vastgoedbeleid van W&Z NV.,Zoek aanbestedingen die vastgoedbeleid en benodigde diensten nader toelichten,Task_2
131913,1,131913,"Schoonmaak/poetsopdracht 2015 met mogelijke herhalingen voor 2016, 2017 en 2018.",Het gemeentebestuur van Maasmechelen organiseert een procedure voor de aanstelling van een extern schoonmaakbedrijf voor het poetsen van de gemeentelijke gebouwen. Het gemeentebestuur treedt ook op als opdrachtencentrale voor de politiezone Lanaken-Maasmechelen.,Zoek aanbestedingen waar gemeenten schoonmaak uitbesteden en inkoopcentrale zijn.,Task_3
120714,1,120714,Financiering van verwervingen in realisaties in het 2de semester 2011.,Kredietaanvraag voor de financiering van de verwervingen in realisaties in het 2de semester 2011.,Wie biedt financiering voor aankopen en uitvoeringen in de tweede jaarhelft?,Task_1
64836,1,64836,"EU aanbesteding Leermiddelen, Stichting OPOD","EU aanbesteding Leermiddelen, Stichting OPOD.",Informatie over Europese aanbestedingen van leermiddelen,Task_2
8716,1,8716,Modernisering ICT infrastructuur.,"Het ontwerpen, leveren en inrichten van een uniforme, schaalbare centrale infrastructuur met moderne opslag-, back-up-, uitwijk-, beveiliging-, telewerk- en beheervoorzieningen binnen gevirtualiseerde omgevingen, alsmede de migratie van de gemeente Westervoort en de RID naar deze nieuwe centrale infrastructuur. Deze centrale infrastructuur zal in gezamenlijke serverruimtes worden ondergebracht. De opdracht is niet opgedeeld in percelen. Inschrijven op een gedeelte van de opdracht is niet toegestaan.",Aanbestedingen waar deelinschrijving op IT-infrastructuur niet is toegestaan?,Task_3
128826,1,128826,Laboratoriumadviesopdracht nieuwbouw Zernikeborg te Groningen,"Thans wordt gewerkt aan het ontwerp van de nieuwbouw van een gebouw voor de disciplines natuur- en scheikunde van de Faculteit Wiskunde en Natuurwetenschappen, de Zernikeborg, van de Rijksuniversiteit Groningen (RUG). Het nieuwe gebouw voor de disciplines natuur- en scheikunde zal circa 50.000 m2 bvo omvatten en worden voorzien van een breed pallet aan functies, zoals onderwijsruimten, laboratoria en kantoorruimten.","Aanbesteding nieuwbouw wetenschapsgebouw met onderwijs, laboratoria en kantoren.",Task_1
108464,1,108464,Europese Aanbesteding volgens de Openbare procedure voor het uitvoeren van het programma GWGB en het project GWGB+ ten behoeve van PO-Raad,"De PO-Raad is op zoek naar een pool van Adviseurs die de in de rol van analist, vliegenier of school- of bestuursondersteuner, afhankelijk van de problematiek, de school en de fase van de ondersteuning.Op deze Europese aanbesteding schrijven ‘ondernemers’ in, en het contract wordt aangegaan met ‘ondernemers’. Dit kunnen bijvoorbeeld zelfstandig adviseurs, eenmanszaken, of bv’s zijn. Deze ondernemer biedt één of meerdere Adviseurs aan voor een Adviseurpool: zichzelf of zijn medewerker(s).  Deze pool zal bestaan uit maximaal 100 Adviseurs. Een ondernemer mag meerdere Adviseurs aanbieden. De PO-Raad stelt hieraan echter een maximum van 5 Adviseurs aan.",Wat zijn de regels voor inschrijven op een adviespool?,Task_2
6228,1,6228,Op weg naar een toekomstige bedrijfsvoering,Adviesopdracht toekomstige bedrijfsvoering Gemeente Kerkrade,Zoeken overheden advies voor hun toekomstige organisatie?,Task_3
43537,1,43537,"Raamovereenkomst voor levering, installatie en onderhoud van outdoor digitale schermen, inclusief bijhorend softwareplatform voor aansturing, ontwikkeling en terbeschikkingstelling van software voor het decentraal creëren en beheren van advertenties 2023 - 2031","Het Vlaams Agentschap Ondernemen en Innovatie (VLAIO) lanceerde in 2021 een 4de City of Things oproep 'Slimme Steden en Gemeenten'

Met deze projectoproep werd onder andere een slimme aanpak beoogd om het (lokale) ondernemingsklimaat te verbeteren.
Alleen steden en gemeenten konden een projectvoorstel indienen. Maar de provincies konden wel als partner optreden.

De deputatie ging op 2 december 2021 akkoord om als partner op te treden voor een projectvoorstel rond Slimme Interactieve Infoschermen die ook kunnen ingezet worden voor en door lokale handelszaken. Dit voorstel zou ingediend worden door de stad Halle. De overige partners zijn de stad Dendermonde, de provincie Vlaams-Brabant, het autonoom provinciebedrijf VERA en de provincie Oost-Vlaanderen (directie Ondernemen en Europa, departement POLIS).

Om het aanbod van lokale ondernemingen beter kenbaar te maken bij inwoners en bezoekers zou een gemeente gebruik kunnen maken van digitale infoschermen waarop advertenties te zien zijn. Wanneer die digitale infozuilen geplaatst worden op drukke plaatsen zoals marktpleinen, winkelstraten, gemeentehuis, cultureel centrum, bushaltes, station, … kunnen best veel mensen bereikt worden. Een minderheid van gemeenten beschikt momenteel over digitale schermen, en vaak wordt beroep gedaan op bedrijven die deze schermen tegen een relatief lage prijs op het openbaar domein plaatsen, maar wel onder voorwaarde dat zij ook zelf (grotendeels) de content van advertenties mogen bepalen. De advertenties die aangeboden worden beperken zich meestal tot grote spelers, die soms dan ook nog eens eerder gericht zijn op bvb. verkoop via het internet. Als gemeenten zelf tot aankoop van digitale schermen overgaan en de regie zelf in handen nemen, worden wel evenementen en nieuws uit de gemeente aangekondigd maar wordt quasi nooit overgegaan tot promotie van lokale handelszaken of streekproducten. 

Door het uitwerken en aanbieden van een raamovereenkomst binnen het project met een geïntegreerde oplossing wordt hiervoor een oplossing uitgewerkt:

- Slimme schermen die multimodaal gebruik faciliteren en interactie met passanten toelaat
- Een laagdrempelig softwareplatform (incl. app) die detailhandelaars toelaat om op een gemakkelijke manier advertenties te creeëren, een regisserende rol toelaat van een lokaal bestuur of een andere actor, en toelaat dat de schermen als communicatiekanaal multimodaal kunnen ingezet worden (bvb. in kader van infoverstrekking vanuit het bestuur, toeristische doeleinden, crisiscommunicatie, enzoverder...)",Hoe kunnen gemeenten lokale handel promoten met interactieve digitale schermen?,Task_1
134004,1,134004,LEVERING EN PLAATSING VAN VERSCHILLENDE SOORTEN CONTAINERS TEN BEHOEVE VAN DE TRAININGSUNIT TRANSPORT EN LOGISTIEK,"De opdracht bestaat erin om de bestaande containers af te breken, weg te halen en te recycleren en met de nieuwe containers een complex te vormen waarin plaats is voor eetgelegenheid (kantine), leslokalen en bureauruimte voor de instructeurs.  Daarnaast zullen er ook materiaalcontainers aangekocht worden om bij de trainingsunit te plaatsen.","Aanbesteding voor sloop, bouw containercomplex en levering materiaalcontainers.",Task_2
96888,1,96888,Reinigen en inspecteren van riolen in Westfriesland 2020–2023,Voor de periode 2020–2023 dient voor de 7 Westfriese gemeenten gezamenlijk ca. 464 000 m riool te worden gereinigd en geïnspecteerd. Elke gemeente geeft afzonderlijk opdracht.,Zijn er aanbestedingen die bevestigen dat gemeenten rioolonderhoud individueel aanbesteden?,Task_3
10792,1,10792,Instelling DAS perceel kostendeskundigen,"Opdrachten die binnen dit perceel van het DAS worden aanbesteed betreffen opdrachten kleiner dan 50.000 euro voor kostenadvies voor projecten van de directie Projecten in alle fasen van het bouwproces. Deze opdrachten kunnen de volgende taken omvatten:• het opstellen, verstrekken en toelichten van kosten kwaliteitadviezen• het modelleren t.b.v. kosten/kwaliteitsbeeld• het adviseren in arbitrageprocedures• het geven van 'second opinions'• het verzorgen of bijdragen aan interne RGD-opleidingen op het gebied van kostendeskundigheid• het afwegen van alternatieven vanuit de kostenoptiek• het opstellen en beprijzen van risicoanalyses","Aanbestedingen voor kostendeskundigheid, second opinions bij bouwprojecten onder 50.000 euro.",Task_1
136007,1,136007,OVERHEIDSOPDRACHT VAN DIENSTEN MET ALS VOORWERP DE ONTVANGST EN BEHANDELING VAN VEEGSELSLIB VAN HET BRUSSELS HOOFDSTEDELIJK GEWEST,"Het voorwerp van de opdracht is de ontvangst en de duurzame behandeling van slib afkomstig van de gemechaniseerde veegactiviteiten van het Brussels Hoofdstedelijk Gewest (code EU 20 03 03). Dit afval bestaat uit stof/zand/aarde en water, maar ook uit afval dat zich op de openbare weg bevindt en kan worden opgezogen door de veegmachines, zoals blikjes, sigarettenpeuken, opengescheurde zakken, glazen flessen, klein karton, … (niet-uitputtende lijst).",Welk type slib en afval komt vrij bij openbare wegreiniging?,Task_2
56964,1,56964,Aanbesteding van Catalogus Warme Drankenautomaten,"De opdracht betreft het leveren, gebruiksklaar installeren, technisch onderhoudenen (dagelijks) verzorgen van Warme Drankenautomaten en indien van toepassing bijbehorende onderkasten (met lade en vakindeling) alsmede het leveren vanalle voor deze Warme Drankenautomaten benodigde ingrediënten en bekers en bijbehorende opbergmogelijkheden tenbehoeve van locaties van de Deelnemers.",Bevestigen aanbestedingen voor drankenautomaten ook levering van ingrediënten en onderhoud?,Task_3
18664,1,18664,137304 - 1357 - ICT - Testcoördinator Infrastructuur applicatie migraties,"Gemeente Amsterdam heeft regelmatig behoefte aan externe inhuur van diverse expertise en capaciteit. Gemeente Amsterdam nodigt geïnteresseerde Ondernemers voor de vakgebieden uit om zich te registreren op het CTM platform en aan te melden voor het platform Externe inhuur. Ondernemers kunnen zich aanmelden voor één of meerdere vakgebieden binnen. Zodra gemeente Amsterdam behoefte heeft aan externe inhuur, wordt de offerteaanvraag in het platform Externe inhuur uitgezet. Ondernemers kunnen zich aanmelden voor de het platform Externe inhuur conform de minimaal gestelde eisen. Aan de toelating kan geen recht op opdrachten worden ontleend.Het platform Externe inhuur voor externe inhuur heeft betrekking op functies in de volgende vakgebieden (onder voorbehoud van ontwikkelingen/uitbreidingen): - Arbo –(Bouw) technisch – Communicatie – Facilitair – Financieel – Personeel & Organisatie - ICT – Inkoop – Interim management en Advies – Juridisch - Grondzaken en gebiedsontwikkeling - Sport.",Hoe registreer ik mij voor externe inhuur opdrachten bij gemeenten?,Task_1
11799,1,11799,Werkplekvoorziening-2.,Werkplekvoorzieningen (waaronder computerapparatuur). Voor nadere informatie verwijzen wij u naar aankondiging 2012/S039-063026 van 25.2.2012.,"Wat omvatten werkplekvoorzieningen, zoals computerapparatuur, in aanbestedingen?",Task_2
124367,1,124367,Europese aanbesteding inzake levering van dranken.,De Europese aanbesteding betreft het leveren van dranken ten behoeve van het Theater de Stoep en de Wijkcentra te Spijkenisse. De aanbesteding is verdeeld in 2 percelen.,Weerleggen aanbestedingen dranklevering aan publieke locaties verdeling in percelen?,Task_3
110888,1,110888,EA huur AD systemen,Het afsluiten van een raamovereenkomst met één partij voor het huren van AD systemen voor de duur van 5 jaar met de mogelijkheid om 1 keer met 1 jaar te verlengen.,Zoek aanbestedingen voor raamovereenkomst huren van systemen 5 jaar verlengbaar.,Task_1
32128,1,32128,Parkeerdienstverlening,"Met deze opdracht beoogt de gemeente Noordwijk een belangrijk deel van de uitvoerende parkeertaak in regie te plaatsen. Noordwijk stelt zelf haar parkeerbeleid op en evalueert de uitwerking daarvan met de Inschrijver. De uitvoering van parkeertaken kent verschillende onderdelen die op hoofdlijnen bestaan uit:- Parkeerhandhaving gereguleerde gebieden (fiscaal/ blauwe zone);- Parkeerhandhaving fout parkeren binnen gereguleerde gebieden (mulderfeiten);- Op verzoek van de opdrachtgever inzet van Boa’s ten behoefte taken voor het naleven van de algemeen plaatselijke verordening;- Invordering van naheffingsaanslagen;- Het verwerken van Aankondigingen van beschikking voor feitcodes die het parkeren betreffen;- Het verwerken van bezwaren, beroepschriften en beroepszaken op naheffingen;- Het verzorgen van het volledige proces van vergunninguitgifte;- Het verzorgen van een koppeling met NPR tbv vergunningdata;- Personeelsinzet parkeerloket voor burgers;- Het onderhoud aan technische in",Omschrijving van taken bij uitvoeren gemeentelijk parkeerbeleid,Task_2
59479,1,59479,Meeuwen-Gruitrode: module 13 — aanleg fietspaden en riolering langs N771 Weg naar Opoeteren.,"Module 13: aanleg fietspaden en riolering langs N771 Weg naar Opoeteren.De opdracht omvat in hoofdzaak volgende werken:1A. werken gesubsidieerd door het Vlaamse Gewest, AWV (art 63.51) (100 %) (100 % prefinanciering door gemeente Meeuwen-Gruitrode):— topografische verrichtingen en opmaken van uitvoeringstekeningen;— aanbrengen van signalisatie van verkeersomleidingen en werfsignalisatie;— opbraakwerken en grondwerken over de volledige breedte van het openbaar domein;— aanleggen van funderingen;— aanleggen van rijwegen in asfalt;— aanleggen van fietspadverharding in cementbeton;— aanpassen fietspaden van de rotonde te Gruitrode;— aanleggen van bushalten, busperrons en inritten in betonstraatstenen;— uitvoeren van allerhande lijnvormige elementen in cementbeton;— het onderhoud van de werken gedurende de waarborgperiode;— opmaken van as-built plannen wegenis en riolering;— aanleggen van een grachten;— plaatsen van straatkolken;— groenaanleg en groenonderhoud;— het onderhoud van de werken gedurende de waarborgperiode;1B. niet gesubsidieerd deel (ten laste van de gemeente Meeuwen-Gruitrode):— aanpassen van de huistoegangen en huisinritten;— aanleg voetpad in kleinschalige elementen en cementbeton;— groenaanleg en groenonderhoud;1C. niet gesubsidieerd deel (ten laste van AWV):— aanleg slemlaag over de gehele rijweg;2. rioleringswerken ten laste van Infrax (deels gesubsidieerd door VMM (100 % — 75 %) en AWV (art 73.11)):— opbreken van bestaande rioleringen binnen de sleuf van de nieuwe riolering;— aanleggen van een DWA-riolering;— aanleggen van RWA-riolering;— maken van huisaansluitingen op de DWA- en RWA-riolering;3. wegeniswerken ten laste van gemeente Meeuwen-Gruitrode:— topografische verrichtingen en opmaken van uitvoeringstekeningen;— aanbrengen van signalisatie van verkeersomleidingen en werfsignalisatie;— opbraakwerken en grondwerken over de volledige breedte van het openbaar domein;— aanleggen van funderingen;— aanleggen van rijwegen in asfalt;— aanleggen van fietspadverharding in kleinschalige elementen;— aanleggen van bushalten, busperrons en inritten in betonstraatstenen;— uitvoeren van allerhande lijnvormige elementen in cementbeton;— opmaken van as-built plannen wegenis;— plaatsen van straatkolken;— groenaanleg;— het onderhoud van de werken gedurende de waarborgperiode.","Welke aanbestedingen combineren wegenis, riolering, groenaanleg en meerdere subsidiegevers?",Task_3
99020,1,99020,Landelijk – afroepcontract inzake het leveren en monteren van dubbellaagse fietsparkeersystemen,"ProRail heeft behoefte aan het afsluiten van een raamovereenkomst met betrekking tot een dubbel laags fietsparkeersysteem. Het doel van deze aanbesteding is om met 1 partij een exclusieve raamovereenkomst te sluiten betreffende deze dubbel laags fietsparkeersystemen, hierna te noemen ‘het systeem’, om invulling te geven aan deze behoefte.Deze Overeenkomst omvat de levering van Dubbellaags Fietsparkeersystemen 3.0 (hierna: DFPS 3.0), inclusief daartoe behorende onderdelen, van toepassing zijnde hulpmiddelen en daaraan verwante dienstverlening zoals ondersteunende installatie-, instandhoudingsdiensten op verschillende stationslocaties in Nederland.Het DFPS 3.0 heeft tot doel het stallen van fietsen, inpandig en uitpandig, op stationslocaties, mogelijk te maken en te houden.",Wie levert en onderhoudt dubbellaags fietsparkeersystemen voor stationsomgevingen?,Task_1
82350,1,82350,Maatwerk Ontwikkelinterventies voor Groepen,Maatwerk Ontwikkelinterventies voor Groepen Maatwerk ontwikkelinterventies voor de medewerkers UWV,op maat gemaakte ontwikkelprogramma's voor professionele groepen medewerkers,Task_2
86130,1,86130,"Levering, installatie, beheer en onderhoud Parkeerautomaten","De gemeente wenst te komen tot een overeenkomst met één (1) Opdrachtnemer voor de levering/ installatie, beheer en onderhoud van parkeerautomaten ten behoeve van de gemeente Purmerend. Zie aanbestedingsleidraad.","Bevestigen aanbestedingen één leverancier voor levering, beheer en onderhoud parkeerautomaten?",Task_3
22142,1,22142,“Keuringsinspecties elektrotechnische installaties”,"Betreft keuringsinspecties voor de elektrotechnische Installaties van Erasmus MC, aan de hand van toepasselijke NEN-normeringen. Zie offerteleidraad voor nadere informatie.",Zoek aanbestedingen voor inspecties elektrische installaties volgens NEN-normen,Task_1
18921,1,18921,Verduurzaming Elektriciteit en Gas — Collectief West-Brabant.,Een collectief van 20 gemeentes en één regionaal archief uit hoofdzakelijk West— Brabant wenst Garanties van Oorsprong en CO2-reductie certificaten in te kopen om zowel zijn elektriciteits- als gasverbruik te verduurzamen.,Inkoop duurzame energiecertificaten voor verduurzaming elektriciteit en gas door gemeenten,Task_2
82034,1,82034,Realisatie Hoogwaardig Openbaar Vervoer R-net in Ridderkerk,"aanleg voorzieningen voor een Rnet busverbinding in Ridderkerk waarbij de Populierenlaan en een deel van de Burg. de Zeeuwstraat  worden gereconstrueerd. globale hoeveelheden
opbreken en aanbrengen asfalt wegen  3000m2
opbreken en aanbrengen asfalt fietspad 2600m2
inclusief fundering, banden kolken en leidingen
opbreken aan aanleg elementenverharding  22m2
aanleg groen  2200m2 incl heesters en planten 45 bomen
inclusief wegbebakening, bushaltes, overige inrichtingselementen",Bevat aanleg bushaltes vaak ook omvangrijke aanleg van groenvoorzieningen?,Task_3
33447,1,33447,"Oplossing ten behoeve van e-tender, contractbeheer en contractmanagement","Deze aanbestedingsleidraad betreft de Europese aanbesteding voor de levering, implementatie/inrichting, onderhoud/beheer en het bieden van support inzake een e-tender, contractbeheer en contractmanagement systeem als SaaS oplossing.De aanschaf van één totaal oplossing voor e-tender, contractbeheer en contractmanagement:- E-tender: elektronische offerteaanvraag, inclusief interne (goedkeurings)processen;- Contractbeheer: digitaal en centraal registeren en beheren van contracten, zodat de contractuele verplichtingen op het juiste tijdstip en op de juiste plaats beschikbaar zijn. Contractbeheer is een onderdeel van contractmanagement.- Contractmanagement: methodiek om afspraken met leveranciers duidelijk en transparant vast te leggen en hier actief op te sturen. Het managen van wederzijds prestaties, contractuele afspraken, mutaties en (nadere) opdrachten.",Zoek aanbestedingen voor SaaS oplossing digitale aanbestedingen en afsprakenbeheer.,Task_1
90479,1,90479,Leningsprogramma OCMW.,Leningsprogramma OCMW.,Zoek uitleg over een leningsprogramma voor sociale hulpverlening.,Task_2
101786,1,101786,Wetenschappelijke ondersteuning sedimentologisch laboratorium,"De opdracht betreft het leveren van wetenschappelijke bijstand aan het sedimentologisch laboratorium van het Hydrologisch Informatie Centrum. Voor deze opdracht wordt halftijds bijstand gevraagd van 1 deskundige die ervaring heeft in een labo-omgeving. Eveneens dient deze deskundige ervaring te hebben met het wetenschappelijk ondersteunen van projectvragen/opdrachten met betrekking tot het sedimentologisch laboratorium, het opvolgen van kwaliteit en kunnen werken met labo-informatiesystemen.",Behoefte aan expert voor labo-ondersteuning met ervaring in LIMS.,Task_3
48350,1,48350,Levering aardgas,Dit Aanbestedingsdocument betreft de offerteaanvraag voor de levering van Aardgas ten behoeve van Collectief Zwolle.Opdrachtgever heeft besloten om de levering van aardgas op te splitsen in twee percelen: één perceel voor het telemetrievolume (GXX/ GGV) en één perceel voor het profielvolume (G1A/ G2A en G2C).In praktijk zou dit kunnen betekenen dat Opdrachtgever (lees: een deelnemer) dus twee verschillende leveranciers krijgt voor het te leveren gas. Het is Inschrijvers toegestaan om op slechts één perceel aan te bieden.Opdrachtgever bestaat uit de individuele deelnemers zoals in aanbestedingsdocumenten staan vermeld.Het lichten van een optiejaar zal collectief gebeuren.Deze aanbesteding wordt uitgevoerd door ONS Shared service centrum in opdracht van deelnemende organisaties.Gemeente Zwolle treedt gedurende de aanbesteding op als penvoerder namens de Opdrachtgever en wordt hierbij inhoudelijk ondersteund door Wattanders B.V.,Offerteaanvraag gaslevering voor meerdere organisaties met deelbare percelen,Task_1
69423,1,69423,Aannemersselectie voor de bouw van een brede school en een woonzorgcentrum in de wijk Opwierde in Appingedam ten behoeve van Woongroep Marenland.,"Het voorbereiden en uitvoeren van de bouwkundige werkzaamheden, inclusief de liftinstallatie en de coördinerende werkzaamheden met betrekking tot de werken van derden;Het leveren, monteren en bedrijfsvaardig opleveren van werktuigbouwkundige installaties;Het leveren, monteren en bedrijfsvaardig opleveren van elektrotechnische installaties;Een onderhoud- en garantietermijn voor de bouwkundige werkzaamheden, de elektrotechnische en werktuigbouwkundige installaties;Exclusief het gebouwgerelateerde terrein.","Wat omvat een aanbesteding voor bouw, installaties en onderhoud?",Task_2
80968,1,80968,Participatiecoach,Bij het team Maatschappelijke Ondersteuning is een vacature ontstaan van participatiecoach ter vervanging van ziekte. ,Aanbestedingen die de noodzaak voor participatiecoaches bij maatschappelijke ondersteuning aantonen?,Task_3
66736,1,66736,Aanbesteding Accountantscontrolediensten.,Het leveren van accountantscontrolediensten voor Enexis.,Welke aanbestedingen zijn er voor externe accountantscontrole?,Task_1
1726,1,1726,Aansprakelijkheidsverzekering ten behoeve van gemeente Eemsdelta,"Aansprakelijkheidsverzekering ten behoeve van gemeente Eemsdelta De overeenkomst gaat in op 01-01-2024 en eindigt op 01-01-2026. Na
deze initiële contractstermijn is er sprake van een doorlopende,
stilzwijgende verlengingsmogelijkheid van telkens 12 maanden, tenzij
één der partijen de overeenkomst uiterlijk 4 maanden voor de
contractvervaldatum schriftelijk opzegt",Informatie over aanbesteding aansprakelijkheidsverzekering inclusief contractverlenging en opzegvoorwaarden.,Task_2
33673,1,33673,Schoonmaak Bus,"De scope van de aanbesteding betreft het sluiten van een Overeenkomst inzake de schoonmaak van het stadsbussen wagenpark dat door GVB planmatig is verdeeld over de drie garages West, Zuid enNoord",Bevestigen aanbestedingen dat busvloten op meerdere garages worden gereinigd?,Task_3
77195,1,77195,Levering stropdassen in geschenkenvelop voor het EU-Voorzitterschap.,"Nederland is in de eerste helft van 2016 voor de twaalfde keer voorzitter van de Raad van de Europese Unie. Gedurende dat half jaar zal een groot deel van alle ministeriële en ambtelijke vergaderingen in Brussel (en Luxemburg) worden voorgezeten door Nederland. Tegelijkertijd zullen in Nederland ook 10 tot 13 informele ministeriële vergaderingen en 150 ambtelijke vergaderingen plaatsvinden met in totaal 25 000 inkomende delegatieleden (ministers, directeuren-generaal, directeuren en beleidsadviseurs).Een half jaar lang zijn de ogen van de EU en Europa gericht op Voorzitter Nederland. Daarmee is het Voorzitterschap een kans: het kan aan de positieve beeldvorming van ons land bijdragen. Dat is ook een belang, omdat de Nederlanders een groot deel van hun inkomen verdienen in de Europese Unie.Binnen het ministerie van Buitenlandse Zaken is een projectgroep opgericht die verantwoordelijk is voor de logistieke voorbereiding en uitvoering van het Nederlandse EU-Voorzitterschap in 2016. Deze Centrale Projectorganisatie (CPEU) werkt daarbij nauw samen met de overige Nederlandse vakdepartementen. Hetzelfde geldt voor het netwerk van ambassades, permanente vertegenwoordigingen en consulaten-generaal in het buitenland, die het Koninkrijk der Nederlanden en daarmee de overheid in al haar geledingen aldaar vertegenwoordigen.Aard en doel van de opdracht:Het ministerie van Buitenlandse Zaken zal in het kader van het EU-Voorzitterschap als relatiegeschenk onder andere stropdassen in geschenkenvelop laten maken. Bij inkomende bezoeken, maar ook door Nederlandse ambassades in het buitenland in het kader van het Nederlandse EU-Voorzitterschap kunnen deze aan buitenlandse gasten overhandigd worden.Het doel van deze opdracht is een overeenkomst te sluiten met 1 dienstverlener ten behoeve van de levering van deze stropdassen in geschenkenvelop.",Aanbesteding stropdassen geschenkenvelop voor bezoekers tijdens EU voorzitterschap,Task_1
93381,1,93381,"Leopoldkanaal en Afleidingskanaal van de Leie, uitwateringskokers te Zeebrugge, anticorrosiewerken en betonherstelling","Het voorwerp van de opdracht is het renoveren van de uitwateringskokers van het Leopoldkanaal en het Afleidingskanaal van de Leie, die via de haven van Zeebrugge uitmonden in de Noordzee. Zowel de onderdelen boven als onder de waterlijn worden in den droge gerenoveerd.De renovatie van de uitwateringskokers omvat zowel de anticorrosiebehandeling van de stalen damplanken van de kokers als betonherstellingen aan de dakplaten van de kokers en damwandkespen.De anticorrosiebehandeling omvat zowel het reinigen van de damplanken als het aanbrengen van een anticorrosielaag op deze damplanken.",Welke werkzaamheden omvat de renovatie van waterafvoerconstructies in den droge?,Task_2
101060,1,101060,Aanstellen van experten voor het vaststellen van schade aangericht door algemene rampen in het Vlaamse Gewest,De opdracht betreft het aanstellen van experten voor het vaststellen van schade aangericht door algemene rampen in het Vlaamse Gewest (decreet van 3.6.2016).,Bevestigen aanbestedingen de behoefte aan experts bij rampenschade?,Task_3
87325,1,87325,Gunningen DAS Edam-Volendam Q4 2023,"Betreft de kwartaalrapportage van Q4-2023 van de gegunde opdracht van het DAS van de gemeente Edam-Volendam. 1,00",Welke kwartaalrapportages zijn beschikbaar over gegunde opdrachten via aankoopsystemen Q4 2023?,Task_1
136603,1,136603,"WOV/INV/N49/3/U1 - Omvorming N49 Damme Maldegem - Aanbesteding 2: E34/A11 tussen kmpt. 132.6 en kmpt. 135.5. Omvorming van de N49 Damme Maldegem tot autosnelweg A11 en de aanleg van parallelinfrastructuur, inclusief bijhorende kunstwerken","Het doel van deze aanneming is de omvorming van de N49 Damme Maldegem tot autosnelweg van kmpt. 132.6 tot kmpt. 135.5 in combinatie met de aanleg van ongelijkgrondse kruisingen en de aanleg van lokale erfontsluitingswegen, parallelwegen en vrijliggende fietspaden voor het lokale verkeer.",Wat omvat de omvorming van een weg naar snelweg met fietspaden?,Task_2
74918,1,74918,EG.144006-NG-2016 maaien en afvoeren maaisel natte en vochtige graslanden ten behoeve van Staatsbosbeheer.,"De aanbestedende dienst is voornemens een Europese aanbesteding te starten voor het maaien en afvoeren van maaisel van natte en vochtige graslanden.Deze aanbesteding is verdeeld in 2 kavels, te weten 1 kavel rups gedragen machines en 1 kavel ballonbanden gedragen machines. Deze kavels zijn onderverdeeld in 20 clusters, 14 clusters voor rups gedragen machines en 6 clusters voor ballonbanden gedragen machines die bestaan uit een verzameling geografisch geordende werkpakketten.",Aanbesteding maaiwerkzaamheden natte graslanden is opgedeeld per machinetype.,Task_3
12307,1,12307,Realisatie VOS (Verkeersmanagement Ondersteuning Scheepsvaart).,"Met deze aanbesteding beoogt RWS te komen tot een overeenkomst met één contractpartij voor het leveren van ICT-diensten voor de realisatie van het Verkeersmanagement Ondersteuning Scheepsvaart (VOS) systeem, traject I. De ICT-diensten moeten leiden tot de realisatie en implementatie van een goed werkend en onderhoudbaar VOS systeem ter vervanging van het huidige systeem, ""IVS90"" inclusief de koppeling met aanpalende systemen. De realisatie van VOS betreft naast softwareontwikkeling ook de systeemintegratie en de uitrol over ca 120 RWS locaties. De contractpartij dient, na oplevering van traject I, tevens het systeem gedurende minimaal een jaar te onderhouden.",Zoek aanbestedingen voor realisatie en onderhoud maritiem verkeersmanagement systeem,Task_1
8347,1,8347,Hulp bij het huishouden gemeente Wassenaar 2013.,Deze tender betreft een openbare Europese Aanbesteding 'Hulp bij het huishouden 2013’ voor gemeente Wassenaar. Opdrachtgever besteedt de Hulp bij het huishouden aan met als doel om Raamovereenkomsten af te sluiten met Aanbieders die kwalitatief goede hulp verlenen. Hierbij streeft Opdrachtgever er naar om zowel grote als kleine Aanbieders te contracteren. Aan het aantal te contracteren partijen is geen limiet gesteld. Gemeente Wassenaar zal gebruik gaan maken van een Dynamisch selectiemodel (DMS) als toewijzingssystematiek voor Hulp bij het Huishouden.,Aanbesteding huishoudelijke hulp: hoe contracteert men grote en kleine aanbieders?,Task_2
133,1,133,Monitoring- en evaluatieonderzoek Jeugd- en Gezinshulp,De gemeente voert voor een deel van de Jeugdhulp een nieuw stelsel in. Om de uitvoering van dit stelsel goed te kunnen volgen en de effecten vast te stellen is er behoefte aan een monitoring- en evaluatieonderzoek. Met deze aanbesteding wenst de gemeente Den Haag één partij te contracteren ten behoeve van het uitvoeren van dit onderzoek gedurende de gehele looptijd van de overeenkomst voor Jeugdhulp (8 jaar). Het betreft een nieuwe opdracht. Er is geen Raamovereenkomst binnen de gemeente waarbinnen deze opdracht uitgevoerd kan worden.,Zoek aanbestedingen langlopend onderzoek effecten nieuw gemeentelijk jeugdzorgbeleid.,Task_3
97294,1,97294,Projectleider ten behoeve van de Taskforce instandhouding F-35,De projectleider voor de Taskforce F-35 zal de Taskforce instandhouding F-35 aansturen en daarmee vorm geven aan de activiteiten van de Taskforce. De werkzaamheden zijn nader gespecificeerd in het aanbestedingsdocument.,Zoek aanbestedingen voor leidinggevende rol F-35 beheerteam.,Task_1
133632,1,133632,Raamovereenkomst voor het produceren en plaatsen van zuilen voor naamplaatjes aan de strooiweide op diverse Gentse begraafplaatsen,"Deze raamovereenkomst omvat een vaste deelopdracht en deelopdrachten op afroep. De vaste deelopdracht betreft de productontwikkeling, voorleggen stalen en definitieve uitvoeringstekeningen. De deelopdrachten op afroep betreffen het produceren, leveren en plaatsen van zuilen en naamplaatborden voor naamplaatjes aan de strooiweides van de Gentse begraafplaatsen.",Welke fasen omvat de levering van gedenktekens voor begraafplaatsen?,Task_2
94469,1,94469,Verwerken van ongebroken gemengd hout A/B afkomstig van Midwasteleden,Partijen doen een beroep op artikel 2.32 lid 1 sub b) no 2 Aanbestedingswet omdat zij na onderzoek stellen dat mededinging voor het toepassen van gemengd hout A/B met een hoogwaardig (materiaal) hergebruik in dit concrete geval ontbreekt. Het doel van de aanbesteding is het sluiten van een overeenkomst met 1  dienstverlener tot 31.12.2021. De ingangsdatum van de overeenkomst is 1.1.2020.Opdrachtgever: Coöperatieve Vereniging Midwaste Milieu UA.,Aanbestedingen zonder concurrentie voor hoogwaardig hergebruik van gemengd hout,Task_3
126265,1,126265,"Huur van Afdruk-, kopieer- en scanvoorzieningen inclusief gebruiks- en verbruiksartikelen en software ten behoeve van Onderwijsgroep Fier en Proloog.","Huur van afdruk-, kopieer- en scanvoorzieningen inclusief gebruiks- en verbruiksartikelen en software ten behoeve van Onderwijsgroep Fier en Proloog.",Zoek aanbestedingen voor printoplossingen inclusief supplies en software voor onderwijs.,Task_1
81681,1,81681,Sanitaire voorzieningen,"Openbare Europese aanbesteding voor de levering van sanitaire voorzieningen (inclusief dienstverlening) ten behoeve van gemeente Groningen. De geschatte waarde van de opdracht bedraagt 3.600.000 euro exclusief btw. Dit is voor de gehele duur van deze opdracht, inclusief mogelijke verlengingen.",Informatie over omvang Europese aanbestedingen sanitaire voorzieningen gemeenten.,Task_2
34694,1,34694,Realisatie en onderhouden van het nieuwe Huis voor de stad Amersfoort,De Gemeente is voornemens een nieuw stadhuis (ca. 22.000 m2 bvo) te realiseren en te onderhouden.Het object van aanbesteding betreft de integrale uitvoeringsopdracht van de nieuwbouw van het Huis voor de Stad in Amersfoort. De opdracht bestaat uit de volgende fases:- Fase 1: UO-fase (uitwerking TO / bestek naar een UO);- Fase 2: uitvoeringsfase (realisatie van het werk); en- Fase 3: onderhoudsfase (onderhoud voor een periode van 20 jaar).,Bevestigen aanbestedingen dat nieuwbouw en langdurig onderhoud samengaan?,Task_3
113967,1,113967,Marktconsultatie — marktconsultatie op dienstverlening van de procesautomatisering van afvalwaterzuiveringsintallaties en watersystemen,Deze marktconsultatie wordt gehouden ter voorbereiding op de totstandkoming van een contracteringsstrategie ten behoeve van de dienstverlening op de procesautomatisering van afvalwaterzuiveringsinstallaties (AWZI’s) en watersystemen. Wij maken gebruik van het ABB Distributed Control System 800xA waarin besturingssoftware en visualisatie volledig geïntegreerd is en geoptimaliseerd voor de ABB AC800 PLC hardware in het veld. Wij zoeken een leverancier die zich tot doel stelt ons te ondersteunen in de besturing van onze procesautomatiseringssystemen in optimale conditie te houden.,Ondersteuning gezocht procesautomatisering afvalwaterzuiveringsinstallaties en watersystemen besturingssystemen,Task_1
111234,1,111234,Vervangen Openbare Verlichting,"Het gaat in deze opdracht om het vervangen van lichtmasten en armaturen in de openbare ruimte in de industrieterreinen Hoorn 80, Gildeweg, Lage weg, Oude Veiling en Westfrisia. De verouderde lichttechnieken en lampen moeten worden vervangen door LED verlichting.",Vervanging verouderde openbare verlichting door LED op industrieterreinen,Task_2
93341,1,93341,Raamovereenkomst voor de aankoop van gadgets en promotiemateriaal,De opdracht betreft de aankoop van gadgets en promotiemateriaal.De opdracht omvat 5 percelen:* perceel 1 - technologie en accessoires* perceel 2 - textiel* perceel 3 - outdoor en vrije tijd* perceel 4 - kantoormateriaal* perceel 5 - tassenDe raamovereenkomst wordt afgesloten met 1 deelnemer per perceel.,Wordt er per categorie slechts één leverancier gecontracteerd?,Task_3
86478,1,86478,“Overeenkomst Bouwteam gemeente Landgraaf 2024” m.b.t. de uitbreiding BS de Schatgraver,De gemeente Landgraaf wil middels een bouwteamconstructie Basisschool de Schatgraver gebouwelijk uitbreiden en is aldus op zoek naar partijen die hiermee ervaring hebben om daarmee een aannemer te contracteren om actief deel te nemen in het bouwteam. Onbekend,Aannemer met bouwteam ervaring gezocht voor uitbreiding schoolgebouw.,Task_1
93852,1,93852,Raamovereenkomst voor de levering van diesel EN 590 voor wegvervoer,"Sluiting raamovereenkomst.Raamovereenkomst voor de levering van diesel EN 590 voor wegvervoer met een looptijd van drie jaar, tweemaal verlengbaar met één jaar.",Zoek raamovereenkomst dieselvoorziening wegvervoer met verlengbare contractduur,Task_2
65716,1,65716,Raamovereenkomst Bouwkundig Advies en Ingenieursdiensten,"Het doel van deze aanbesteding is om te komen tot een raamovereenkomst met maximaal drie (3) partijen voor de uitvoering van bouwkundig advies en ingenieursdiensten voor renovaties, nieuwbouw en projectmanagement op het gebied van bouw, elektrotechniek en werktuigbouwkunde.",Zoekt men langdurige samenwerking voor bouwadvies met drie partijen?,Task_3
132644,1,132644,Leerlingenvervoer stedelijke scholen Ninove — schooljaar 2015/2016.,Leerlingenvervoer stedelijke scholen Ninove — schooljaar 2015/2016.,Aanbestedingen voor schoolvervoer naar onderwijsinstellingen gezocht,Task_1
86260,1,86260,Overeenkomst fixed head doppler,Het betreft een overeenkomst voor een fixed head doppler voor het miniterie van Defensie. Het is een onderhandelingsprocedure zonder aankondiging. Dit met als reden technische/artistieke redenen of bescherming van uitsluitende rechten.,Informatie over aanbestedingen met onderhandelingsprocedure wegens technische redenen.,Task_2
45413,1,45413,"Vervangingsnieuwbouw voor 105 woongelegenheden woonzorgcentrum, 10 kortverblijf en 15 eenheden dagverzorgingcentrum na sloping bestaande bebouwing, LOT 1: SLOPING 2e FASE.","Vervangingsnieuwbouw voor 105 woongelegenheden woonzorgcentrum, 10 kortverblijf en 15 eenheden dagverzorgingscentrum, na slopen bestaande bebouwing.Lot 1 - sloping 2e fase.",Aanbestedingen voor zorgcomplexen die oude gebouwen vervangen na sloop?,Task_3
129011,1,129011,Europese (her)aanbesteding laboratorium basis chemicalien,Het doel van het Radboudumc is het selecteren en contracteren van één Ondernemer voor het leveren van een zo groot mogelijk deel van het totale uitgevraagde assortiment laboratorium basis chemicaliën. Deze producten worden gebruikt in de diagnostische laboratoria en onderzoeksafdelingen binnen het Radboudumc. Met de geselecteerde Ondernemer wil het Radboudumc een raamovereenkomst aangaan voor de (maximale) duur van 4 jaar.,Aanbestedingen gezocht voor de levering van laboratorium basis chemicaliën.,Task_1
73043,1,73043,EA Levering dienstvoertuigen met een bruto gewicht tot 3 500 kg.,"Gemeente Súdwest-Fryslân wenst per perceel een raamovereenkomst af te sluiten voor de levering van dienstvoertuigen met een bruto gewicht tot 3 500 kg.De opdracht is onderverdeeld in 5 percelen:— perceel 1: type 1; voertuigen L2/L3 met vaste laadbak en autolaadkraan,— perceel 2: type 2; voertuigen L1 met vaste laadbak en enkele cabine,— perceel 3: type 3; voertuigen L2 met vaste laadbak en dubbele cabine,— perceel 4: type 4; een klein voertuig met vaste laadbak en enkele cabine,— perceel 5: type 5; een dichte bus L2H2 met enkele cabine.Per perceel wordt een raamovereenkomst afgesloten met 1 opdrachtnemer.",Details over aanbesteding voor lichte bedrijfswagens met diverse carrosserieën en kranen.,Task_2
43899,1,43899,"Verzekeringen 2024-2029: Personen, Materiële Schade, Aansprakelijkheid en Voertuigen","Verzekeringen 2024-2029: Personen, Materiële Schade, Aansprakelijkheid en Voertuigen","Welke aanbestedingen bevestigen brede dekking voor personen, schade en voertuigen?",Task_3
105474,1,105474,Coördinatie en inzet van schade-expertise t.b.v. TCMG,"De opdracht omvat het leveren van deskundigen om de schade op te nemen, vast te stellen, te calculeren en te rapporteren over de aard van deze schade in het licht van de door TCMG te maken beoordeling over de toekenning van een schadevergoeding op grond van het Besluit mijnbouwschade Groningen, inclusief de projectcoördinatie van de inzet en kwaliteitscontrole van de adviesrapporten.LET OP: de sluitingsdatum voor het stellen van vragen voor de 1e Nota van Inlichtingen is 24.7.2018 conform de planning uit paragraaf 1.3 van het Aanbestedingsdocument.",Aanbestedingen voor schade-expertise en advisering over vergoedingen.,Task_1
26529,1,26529,Levering Dienstkledij,Raamovereenkomst voor de levering van kazernekledij voor de brandweer (broek en vest).,Aanbestedingen voor levering en specificaties van dienstkleding brandweer.,Task_2
11543,1,11543,Levering van Grond- en hulpstoffen t.b.v. productie van matrassen en kussens,grond- en hulpstoffen voor de productie van matrassen en kussens,Bevestigen aanbestedingen de behoefte aan materialen voor beddengoed productie?,Task_3
129553,1,129553,Levering en installatie verkeersregelinstallaties.,Leveren en installeren van verkeersregelinstallaties op een aantal locaties binnen de gemeente Sittard-Geleen.,Aanbestedingen voor levering en installatie verkeersregelsystemen gemeente,Task_1
36180,1,36180,Geautomatiseerde gevoeligheidsbepalingen voor antimicrobiële middelen,Aankoop geautomatiseerd systeem voor de uitvoering van gevoeligheidsbepalingen voor antimicrobiële middelen.,Aanbestedingen voor geautomatiseerde systemen voor effectiviteitstesten van antibiotica,Task_2
40635,1,40635,Architect en Technische adviseurs Huisvesting Basisteam Burgwallen te Amsterdam,Voor de huisvesting van het nieuwe Robuuste Basisteam “Burgwallen” in de binnenstad van Amsterdam heeft de Politie een gebouw aangekocht op de Nieuwezijds Voorburgwal 35-39. Met de onderhavige aanbesteding wordt een Architect en een Technisch adviseur aangetrokken om het Programma van Eisen zodanig verder uit te werken tot STABU bestekken en tekeningen waarop uiteindelijk aannemers kunnen worden gecontracteerd om met de uitvoering van de werkelijke bouw- en overige werkzaamheden te beginnen.,Zijn er aanbestedingen voor architecten die een aangekocht gebouw uitwerken?,Task_3
44753,1,44753,Het omzetten en bijwerken van hydraulische modellen van Infoworks RS naar ICM,"De opdracht omvat het omzetten van een deel van deze modellen naar Infoworks ICM. Binnen die omzetting van het model, wordt ook gevraagd het model ineens bij te werken naar de meest recente versie van het digitaal hoogtemodel Vlaanderen en te herkalibreren (PDM, eventueel ruwheden) voor die modellen waarvoor meetgegevens beschikbaar zijn. Tot slot wordt gevraagd om ook overstromingskaarten bestaande toestand en onder invloed van klimaat (HCC 2050) te genereren.",Aanbesteding voor omzetten watermodellen en genereren overstromingskaarten klimaatimpact,Task_1
45164,1,45164,Raamovereenkomst voor ondersteuningstaken binnen Ontwikkeling Strategisch Personenmodellen,"De opdracht gebeurt binnen een raamovereenkomst voor diensten. De diensten omvatten de ondersteuning voor het beheer en de verdere ontwikkeling van de strategische verkeersmodellen, in het bijzonder het vraagmodel (perceel 1) en de netwerkmodellen (perceel 2).",Welke diensten omvat een raamovereenkomst voor strategische verkeersmodellen?,Task_2
19937,1,19937,Europees openbare aanbesteding onderhouds en storingscontracten beweegbare kunstwerken provincie Overijssel.,"De opdrachtgever van deze aanbesteding is de provincie Overijssel. De provincie Overijssel is een bestuurlijke overheidsorganisatie op provinciaal niveau. Ze vormt de bestuurslaag tussen de rijksoverheid en de 25 gemeenten in de provincie. Het algemeen bestuur wordt gevormd door de Provinciale Staten (47 leden). Het dagelijks bestuur is in handen van het college van Gedeputeerde Staten (GS), bestaande uit 5 gedeputeerden en wordt voorgezeten door de Commissaris van de Koning.
Het onderhoud voor de drie percelen bestaat uit cyclische onderhoudswerkzaamheden, vervangingen van onderdelen en eenmalige werkzaamheden zoals aanpassingen aan installaties en kunstwerken. Ook het verhelpen van storingen valt binnen de scope van de opdracht.
Deze aanbesteding wordt uitgevoerd door ONS Shared service centrum in opdracht van de provincie Overijssel.",Worden beheertaken van provinciale overheden uitbesteed aan externe partijen?,Task_3
103167,1,103167,Europese aanbesteding HRM/Finance applicatie,Stichting Centrum voor Jeugd en Gezin Rijnmond (CJG Rijnmond) is voornemens een overeenkomst af te sluiten met betrekking tot de verwerving van een applicatie ter ondersteuning van de HR en financiële processen.,Aanbesteding applicatie voor HR en financiële procesondersteuning,Task_1
118686,1,118686,Afsluiten van een groepsverzekering voor het personeel.,Het afsluiten van een groepsverzekering voor het personeel.,Wat houdt een aanbesteding voor collectieve personeelsverzekering in?,Task_2
69299,1,69299,EU-aanbesteding Print- en kopieervoorzieningen INK.11.001.,"Doel van deze aanbesteding is het selecteren en contracteren van maximaal 1 leverancier per perceel voor de levering van Multifunctionele Afdruk Apparatuur, aanverwante Apparatuur en bijbehorende dienstverlening conform de in het aanbestedingsdocument en bijbehorende bijlagen vastgelegde eisen en wensen.Het betreft een aanbesteding die in de volgende twee percelen is verdeeld:— Perceel 1 decentrale Multifunctionals,— Perceel 2 centrale repro apparatuur.Met de geselecteerde leverancier(s) zal de Provincie, per perceel, een overeenkomst van 5 jaar afsluiten met een optie tot verlenging met eenmaal 1 jaar tot uiteindelijk een maximale looptijd van 6 jaar.",Aanbestedingen voor zowel decentrale als centrale afdrukapparatuur?,Task_3
83654,1,83654,Meteropname- en meterwissel-applicatie en diensten,"De procedure ""Vrijwillige transparantie"" wordt toegepast omdat uit marktonderzoek is gebleken dat er geen andere spelers op de markt zijn die een oplossing kunnen aanbieden om het proces van meteropname en meterwisselen (bij waterbedrijven) op een vergelijkbare manier te ondersteunen.",Oplossing voor meteropname en meterwisselen bij waterbedrijven die uniek is op de markt.,Task_1
63860,1,63860,Locatie intermediair,Intermediair voor vergader en hotelaccomodaties.,Uitleg over bemiddeling bij vergaderingen en hotelboekingen,Task_2
18561,1,18561,Tolkdiensten 1-274-16.,De onderhavige opdracht heeft samengevat betrekking op tolkdiensten. De aanbestedende dienst beoogt derhalve met deze opdracht om te komen tot raamovereenkomst met een primaire en een secundaire opdrachtnemer. Binnen de raamovereenkomst zullen de nadere opdrachten in eerste instantie aangeboden worden aan de opdrachtnemer van de primaire raamovereenkomst. Als deze niet kan leveren zal de opdrachtnemer van de secundaire raamovereenkomst benaderd worden.,Welke aanbestedingen voor tolkdiensten hanteren meerdere leveranciers?,Task_3
121542,1,121542,"Oproep tot kandidaatstelling - PPS-project ""MIJNPARK"".","De doelstelling van het PPS-project ""Mijnpark"" is het komen tot een hoogwaardige realisatie van enerzijds het cleantechwoonpark en anderzijds de cleantech campus, waardoor de verweving van het centrum en het voormalig mijnterrein in praktijk omgezet wordt. Om de uitstraling van het gebied te verhogen wordt tevens de realisatie van een aantrekkingspool tussen de schachtbokken beoogd (cfr. Dinner in the Sky).De te selecteren Private Partner zal deelnemen aan een op te richten publiek-private projectvennootschap (SPV), die zal instaan voor de herontwikkeling en de vermarkting van de ontwikkelingen op het oude mijnterein van de gemeente Houthalen-Helchteren (Mijnpark), alsook voor de financiering voor deze herontwikkeling.",Hoe een voormalig mijnterrein herontwikkelen tot duurzame woon- en campusgebieden?,Task_1
127549,1,127549,Offerteverzoek Monitoring en evaluatie van het bevolkingsonderzoek darmkanker,Het RIVM-Centrum voor Bevolkingsonderzoek (CvB) is verantwoordelijk voor een landelijke monitor en evaluatie van de bevolkingsonderzoeken. Het CvB maakt daarbij onderscheid tussen monitoring en evaluatie (zie definities in de bijlage 2 van het Beschrijvend document).,Toelichting op de landelijke monitoring en evaluatie van bevolkingsonderzoeken,Task_2
70841,1,70841,Raamovereenkomst persoonlijke beschermingsmiddelen,"Deze opdracht betreft het afsluiten van een raamovereenkomst voor de levering op afroep van persoonlijke beschermingsmiddelen (PBM).Deze opdracht omvat meerdere percelen.1. Perceel 1: wegwerphandschoenen;2. Perceel 2: voetbescherming;3. Perceel 3: veiligheidskledij;4. Perceel 4: hoofd-, oog-, gelaats- en gehoorbescherming;5. Perceel 5: handbescherming;6. Perceel 6: ademhalingsbescherming.",Worden aanbestedingen voor beschermingsmiddelen gesplitst naar type?,Task_3
89394,1,89394,SBB Meerjaren Raamovk's Gww & Groenwerken - Zuid-Westelijke Delta,"Staatsbosbeheer heeft ontvangen enkele opdrachten van het civiele bestuur om zich in te spannen voor de uitvoering van onder andere maatregelen in het kader van de Programmatische Aanpak Stikstof (aflopend), Natuurherstel t.g.v. de overmaat aan stikstofdepositie en de grootschalige aanleg van nieuw bos. Hiervoor worden 2 groepen meerjaren raamovereenkomsten aangegaan met in iedere groep raamovereenkomsten maximaal 14 aannemers. Op basis van die meerjaren raamovereenkomsten worden jaarlijks een aantal nadere opdrachten verstrekt. Zie voor opzet en procedures het Inschrijvingsdocument en de Bijlagen. Zie Inschrijvingsdocument; voor het totaal van de twee groepen ROk's  bedraagt dit +/- € 750.000,-- .",Aanbestedingen meerjaren raamovereenkomsten voor natuurherstel en stikstofreductie maatregelen,Task_1
28538,1,28538,Marktconsultatie - Marktconsultatie Boomveiligheidscontrole en inwinnen data ecosysteemdiensten,Gemeente Eindhoven is voornemens om de boomveiligheidscontrole te laten uitvoeren. Traditioneel worden de basis boomgegevens tijdens de boomveiligheidscontroles ingewonnen om de basis boomgegevens te actualiseren. De gemeente is voornemens om (tenminste eenmalig en mogelijk vaker/jaarlijks) de puntenwolken Street LiDAR en Aerial LiDAR aan opdrachtnemer beschikbaar te stellen om het inwinnen van basis boomgegevens (deels) te automatiseren. Daarnaast om het inwinnen van data over ecosysteemdiensten van diezelfde bomen in beeld te krijgen en te monitoren. Voor een verdere toelichting wordt verwezen naar het bijgevoegde marktconsultatiedocument.,informatie over automatiseren boomveiligheid met puntenwolken en ecosysteemdiensten,Task_2
133016,1,133016,"AF-9070-13-001n bis Nieuwbouw sportcomplex Bergenmeers, Destelbergen: deel uitrusting sporthal.","AF-9070-13-001n bis Nieuwbouw sportcomplex Bergenmeers, Destelbergen: deel uitrusting sporthal:— perceel 1: Scoreborden, klokken en schermen;— perceel 2: Turnmaterieel;— perceel 3: Sportmaterieel;— perceel 4: Ophijsbare scheidingsdoeken en elektrische basketbalinstallaties.",Zijn ophijsbare scheidingsdoeken en elektrische basketbalinstallaties onderdeel van sporthal aanbestedingen?,Task_3
84158,1,84158,Europees openbare aanbesteding Regiecentrale vervoerssysteem Jobinder (gemeenschappelijke regeling Mobiliteitsbureau Noordoost Fryslân),"Het doel van het Mobiliteitsbureau (hierna te noemen Aanbestedende dienst of 'de Opdrachtgever') met deze aanbesteding is het sluiten van één Overeenkomst met één (1) opdrachtnemer voor de operationele regie, adviserende en ondersteunende taken – de exploitatie van de Mobiliteitscentrale. 1",Ondersteuning en regie gezocht voor de exploitatie van mobiliteitscentrum.,Task_1
5878,1,5878,Gemeente IJsselstein - Aansprakelijkheidsverzekering,"De Aanbestedende dienst is gemeente IJsselstein. Gemeente IJsselstein is gevestigd in de Provincie Utrecht en heeft momenteel 33.492 inwoners. De verzekering dient met ingang van 1 januari 2024 dekking te bieden voor de aansprakelijkheid van de gemeente voor door derden geleden zaak-, personen en vermogensschade, inclusief de daaruit vloeiende gevolgschade.
De Aanbestedende dienst wenst voor de duur van twee (2) jaar een Overeenkomst af te sluiten met één (1) professionele en betrouwbare Ondernemer ten behoeve van de uitvoering van de
Dienst. Na het verstrijken van de initiële looptijd kan de overeenkomst twee (2) maal met twee (2) jaar worden verlengd na wederzijdse goedkeuring. Hierbij geldt een wederzijdse opzegtermijn van zeg (6) maanden. 0",Informatie over de duur en verlengingsmogelijkheden van gemeentelijke aansprakelijkheidsverzekeringen.,Task_2
110130,1,110130,Afmelden gegunde opdrachten DAS Rijkswaterstaat - periode 1-10-2021 t/m 31-12-2021,Afmelden gegunde opdrachten DAS Rijkswaterstaat - periode 1-10-2021 t/m 31-12-2021 (zie bijlage),Overheidsorganisaties rapporteren gegunde contracten in het laatste kwartaal van 2021.,Task_3
54751,1,54751,Waterkanonnen en Straalpijpen,Levering van Straalpijpen en Waterkanonnen,Zoek aanbieders van straalpijpen en waterkanonnen,Task_1
118710,1,118710,Bouwen van een stadskantoor en stadspark - lot 1 ruwbouw en afwerking.,"Het betreft de oprichting van een stadskantoor voor diverse gemeentelijke diensten van de stad Torhout: drie bouwlagen, technische ruimte en ondergrondse parking.",Welke specificaties heeft een nieuw gemeentelijk gebouw?,Task_2
11548,1,11548,"Best.nr. 2012_05_MDA_d Maasheggen, groot onderhoud poelen",Groot onderhoud aan poelen t.b.v. natuurwaarden in uiterwaardengebied Maas oostelijk Noord-Brabant.,Bevestigen aanbestedingen het belang van poelonderhoud voor natuurwaarden in uiterwaarden?,Task_3
134334,1,134334,"Huren en onderhoud van ziekenhuislinnen, onderhoud van beroepskledij en aankoop en onderhoud van een gecontroleerd kledingdistributiesysteem","Het Algemeen Ziekenhuis Sint-Maria te Halle wenst een overeenkomst met één leverancier af te sluiten voor de periode van 6 jaar (met de mogelijkheid om 2 maal met 1 jaar te verlengen) voor:
- de huur en het onderhoud van het ziekenhuislinnen;
- onderhoud van het linnen in eigendom van de opdrachtgever;
- het onderhoud van de beroepskledij en omlooppakken (eigendom van de opdrachtgever);
- aankoop, plaatsing, indienststelling en onderhoud van een gecontroleerd kledingdistributie-
  systeem (*).

Om een inschatting te kunnen maken van de grootte van de opdracht wordt volgende informatie over het ziekenhuis meegegeven: het ziekenhuis beschikt over 386 erkende bedden en zijn 8 operatiezalen. Er is beroepskledij  voorzien voor 1222 medewerkers en omloopkledij voor 245 medewerkers.

(*) Onder kledingdistributiesysteem wordt verstaan: 
- 2 onafhankelijke, gecontroleerde en gesloten sassen om toegang te verkrijgen tot het lokaal waarin de kledij hangt. De gebruiker krijgt door middel van een badge toegang tot het sas en komt via het sas in het lokaal met kledij. Na het nemen van de gepaste kledij verlaat de gebruiker het lokaal opnieuw via het sas. Zowel de ingangs- als uitgangsdeur van de sassen worden gecontroleerd.
- 3 kledinginnamesystemen: de inname systemen zijn op zichzelf staande systemen waarbij de medewerker de gedragen, vuile beroepskledij kan deponeren. Alle ingeleverde kledij wordt gescand en de kredieten van de medewerker worden geactualiseerd.
- Een kledinguitgifte- en innamesysteem voor het operatiekwartier. Dit wil zeggen: een gecontroleerd systeem voor uitgifte van gevouwen kledij, onderverdeeld in afgesloten compartimenten (per maat en per soort kledij), waarbij de toegang tot de compartimenten gebeurt aan de hand van een badge. De vuile kledij wordt verzameld in het bijhorend innamesysteem, waarbij alle ingeleverde kledij wordt gescand en de kredieten van de medewerker worden geactualiseerd.
- Een kledinguitgifte- en innamesysteem voor het dagziekenhuis. Dit wil zeggen: een gecontroleerd systeem voor uitgifte van gevouwen kledij, onderverdeeld in afgesloten compartimenten (per maat en per soort kledij), waarbij de toegang tot de compartimenten gebeurt aan de hand van een badge. De vuile kledij wordt verzameld in het bijhorend innamesysteem, waarbij alle ingeleverde kledij wordt gescand en de kredieten van de medewerker worden geactualiseerd.",Welke aanbestedingen behandelen linnenverzorging en geautomatiseerde kledingbeheersystemen voor zorg?,Task_1
105780,1,105780,Prestatiecontract instandhouding openbare verlichting en verkeersregelinstallaties 2018 - 2022,De Overeenkomst heeft betrekking op het meerjarig in stand houden van elektrotechnische installaties van de samenwerkende partijen Regio-Midden Nederland.,Aanbesteding meerjarig onderhoud elektrotechnische installaties regionale samenwerkingsverbanden,Task_2
1406,1,1406,BZ EA Diplomatieke diensten (transport en logistiek),"Het verzorgen van Diplomatieke diensten (transport en logistiek) via Diplomatic Cargo en diplomatic mail. De Opdrachtnemer verpakt en verzegelt deze vracht. Wij - als Opdrachtgever - voorzien de vracht van een immuniteitsverklaring. Diplomatic Cargo bestaat dus uit Zendingen, verpakt of verkist, die door de Opdrachtgever zijn verzegeld voorzien van benodigde vervoersdocumenten en immuniteitsverklaring. Met Diplomatic Mail bedoelen wij de Dienstverlening van luchtvaartmaatschappijen voor transport van diplomatieke Zendingen. De Zendingen zijn vooral postzakken en het transport loopt in de regel via DHL Express (Netherlands) B.V. Luchtvaartmaatschappijen geven deze Zendingen een aparte behandeling, waaronder toezicht en prioriteit. Diplomatic Mail bestaat uit brieven, documenten en kleinschalige goederen (inclusief elektronica) verpakt in postzakken die door ons als Opdrachtgever zijn verzegeld en voorzien van een immuniteitsverklaring.",Krijgen diplomatieke postzendingen een standaard behandeling van luchtvaartmaatschappijen?,Task_3
65167,1,65167,Renovatie UNS50 - niet openbaar - Werken,"Beschrijving van de OpdrachtHet vernieuwbouwen van de onderwijs-, onderzoeks- en kantoorruimten met complexe functies van de Universteit Maastricht op locatie Universiteitssingel 50, waarbij gedurende de vernieuwbouw de functies gedeeltelijk (installatietechnisch) in gebruik blijven met een minimum aan overlast voor de gebruikers van de overige ruimten. Doel en beoogd resultaat van de TenderHet doel van deze Tender is voor de vernieuwbouw van UNS50 het aangaan van een Overeenkomst met één partij.Hulp nodig?Voor vragen met betrekking tot deze aanbestedingssoftware kunt u terecht bij de helpdesk van Negometrix via https://support.negometrix.com/nl/support/home.",Aanbesteding herontwikkeling complexe onderwijs- en kantoorruimten tijdens gebruik.,Task_1
106129,1,106129,"Aanschaf, implementatie en beheer van een e-HRM systeem & Salarisverwerking","De opdracht kent de volgende globale omschrijving en kenmerken:
               · Leveren, onderhouden en doorontwikkelen van een volledige e-HRM oplossing gericht op de sector Rijk.
               · Implementeren van de e-HRM oplossing bij Zorginstituut Nederland.
               · Het verwerken van salarissen.
               · Een tweedelijns helpdesk ter beschikking te stellen.",Omschrijving van een HR-systeem voor de Rijksoverheid met salarisverwerking en helpdesk,Task_2
73747,1,73747,HNW kantoorinrichting meubilair,EP-Nuffic is voornemens een leverancier te contracteren voor de levering van de kantoorinrichting.,Opdrachtgevers zoeken leveranciers voor complete kantoorinrichting,Task_3
65952,1,65952,Europese openbare aanbesteding Begeleiding en Onderzoeken (startende) zelfstandigen.,"De gemeente Oldambt koopt externe expertise in voor het adviseren, ondersteunen en begeleiden van inwoners van de gemeente Oldambt die werkzaam zijn als zelfstandig ondernemer c.q. een eigen onderneming voeren en inwoners die als zodanig willen gaan werken. Op dit moment wordt deze dienstverlening aan onze inwoners (nog) aangeboden vanuit 2 afdelingen van de gemeente, namelijk Ruimte & Economie (R&E) en Werk & Inkomen (W&I). Dit vond destijds zijn oorsprong in enerzijds het uitvoeren van een 2-tal wettelijke regelingen door de toenmalige IGSD Oldambt en anderzijds het aanbieden van dienstverlening door de 3 afzonderlijke gemeenten Winschoten, Scheemda en Reiderland. De dienstverlening werd aangeboden vanuit de bestuurlijke wens om ondernemerschap te stimuleren en te faciliteren. De Aanbestedende partij streeft ernaar met ingang van 1 januari 2012 een overeenkomst af te sluiten met een bedrijf aan wie de opdracht is gegund.",Gemeentelijke aanbesteding voor begeleiding en advies aan ondernemers,Task_1
101966,1,101966,Functiekledij fietsteam Orida,"Raamovereenkomst 4 jaar, functiekledij fietsteam Orida.","Aanbesteding functiekledij voor fietsteam, vierjarige raamovereenkomst.",Task_2
118461,1,118461,Studie herinrichting N416 te Wichelen en Schoonaarde (kmpt. 5.975-7.57),"Het voorwerp van de opdracht is de studieopdracht ter herinrichting van de gewestweg N416 te Wichelen en Schoonaarde (Dendermonde), inclusief de aanleg van riolering en fietspaden. Het projectgebied wordt ten oosten begrensd door de grens van de bebouwde kom te Schoonaarde (kmpt. 5.975) en eindigt 200 m ten oosten van de schooltoegang tot GIBO De Meander te Wichelen (kmpt. 7.57).",Aanbesteding studie herinrichting weg omvat riolering en fietspaden?,Task_3
53611,1,53611,Formeel onderwijs in het kader van de WEB - Gemeente Haarlem,"De opdracht beslaat het gehele aanbod van formele educatietrajecten ter vergroting van taalvaardigheden in de arbeidsmarktregio Zuid-Kennemerland en IJmond. De basis voor een passend educatieaanbod wordt gelegd met de Regeling eindtermen educatie 2013.Voor de opdracht gelden de huidige groepen als indicatie voor de omvang. Het gaat om onderwijstrajecten van maximaal 20 lesweken op de volgende niveaus:
               — NT1 (0-F1),
               — NT1 (F1-F2),
               — NT2 (0-A1),
               — NT2 (A1-A2),
               — NT2 (A2-B1),
               — Voorbereiding Staatsexamen (I-II),
               — Rekenen+.
               De gemeente Haarlem (verder: opdrachtgever) nodigt u graag uit tot het doen van een inschrijving.",Zoek aanbestedingen voor onderwijstrajecten ter verbetering van taalvaardigheden en rekenen,Task_1
122210,1,122210,Nationaal niet-openbare aanbesteding Kloppend Hart Warmond,Het project Kloppend hart Warmond omvat de nieuwbouw van een brede school ten behoeve van drie basisscholen inclusief peuterspeelzaal en buitenschoolse opvang in combinatie met de verbouw van het bestaande cultureel centrum ‘Het Trefpunt’.,Details over project nieuwbouw onderwijs en kinderopvang plus renovatie cultuurcentrum,Task_2
105601,1,105601,"Aanleg, herstel en beheer databekabeling.",Zie Aanbestedingsleidraad VIA2018038IVHd.d. 24.8.2018.,Bevestigen aanbestedingen de publicatie van een leidraad op 24 augustus 2018?,Task_3
137098,1,137098,Raamovereenkomst levering gasolie industriële toepassingen extra en gasolie verwarming.,Raamovereenkomst levering gasolie industriële toepassingen extra en gasolie verwarming.,Zoek aanbestedingen voor de levering van gasolie voor industrie en verwarming.,Task_1
61575,1,61575,Leveren receptiediensten en commercieel beheer Lumax-bedrijfsverzamelgebouw,"De gemeente Utrecht is voornemens een overeenkomst af te sluiten met betrekking tot dienstverlening leveren receptiediensten en ondersteuning commercieel beheer voor wat betreft de dagelijkse gang van zaken in Lumax, Ondiep Zuidzijde 6. De gemeente is voornemens om aan één inschrijver de opdracht te gunnen. De gemeente gunt de opdracht aan de inschrijver met de meest voordelige inschrijving voor op basis van de beste prijs-kwaliteitverhouding.",Hoe worden aanbestedingen voor receptiediensten en commercieel beheer gegund?,Task_2
65347,1,65347,A09.01.2020 volwasseneneducatie,Het leveren van volwasseneneducatie op basis van de WEB.,Aanbestedingen voor volwasseneneducatie moeten voldoen aan specifieke wetgeving.,Task_3
88093,1,88093,"Vrijwillige publicatie voorgenomen onderhandelingsprocedure met 'Anywhere' software, Bloomberg","Deze aankondiging betreft een vrijwillige publicatie voorafgaand aan het starten van een onderhandelingsprocedure voor de opdracht van de verwerving van 'Anywhere' software van fabrikant Bloomberg.
De Aanbestedende dienst doet een beroep op artikel 2.32 lid 1 sub b van de Aanbestedingswet 2012. Het betreft hier de grond waarbij de opdracht om technische redenen of om redenen van bescherming van uitsluitende rechten slechts aan een bepaalde ondernemer kan worden toevertrouwd.

Opdrachtgever zal, zodra de wettelijke fatale termijn van 30 dagen, zoals bedoeld in artikel 4.15 lid 2 onder a. verstreken is, over gaan tot verstrekking van de opdracht aan Bloomberg LG voor het leveren van de licenties 'Anywhere'. het leveren van 4 licenties 'Anywhere' Bloomberg",Hoe een aanbesteding software licenties uitsluitend aan één partij gunnen?,Task_1
55647,1,55647,Marktconsultatie hulp bij het huishouden 2018 e.v.,"Marktconsultatie hulp bij het huishouden 2018 e.v.
               De gemeente Nieuwkoop is voornemens per 1.1.2018 een nieuw contract af te sluiten met aanbieders van hulp in het huishouden. Hiervoor wordt een inkoop traject in gang gezet. Om de aanbesteding goed te kunnen voorbereiden houden we eerst een marktconsultatie.",Waarom marktconsultatie organiseren voor aanbesteding huishoudelijke ondersteuning?,Task_2
86780,1,86780,Ontwerpteam nieuwbouw kantoorhuisvesting BAT,"Het ontwerpen van een grondgebonden, duurzaam gebouw met functie ‘kantoor’, adviseren over de sloop van het bestaande kantoorgebouw en het (her)ontwerpen van het terrein voor parkeren, stallingruimte voor (motor)rijtuigen en groen. De duurzaamheid binnen deze opgave richt zich op een Energieneutraal gebouw (ENG), circulariteit en klimaatadaptatie door het terrein maximaal te ontstenen, te zorgen voor voldoende koele plekken, groen en infiltratie- en bergingsruimte voor regenwater. 1",Is het mogelijk om een energieneutraal kantoorgebouw circulair te ontwerpen?,Task_3
11263,1,11263,Onderhoud watergangen 2012 Besteknr. SB-14-2012.,Onderhoud van watergangen binnen de gemeentgrenzen van de Gemeente Rijswijk.,Aanbestedingen gezocht voor onderhoud watergangen binnen gemeentelijke grenzen,Task_1
69181,1,69181,Onderzoek en meting wachtlijsten kinderopvang.,De wachtlijsten in de kinderopvang leiden tot zorg en ongemak bij werkende ouders. Voor arbeidsparticipatie is het van belang dat ouders die willen werken hun kinderen naar een kwalitatief goede opvang kunnen brengen. Niet alleen voor de arbeidsparticipatie maar ook voor de kwaliteit van de kinderopvang en de positie van de ouders is het van belang dat de wachtlijsten worden weggewerkt en er meer concurrentie ontstaat in de kinderopvangsector.,Analyse van impact wachtlijsten kinderopvang op ouders en arbeidsmarkt,Task_2
108300,1,108300,Belastingsysteem Overbetuwe/Lingewaard,"De gemeenten Overbetuwe en Lingewaard werken sinds 1.1.2017 samen bij de uitvoering van de belastingtaken. De huidige systemen die hiervoor worden gebruikt zijn aan het einde van hun contractperiode. Voor de verdere optimalisatie van de gezamenlijke belastingverwerking is de volgende stap het werken vanuit 1 belastingsysteem. Een aanbesteding is nodig, waarbij door de gemeente tevens wordt gestuurd op verbeteringen in termen van: geïntegreerde uitvoering door beide gemeenten (samenwerkingsfunctionaliteit), lagere gebruiks- en beheerkosten, betere rapportages, meer ruimte voor aanpassingen en innovatie en minder arbeidsintensieve uitvoering door verdergaande procesautomatisering (vooral van routinematige handelingen).Het doel is om uiteindelijk te komen tot een succesvolle aanbesteding van een nieuw belastingsysteem voor het taxeren, waarderen, heffen en innen van de belastingen. Hiervoor wil de gemeente Overbetuwe een overeenkomst afsluiten met 1 leverancier.",Een enkel belastingsysteem leidt tot lagere beheerkosten.,Task_3
128472,1,128472,Eigendommenverzekeringen van de Gemeenten Tytsjerksteradiel en Achtkarspelen.,Eigendommenverzekering.,Aanbesteding voor verzekering van onroerend goed en bezittingen,Task_1
136612,1,136612,Verbranding ontwaterd slib van RWZI Harelbeke,"De oproep tot kandidaten betreft een opdracht voor de afzet van ontwaterd slib van de RWZI Harelbeke. Aquafin beschikt over vastgelegde afzetwegen voor het ontwaterd slib van haar waterzuiveringsinstallaties. Aquafin is op zoek naar een alternatief voor de RWZI Harelbeke.
De RWZI Harelbeke is een belangrijke installatie voor de centralisatie van RWZI-slib in het kader van vergisten en ontwateren van slib van andere installaties van Aquafin. Om de gisting te optimaliseren ziet Aquafin twee mogelijkheden: een uitbreiding doen van de opslagcapaciteit voor ontwaterd slib zodat het weekend overbrugd kan worden en een nieuwe afzetweg voor het slib zoeken of een dienstverlener zoeken welke in het weekend  containers kan ophalen en verwerken. Dit laatste is beperkt en niet voor iedere dienstverlener mogelijk aangezien de dienstverlener over privédomein moet rijden om toegang te kunnen krijgen tot de containers in het weekend zonder op de RWZI Harelbeke (Kortrijksesteenweg 308 in Harelbeke) zelf te moeten komen. Andere creatieve oplossingen om de gistingsinstallatie in Harelbeke in het weekend vol te belasten, kunnen voorgesteld worden en zullen in alle redelijkheid met betrekking tot timing, totaalkost, haalbaarheid tot het bekomen van de nodige vergunningen, e.a. beoordeeld worden.   
De duur van de overeenkomst hangt af van de voorgestelde oplossing en bedraagt maximaal 6 jaar",Analyseer opties voor weekendverwerking van ontwaterd zuiveringsslib,Task_2
118163,1,118163,Aanleg van fietspaden en riolering langs N73,"De opdracht omvat hoofdzakelijk:1. L210092 Aanleg fietspaden en riolering N73:— voorbereidende werken en groenwerken,— het realiseren van een gescheiden rioolstelsel,— het aanleggen van fietspaden,— het leveren en plaatsen van definitieve signalisatie,— groenwerken,— onderhoud van de werken gedurende de waarborgperiode,2. R000841 Riolerings- en wegeniswerken Weverstraat, Reppelerweg en Bessenstraat— voorbereidende werken en groenwerken,— het realiseren van een gescheiden rioolstelsel,— het heraanleggen van de wegenis,— het leveren en plaatsen van definitieve signalisatie.",Aanleg van fietspaden is vaak gekoppeld aan rioleringswerken.,Task_3
115365,1,115365,Europese aanbesteding openbare procedure Multifunctionele Printers.,Levering van multifunctionele printers en aanverwante dienstverlening.,Zoek aanbestedingen voor printapparatuur en bijbehorende diensten.,Task_1
43227,1,43227,Raamovereenkomst voor de levering van vlees en gevogelte voor een periode van maximum 4 jaar,"Deze opdracht omvat het sluiten van een raamovereenkomst met 1 opdrachtnemer.

Om de opdrachtdocumenten te kunnen downloaden wordt u gevraagd een e-mailadres op te geven. Op dit e-mailadres zal alle eventuele communicatie gevoerd worden tijdens de gunningsprocedure, zoals daar zijn de eventuele vragen en antwoorden, ontbrekende pagina's of documenten,... Het is in uw belang dat u de opdrachtdocumenten via de link vermeld in het publicatiebericht downloadt en een geldig e-mailadres opgeeft.",Waarom is een e-mailadres belangrijk bij het downloaden van aanbestedingsdocumenten?,Task_2
51460,1,51460,"Marktconsultatie - Marktconsultatie Document Management Systeem, Record Management Applicatie & Zakenmagazijn","Gemeente Venray voert deze marktconsultatie uit om:• inzicht verkrijgen in de realiseerbaarheid van ons architectuurprincipe waarin de componenten afzonderlijk en gescheiden van elkaar ingezet kunnen worden.• advies te verkrijgen in de functionaliteiten van de componenten zodat deze meegenomen worden in de daadwerkelijke aanbesteding;• inzicht te verkrijgen in het aantal potentiële marktpartijen. Dit is bepalend voor de inkoopstrategie en de wijze van aanbesteden.TOELICHTING OP PROCEDURE:Deze publicatie is in beginsel alleen bedoeld voor het houden van een marktconsultatie.Iedere potentiële gegadigde mag meedoen aan de marktconsultatie. Afhankelijk van de uitkomst en interesse voor de consultatie wordt de uiteindelijk inkoopstrategie bepaald.T.z.t. zal de publicatie van de daadwerkelijke aanbesteding plaatsvinden. De planning zoals deze nu is opgenomen onder ""Termijnen"" is ter indicatie zodat de markt in hoofdlijnen kennis kan nemen van deze planning.",Is deze publicatie al een definitieve aanbesteding voor componenten?,Task_3
102810,1,102810,Archiefbeheersysteem Stadsarchief,"De onderhavige opdracht heeft samengevat betrekking op het leveren en succesvol implementeren van een archiefbeheersysteem voor digitale en niet-digitale archief-, beeld-, en bibliotheek collecties, waarmee logistiek- en metadatabeheer kan worden uitgevoerd en dat is toegerust voor het ter beschikking stellen van deze collecties aan medewerkers van de gemeente Rotterdam alsook aan burgers en bedrijven.",Welk systeem kan digitale en fysieke collecties beheren en ontsluiten?,Task_1
72166,1,72166,"Het leveren en in bedrijf stellen van 1 laser scanning confocale microscoop, inclusief de bijhorende software.","Het leveren en in bedrijf stellen van 1 laser scanning confocale microscoop, inclusief de bijhorende software.","Informatie over levering, installatie en software laser scanning confocale microscoop",Task_2
65101,1,65101,Marktconsultatie burgerzakenapplicatie,"Deze marktconsultatie dient ter voorbereiding op de voorgenomen aanbesteding burgerzakenapplicatie. Voorafgaand aan het opstellen van een onafhankelijke eisen- en wensenpakket, wil de gemeente Nijmegen via een marktconsultatie een beeld krijgen van de ontwikkelingen, mogelijkheden, beperkingen, kansen en risico's die de huidige markt te bieden heeft.Gemeente Nijmegen nodigt u uit om deel te nemen aan deze marktconsultatie.",Bevestigen aanbestedingen noodzaak voorafgaand marktonderzoek voor applicaties publieke dienstverlening?,Task_3
114013,1,114013,Marktconsultatie - Marktconsultatie landschapsbeheer (verwachte einddatum: 17-09-2021).,"Algehele coördinatie van projecten gericht op de hieronder vermelde groene regelingen;Organisatie en aansturing van veldcoördinatie t.b.v. diverse groene regelingen. Ondersteuning vrijwilligersgroepen.De algehele coördinatie heeft betrekking op de volgende groene regelingen:Subsidieregeling natuur Noord-Brabant, par 1 (Biodiversiteit en leefgebieden bedreigde soortenSubsidieregeling natuur Noord-Brabant, par 3 (Aanleg landschapselement en herstel cultuurhistorisch landschapselement)Subsidieregeling natuur Noord-Brabant, par 4 (Aanleg faunavoorzieningen gemeentewegen)Subsidieregeling Landschap Noord-Brabant (Stila)Adviseren over (mogelijke aanpassingen van) subsidieregelingenBeoordelen van aanvragen onder de subsidieregeling par 3 en StilaZorgen voor een loket voor aanvragers, veldcoordinatoren en gemeenten met vragen over de regelingen:- Par 3- StilaCoördineren inzet van veldcoördinatoren",Zoek aanbesteding voor coördinatie en beheer van milieusubsidieregelingen.,Task_1
105314,1,105314,Europese aanbesteding Financiële audit diensten,"De aanbestedende dienst, de Raad voor de rechtspraak, (verder de Rvdr) wil met deze openbare Europese aanbesteding bereiken, dat er, 1 dienstverlener wordt geselecteerd die in zijn behoefte aan accountancy en auditdienstverlening kan voorzien en garant staat voor een goede kwaliteit daarvan.",Aanbestedingen voor selectie één kwalitatieve dienstverlener accountancy en auditdienstverlening,Task_2
64066,1,64066,"Applicatie beheer, -onderhoud en -ontwikkeling van meerdere UWV Gegevensdiensten applicaties",Applicatiebeheer voor een keten van meerdere applicaties voor het polisdomein van UWV voor het onderdeel gegevensdiensten.,Beheer van complexe applicaties voor gegevensdiensten binnen de sociale zekerheid is een behoefte.,Task_3
103408,1,103408,Dienstverlening Packaging,"De Opdrachtgever voor deze aanbesteding is De Staat der Nederlanden, vertegenwoordigd door de Minister van Onderwijs, Cultuur en Wetenschap, voor deze: Dienst Uitvoering Onderwijs, vertegenwoordigd door de dg DUO.
               De aanbesteding wordt uitgevoerd ten behoeve van de Dienst Uitvoering Onderwijs (DUO). Het Inkoopuitvoeringscentrum Noord van OCW (IUC-Noord) treedt tijdens deze aanbesteding op als procesbegeleider.
               De gevraagde dienstverlening betreft Software Packaging, hiermee wordt bedoeld: het aanpassen of converteren van de installer van een bestaande applicatie zodat deze geschikt wordt voor software distributie, waardoor de applicatie automatisch, en zonder interactie van de gebruiker, kan worden geïnstalleerd of gestreamd.
               De aanbesteding bestaat uit één perceel. Inschrijvers worden uitgenodigd om een inschrijving in te dienen. Het doel is om met één opdrachtnemer een dienstverleningsovereenkomst af te sluiten.",Zoek aanbestedingen: applicaties geschikt maken voor automatische installatie,Task_1
19530,1,19530,Projectmedewerker informatievoorziening,Projectmedewerker informatievoorziening,Wat houdt de functie projectondersteuning informatiemanagement in?,Task_2
15004,1,15004,Opdracht voor het verstrekken van kredieten ter financiering van het bestuur.,"De te leveren diensten betreffen het verstrekken van kredieten ter financiering van het bestuur.De opdracht wordt opgedeeld in 2 percelen:— Perceel 1: Kortlopende financieringsbehoeften,— Perceel 2: Langlopende financieringsbehoeften.Perceel 1: Kortlopende financieringsbehoeften.WAGSO heeft als opdracht het realiseren van stedelijke ontwikkelingsprojecten. Het betreft de aankoop en ontwikkeling van gronden met daaropvolgend het verkopen van de uitgeruste grond. De korte termijnkredieten worden opgenomen ter financiering van de aankoop en uitrusting van onroerende goederen. Alle uitgaven met betrekking tot onroerende goederen kunnen worden gefinancierd.De kortlopende financieringen betreffen een overbruggingskrediet met een maximale looptijd van vijf (5) jaar op basis van rentevoeten van ten hoogste 1 jaar (Euribor 1 maand, 3 maand, 6 maand, 12 maand) voor een maximale totale som van 3 000 000 EUR. Er zijn vrije kapitaalaflossingen volgens de realisatie van de gefinancierde projecten. De intrestaflossingen volgen de periode van de rente-aanpassingen.Perceel 2: Langlopende financieringsbehoeften.WAGSO heeft eveneens als opdracht het beheren van het pandcomplex (openlucht winkelcentrum in het centrum van de stad Waregem) en daarbovenop heeft WAGSO op heden ook een tweetal gebouwen in eigendom. De langlopende kredieten zullen dienstig zijn ter financiering van investeringen die WAGSO dient uit te voeren aan alle bestaande en toekomstige gebouwen die WAGSO in beheer en/of eigendom heeft of verwerft. De langlopende kredieten hebben een looptijd van minimaal vijf (5) jaar en maximaal tien (10) jaar op basis van rentevoeten van ten hoogste 1 jaar (Euribor 3 maand, Euribor 12 maand), 5 jaar vast (IRS) of 10 jaar vast (IRS) voor een maximale totale som van 1 000 000 EUR. De kapitaalaflossingen gebeuren lineair en jaarlijks. De intrestaflossingen gebeuren trimesterieel. Telkens wordt bij een individuele kapitaalopname bepaald wat de looptijd van de desbetreffende financiering zal zijn.Algemeen.De opdracht wordt toegewezen voor een periode van 1 jaar. De individuele opnames binnen de kredieten gebeuren op afroep. De toewijzing van de opdracht geeft geen enkele zekerheid omtrent de totaliteit van de opnames en dit kan dan ook geen aanleiding geven tot enige schadevergoeding.Het bestuur kan aldus beslissen de kredieten geheel dan wel gedeeltelijk op te nemen.Het bestuur kan beslissen 1 dan wel beide percelen toe te wijzen. De percelen kunnen afzonderlijk worden toegewezen.",Zoek aanbestedingen met variabele rente voor vastgoedbeheer financiering.,Task_3
15008,1,15008,De financiering van de bouw van het dagverzorgingscentrum en uitbreiding woonzorgcentrum.,De financiering van de bouw van het dagverzorgingscentrum en uitbreiding woonzorgcentrum.,Aanbestedingen voor financiering van nieuwbouw dagverzorging en uitbreiding woonzorg,Task_1
18971,1,18971,Europese aanbesteding touchscreens PCPO.,"Europese aanbesteding levering, installatie en onderhoud van ongeveer 125 touchscreens voor vereniging PCPO Barendrecht en Ridderkerk.","Aanbesteding levering, installatie en onderhoud van ongeveer 125 touchscreens",Task_2
124049,1,124049,Raamovereenkomst Zwemwaterkwaliteit,"De Raamovereenkomst Zwemwaterkwaliteit wordt voor Rijkswaterstaat (RWS) het contract, waarmee biologische- en fysische waterkwaliteitgegevens worden ingewonnen om aan haar verplichtingen te voldoen voor de Europese zwemwaterrichtlijn en de Nederlandse wetgeving. De te verrichten werkzaamheden bestaan onder meer uit (zie verder het selectiedocument):",Aanbestedingen meten waterkwaliteit voor Europese en nationale wetgeving?,Task_3
105123,1,105123,E-HRM systeem met bijbehorende salarisdienstverlening,"Per 1 januari 2019 loopt de overeenkomst met de huidige leverancier voor de salarisdienstverlening en de levering van een HR systeem af. Deze aanbesteding moet leiden tot een nieuwe overeenkomst met één leverancier voor salarisdienstverlening en de gebruikersrechten voor een E-HRM systeem.
               De beoogde ingangsdatum voor de overeenkomst is 1 januari 2019. De overeenkomst heeft een initiële looptijd van 4 jaar met de mogelijkheid tot verlengen van 6 maal 1 jaar.
               Op deze aanbestedingsprocedure is de Aanbestedingswet 2012 van toepassing.
               Negometrix.
               Deze aanbesteding zal volledig digitaal via Negometrix geschieden. Voor instructies over het digitaal aanbieden in Negometrix wordt verwezen naar de volgende instructies:
               Instructie registreren op Negometrix.
               Instructie digitaal aanbieden.",Welke aanbestedingen bieden salarisdienstverlening en een HR systeem aan?,Task_1
18479,1,18479,Multi Moment Opname 2016 tijdstudie.,"Het, éénmalig in het jaar 2016, uitvoeren van een Multi Moment Opname tijdstudie. De tijdsmeting wordt alleen gedaan binnen de directies van het primair proces (Asiel en Bescherming, Regulier Verblijf en Nederlanderschap, Juridische Zaken en Dienstverlenen). Het doel is om hiermee inzicht te krijgen in de tijdsbesteding per product en/of activiteit. Na analyse van de uitkomsten kunnen door de Opdrachtgever vervolgens de kostprijzen per product en/of activiteit worden bepaald.",Aanbesteding voor tijdsbesteding analyse en kostprijsbepaling van diensten,Task_2
95916,1,95916,Integrale studentondersteuning (vh. schoolmaatschappelijk werk),Ondersteuning voor de student.De (integrale) ondersteuning heeft betrekking op:1) onderwijsondersteunende vragen – passend onderwijs;2) vragen vanuit de opgroei- en sociale omgeving van de jongeren. Deze vraagstukken kunnen de studieloopbaan belemmeren of negatief beïnvloeden;3) vraagstukken op het gebied van (studie)loopbaan en perspectief.Deze 3 ondersteuningsgebieden worden altijd integraal en in samenhang aangepakt. Voor de student is bij aanvang niet duidelijk bij welk ‘loket’ van het Plusteam hij moet zijn. Daarom worden ondersteuningsvragen van studenten collectief en samenhangend/integraal vanuit de ondersteuningsteams (Plusteams) opgepakt.,"Studentenondersteuning: onderwijs-, sociale en loopbaanvragen integraal aanpakken",Task_3
100909,1,100909,Verwerven en verwerken van schroot,"Het verwerven en verwerken van schroot ingezameld op de ILvA-recyclageparken. Het verwerven van het afval gebeurt op het door de inschrijver opgegeven adres na het vervoer door ILvA.Het in dit bestek behandelde schroot wordt na inzameling voor verwerving en verwerking aangeboden niet opgesplitst in verschillende fracties zodat het over een stroom gemengde metalen gaat. Deze opdracht omvat 15 percelen, overeenstemmend met de verwerving en de verwerking na afvoer per recyclagepark.",Opdracht voor opkopen en verwerken van ingezameld gemengd metaalafval.,Task_1
83539,1,83539,Inhuur surveillanten,"De aan te besteden opdracht wordt als volgt gedefinieerd:
Het op aanvraag invullen van de flexibele inhuurvragen van VOBO op het gebied van surveillanten. De maximale omvang van de opdracht is €240.000 inclusief btw over vier jaar. De omvang van de opdracht is zo nauwkeurig mogelijk bepaald. Indien de opgegeven omvang eerder wordt gerealiseerd dan de einddatum van de raamovereenkomst wordt de opdracht (voortijdig) opnieuw aanbesteed. Aan dit bedrag kunnen geen rechten worden ontleend.",Wat is de maximale omvang en looptijd van flexibele inhuur surveillanten?,Task_2
46882,1,46882,Herstelling vuurhaard.,Herstellingen vuurhaard verbrandingsoven huishoudelijk afval.,Aanbestedingen voor herstelwerkzaamheden brandhaard afvalverbrandingsinstallatie huisvuil,Task_3
114271,1,114271,Standaard Kantoormeubilair t.b.v. Reclassering Nederland,"De opdracht bestaat uit het leveren van standaard kantoormeubilair voor alle locaties van Reclassering Nederland. Daarnaast verwacht Reclassering Nederland dat er dienstverlening in de zin van montage, demontage en correctief onderhoud aan nieuw gekocht en bestaand meubilair geleverd wordt.",Aanbesteding voor levering standaard kantoormeubilair inclusief montage en onderhoud.,Task_1
79555,1,79555,Levering van 6 gelijkrichterstations.,"Het leveren van 6 gelijkrichterstations, verdeeld over 3 percelen, die niet tegelijkertijd op de markt zullen komen.","Zoek aanbesteding voor levering stroomconversiesystemen, verdeeld over percelen, gefaseerd.",Task_2
83639,1,83639,DAS Waterlopen Emmen/Sleen,DAS Waterlopen Emmen/Sleen,Regionaal waterbeheer vraagt continue aanbestedingen voor onderhoud.,Task_3
68381,1,68381,Reiniging en Inspectie riolering gemeente Arnhem.,Reinigen van rioleringen.Inspecteren van rioleringen.Reinigen van kolken en lijngoten.Inspecteren van kolken en lijngoten.Frezen van riolen.Afvoeren en verwerken van RKG-slib.Afvoeren van freesmateriaal.Doorspuiten van huisaansluitingen.Verkeersmaatregelen.,"Aanbestedingen voor onderhoud, reiniging en inspectie van riolering en kolken.",Task_1
115498,1,115498,Het in het werk brengen van doelvoorstellingsapparatuur op schietbaan AT4 op de schietinrichting ISK te Harskamp.,De levering omvat het leveren en het in het werk brengen van doelvoorstellingsinstallaties op de schietbaan AT4 van het Infanterie Schietkamp te Harskamp.,Informatie over levering en installatie van trainingsdoelen op een militaire schietbaan,Task_2
24348,1,24348,Prinses Amaliaviaduct Maasvlakte.,"In verband met de beperkte verkeersintensiteiten in de eerste jaren na de commerciële openstelling van Maasvlakte 2, is bij de eerste aanleg gekozen voor een gelijkvloerse kruising op de Maasvlakteweg ter hoogte van de Prinses Amaliahaven. Ter hoogte van deze kruising komen verschillende wegen samen (Maasvlakteweg, Prinses Maximaweg, Maasvlakteboulevard en de Amoerweg) waarbij tevens gelijkvloers een spoorlijn, een leidingenstrook en een toekomstige Container Exchange Route (CER) worden gekruist.
Met de toenemende bedrijvigheid op Maasvlakte 2 zullen ook de verkeersstromen toenemen. Ten behoeve van een toekomst vaste bereikbaarheid van de containerterminals zal HbR de gelijkvloerse kruising vervangen door een ongelijkvloerse kruising, het Prinses Amaliaviaduct. Daarbij dient tevens de Maasvlakteweg over circa 5 km tussen het Maximaviaduct en het toekomstig knooppunt G verbreed te worden van 2 x 1 naar 2 x 2 rijstroken. Een overzichtstekening van het Prinses Amaliaviaduct en de ui...",Aanbestedingen over vervanging gelijkvloerse kruisingen wegens toenemend verkeer,Task_3
79689,1,79689,118551 — 813 — ICT — technisch applicatiebeheerder m.b.t. het Linux platform.,"Gemeente Amsterdam heeft regelmatig behoefte aan externe inhuur van diverse expertise en capaciteit. Gemeente Amsterdam nodigt geïnteresseerde Ondernemers voor de vakgebieden uit om zich te registreren op het CTM platform en aan te melden voor het platform Externe inhuur. Ondernemers kunnen zich aanmelden voor 1 of meerdere vakgebieden binnen. Zodra gemeente Amsterdam behoefte heeft aan externe inhuur, wordt de offerteaanvraag in het platform Externe inhuur uitgezet. Ondernemers kunnen zich aanmelden voor de het platform Externe inhuur conform de minimaal gestelde eisen. Aan de toelating kan geen recht op opdrachten worden ontleend.Het platform Externe inhuur voor externe inhuur heeft betrekking op functies in de volgende vakgebieden (onder voorbehoud van ontwikkelingen/uitbreidingen): — arbo, — (bouw) technisch, — communicatie, — facilitair, — financieel, — personeel en organisatie, — ICT, — inkoop, — interim management en advies, — juridisch.",Hoe werkt registratie voor externe inhuur bij publieke organisaties?,Task_1
1686,1,1686,Raamovereenkomst Levering Fiets- en Voetgangersgegevens,"De aanbesteding betreft de opdracht voor: 
Raamovereenkomst Levering Fiets- en Voetgangersgegevens; gemeten met wegkant gebonden inwinning. 

De inwinning dient te geschieden middels locatie gebonden apparatuur zoals camera’s of detectielussen. Niet locatie gebonden inwinning zoals inwinning via apps valt niet onder deze scope. 

NDW heeft voor de openbare procedure gekozen om de volgende redenen:
• het streven is om met alle leveranciers die voldoen aan de gestelde uitsluitingsgronden, minimumeisen en geschiktheidseisen voor gunning een Raamovereenkomst Levering Fiets- en Voetgangersgegevens aan te gaan;    
• de inschrijvingslast voor deelname aan de Raamovereenkomst Levering Fiets- en Voetgangersgegevens voor de markt beperkt is. Het aantal Offerteaanvragen en Opdrachten dat onder de Raamovereenkomst Levering Fiets- en Voetgangersgegevens zal worden uitgezet, is momenteel moeilijk in te schatten. De behoefte bij de NDW partners aan structurele inwinning van met name fietsgegevens is groeiende en meerdere partners hebben aangegeven om de inkoop van deze gegevens door NDW te laten verzorgen. De verwachting is dat er jaarlijks één tot vier Minicompetities onder deze Raamovereenkomst Levering Fiets- en Voetgangersgegevens uitgevraagd worden. De maximale waarde van deze Raamovereenkomst bedraagt € 7.000.000,00 exclusief BTW. 

De genoemde aantallen Minicompetities zijn indicatief. Hieraan kunnen geen rechten worden ontleend.",Uitleg aanbesteding inzameling weggebonden fiets- en voetgangersdata,Task_2
58319,1,58319,Schoonmaak schoolgebouwen.,"Resultaatgerichte schoonmaak van schoolgebouwen, exclusief de schoonmaak van ramen.",Aanbestedingen die school schoonmaak exclusief raamreiniging specificeren?,Task_3
11770,1,11770,EG.dig.jeugddossiers/LK - Digitalisering Jeugddossiers GGD West-Brabant en GGD Hart voor Brabant.,"De GGD West-Brabant en de GGD Hart voor Brabant hebben besloten om alle documenten over contactmomenten in een digitaal jeugddossier op te nemen. GGD West Brabant heeft in 2011 al de dossiers van de geboortecohorten 2001 t/m 2006 gedigitaliseerd. GGD West Brabant is voornemens om de digitalisering van jeugddossiers verder vorm te geven. GGD Hart voor Brabant heeft nog niet eerder jeugddossiers laten digitaliseren.De GGD West-Brabant en GGD Hart voor Brabant willen de jeugddossiers digitaliseren teneinde de opslag, terugvindbaarheid en hiermee het werken met de dossiers te verbeteren en te vereenvoudigen met inachtneming van geldende wettelijke voorschriften.",Aanbestedingen voor digitalisering jeugddossiers ter verbetering opslag en terugvindbaarheid.,Task_1
49494,1,49494,Berenplaat HDP I — sloop civiel en WTB.,Sloopwerkzaamheden civiel en WTB van een hoge druk pompstation op de locatie Berenplaat van Evides NV.,Beschrijving van sloopwerkzaamheden civiel en WTB hogedruk pompstation,Task_2
7503,1,7503,Levering Aardgas - Midwaste,Bij deze doen wij u een offerteaanvraag voor levering aardgas aan diverse leden van Coöperatieve Vereniging Midwaste Milieu UA (verder Midwaste) toekomen. Het betreft een meervoudig onderhandse aanbestedingsprocedure voor de levering van aardgas per 1 januari 2024 aan de in de tabel opgenomen Midwaste leden (zie bijlage). De Aanbestedende Dienst verzoekt u via deze weg (de berichtenmodule) uw interesse voor deelname 22 juli 2023 aan deze opdracht kenbaar te maken.,Zijn er aanbestedingen waarbij gaslevering via een onderhandse procedure plaatsvindt?,Task_3
17597,1,17597,Eigendommenverzekering gemeente Terneuzen.,Eigendommenverzekering gemeente Terneuzen.,Welke aanbestedingen zijn er voor gemeentelijke vastgoedverzekering?,Task_1
43821,1,43821,Aanstelling van een externe dienst voor preventie en bescherming op het werk,"Aanstelling van een externe dienst voor preventie en bescherming op het werk, voor een periode van 60 maanden",Wat houdt de aanstelling in van een externe preventiedienst?,Task_2
2805,1,2805,Oplossing voor en doorontwikkeling van een multisite omgeving inclusief webhosting en beheer,"Deze aanbestedingsprocedure betreft de selectie van een ondernemer voor de levering van een oplossing en doorontwikkeling van een multisite omgeving inclusief de webhosting, ondersteuning, het beheer van de online omgeving en online marketing voor het Programmabureau Zuid-Limburg Bereikbaar.",Aanbestedingen die webhosting en doorontwikkeling van online omgevingen omvatten?,Task_3
13350,1,13350,"Woon- en ZorgCentrum, Centrum voor DagVerzorging, Kinderdagverblijf SINT-PIETERSMOLENWIJK - Nieuwbouw","Woon- en ZorgCentrum, Centrum voor DagVerzorging, Kinderdagverblijf SINT-PIETERSMOLENWIJKPerceel 32B - Gangverlichting-koppeling verpleegoproep",Aanbesteding integratie gangverlichting met verpleegoproepsysteem voor zorginstellingen,Task_1
118082,1,118082,Dagvers en ontkoppeld koken voor de vzw Óscar Romeroscholen,"De raamovereenkomst omvat het leveren van koude en warme maaltijden aan de vzw Óscar Romeroscholen.De overeenkomst is onderverdeeld in 3 percelen.– perceel 1: dagvers koken met kok ter plaatse – regio 1,– perceel 2: Ontkoppeld koken – regio 2,– perceel 3: ontkoppeld koken – regio 3.",Welke methoden voor maaltijdlevering omvatten koken op locatie en bezorging?,Task_2
39883,1,39883,Openbare Europese aanbesteding MS Office 2013 licenties.,Het doel van deze aanbesteding is om 300 standaard MS Office 2013 licenties en 150 standaard MS Office 2013 licenties inclusief Software Assurance aan te schaffen.,Bevestigen aanbestedingen de aanschaf van 450 kantoorsoftware licenties?,Task_3
48457,1,48457,Vastgoedmanagementsysteem,Vastgoedmanagementsysteem,Hoe kan ik mijn vastgoedportefeuille efficiënt en centraal beheren?,Task_1
11346,1,11346,[1-026-12] Op afroep en naar behoefte leveren van betonnen rioleringmateriaal.,Het gedurende de periode vanaf 1.12.2013 tot en met 30.11.2015 op afroep en naar behoefte leveren van betonnen riolering in de gemeente Rotterdam (bestek nr. 1-026-12).,Zoek aanbestedingen: levering van betonnen riolering op afroep in stedelijke omgeving.,Task_2
66556,1,66556,Uitrukkleding tbv de brandweer.,"De gemeenten Alkmaar, Heiloo, Heerhugowaard, Hoorn, Langedijk en Schermer wensen een overeenkomst af te sluiten voor de periode van 7 jaar voor de levringen van uitrukkleding tbv de brandweer.",Bevestigen aanbestedingen langdurige contracten voor brandweerkleding door gemeenten?,Task_3
121495,1,121495,Aangaan van leningen dienstjaar 2011.,Aangaan van leningen dienstjaar 2011.,Aanbestedingen voor het verkrijgen van leningen in 2011,Task_1
27580,1,27580,Erratum beheer IMDMS/MV90.,"Dit dossier betreft het beheer, hieronder verstaan we correctief en evolutief onderhoud (maintenance) van:
               — IMDMS (Independent Meter Data Management System);
               — MV90 (toepassing voor het verwerven van telegelezen gegevens van meters geplaatst op het net);
               — randapplicaties;
               — infrastructuur (servers, Operating System, database, datatransmissie);
               — de interfacing van IMDMS en randapplicaties met andere applicaties en met de systemen van en naar andere partijen.",Wat houdt het onderhoud van metersystemen en IT-infrastructuur in?,Task_2
52359,1,52359,Uitvoering omslagstelsel Rijkswagenpark.,"De opdracht behelst het verrichten van de schadeafwikkelingsdiensten ten behoeve van het Rijkswagenpark in het kader van het omslagstelsel Rijkswagenpark.
In de Wet aansprakelijkheidsverzekering motorrijtuigen (Wam) wordt in artikel 2 verplicht een WA verzekering af te sluiten voor, kort gezegd, motorrijtuigen. Artikel 17 van dezelfde wet geeft een uitzondering van deze verzekeringsplicht voor de staat. Hiermee wordt uitvoering gegeven aan het principe dat de staat zich niet verzekert. Om te voorkomen dat een onderdeel van de staat erg hard wordt geraakt bij een zwaar ongeval is het omslagstelsel ingericht. Voor iedere auto van een aan het omslagstelsel deelnemend ministerie of dienstonderdeel wordt een maandelijks bedrag „ingelegd” in het stelsel en het stelsel keert uit bij ongevallen. Daarmee is het stelsel voor een gebruiker vergelijkbaar met een verzekering. In de huidige situatie is BSA Schaderegeling BV te Zoetermeer de uitvoerder van de overeenkomst die op 31.12.2017 e...",Aanbestedingen over schaderegeling wagenpark overheid zonder verzekering?,Task_3
47074,1,47074,Inhuren van BICC-profielen voor het RETIBO project.,Inhuren van BICC-Profielen voor het Project Retibo.,Waar kan ik BICC-profielen inhuren voor een project?,Task_1
52375,1,52375,Beleidsadviseur Wonen,Beleidsadviseur Wonen 24-32 uur per week tot 01-09-2017,"Informatie over deeltijd beleidsfunctie wonen, tijdelijk van aard",Task_2
25880,1,25880,"Herpublicatie — aankoop, installatie en onderhoud gasstroomtellers.","Deze opdracht omvat de aankoop, de installatie en het onderhoud van 2 nieuwe analysetoestellen voor de bepaling van de totale alfa-/bèta-activiteit. De mogelijkheid bestaat dat, na evaluatie van de toestellen, in 2018 een derde toestel aangekocht kan worden.",Bevestigen aanbestedingen de aankoop van meer dan twee analysetoestellen?,Task_3
47399,1,47399,2013/AFM/OA/24857 - Levering van aardgas voor de gasverbruikers van de Vlaamse overheid en de lokale overheden.,Levering van aardgas voor de gasverbruiksinstallaties van de Vlaamse overheid en de lokale overheden.,Wie levert aardgas aan installaties van de publieke sector?,Task_1
51012,1,51012,Marktconsultatie — marktconsultatie — Utrecht — SAP Beheer.,Marktconsultatie SAP-beheer.,Uitleg over marktverkenning voor beheer van bedrijfssoftware.,Task_2
135699,1,135699,Aankoop van 2 tankwagens 8.000 liter 4x4,"Momenteel zijn er 2 tankwagens 8.000 liter 4x4 met een leeftijd van ongeveer 19 jaar. Gezien hun leeftijd willen wij beide voertuigen vervangen door een nieuw voertuig. Deze voertuigen zullen ingezet worden voor waterleveringen bij brand, reiniging van openbare weg en voor de waterbevoorrading bij bosbranden.",Worden oude brandbestrijdings- en reinigingsvoertuigen momenteel vervangen door nieuwe exemplaren?,Task_3
103404,1,103404,Afvoeren van grondstoffen,De Opdracht betreft het afvoeren van grondstoffen van de deelnemende locaties van Stichting Carmelcollege.,Wie kan grondstoffen afvoeren van meerdere onderwijslocaties?,Task_1
16041,1,16041,Bouwen van een Lucerna college - lot HVAC.,Bouwen van een Lucerna college - Lot HVAC.,"Informatie over aanbesteding verwarming, ventilatie en airconditioning schoolgebouw",Task_2
38245,1,38245,Oude Winschoterdiep Kadeherstel,Het ontwerpen en aanbrengen en/of herstellen van kademuren,"Aanbestedingen voor ontwerp, aanleg en herstel van waterbouwkundige werken?",Task_3
397,1,397,Grondverwerver/ Gebiedsmakelaar glastuinbouw,Opdracht voor externe inhuur voor een termijn van 12 maanden met een optie van twee maal een verlenging van 12 maanden.,Welke aanbestedingen bieden externe inhuur met flexibele verlengingsopties van twaalf maanden?,Task_1
194,1,194,Landelijk - Facilitair Netbeheerder (FNB) diensten,"Leveren van diensten Facilitair Netbeheer en Rail Meetverantwoordelijke (Diensten FNB-RMV) ten behoeve van het faciliteren van Vrije Leverancierskeuze (VLK) voor gemeten tractie-energie voor spoorvervoerders. De FNB/RMV-diensten stellen ProRail in staat om deel te nemen aan het elektronisch berichtenverkeer van de elektriciteitsmarkt. Daardoor kunnen gemeten verbruiksvolumes van vervoerders met de marktpartijen gecommuniceerd worden en dat stelt de vervoerders in staat om voor hun gemeten verbruik een eigen leverancier te kiezen. De diensten zijn een essentieel onderdeel van de “machinerie” die nodig is om VLK mogelijk te maken.

Zie leidraad en vraagspecificatie Zie leidraad",Hoe functioneert vrije leverancierskeuze voor tractie-energie bij spoorvervoerders?,Task_2
16837,1,16837,"Vervangingsnieuwbouw voor 105 woongelegenheden woonzorgcentrum, 10 kortverblijf en 15 eenheden dagverzorgingcentrum na sloping bestaande bebouwing, LOT 6a: Aluminium buitenschrijnwerk.","Vervangingsnieuwbouw voor 105 woongelegenheden woon-zorgcentrum, 10 kortverblijf en 15 eenheden dagverzorgingscentrum na sloping bestaande bebouwing, lot 6 a aluminium buitenschrijnwerk.",Aanbestedingen buitenschrijnwerk aluminium voor vervangingsnieuwbouw zorgcomplex na sloop.,Task_3
32135,1,32135,"Raamovereenkomst onderhoud bomen, Wijdemeren.",Het werk bestaat in hoofdzaak uit:- het verwijderen van bomen en stobben;- het snoeien van bomen;- het verrichten van grondwerkzaamheden;- het opbreken van verhardingen;- het aanbrengen van verhardingen;- het verrichten van werkzaamheden van algemene aard.,"Zoek aanbestedingen voor boomverwijdering, snoeiwerk, grondwerk en werk aan verhardingen.",Task_1
126942,1,126942,EA Kantoormeubilair.,Leveren van kantoormeubilair.,Aanbestedingen voor de levering van kantoormeubilair,Task_2
86524,1,86524,Reisarrangementen ten behoeve van missies,"Deze opdracht betreft het organiseren van (onderdelen van) Reisarrangementen en/of vervoer door een Reisagent ten behoeve van (zakelijke) groepen die deelnemen aan Uitgaande missies en/of Inkomende missies. Perceel 1 - Inkomende missies: € 4.900.500,-
Perceel 2 - Uitgaande missies: € 4.152.000,-
Perceel 3 - Reizen met fullservice dienstverlening: € 3.600.000,-",Bevestigen aanbestedingen hogere budgetten voor inkomende groepsreizen dan uitgaande?,Task_3
63099,1,63099,Snelle DNA-straat Limburg,Meerjarige pilot op het gebied van versnelde DNA-analyse ten behoeve van de politie.,Hoe kan DNA-analyse sneller voor opsporingsdiensten?,Task_1
